/*******************************************************************************
 * Size: 48 px
 * Bpp: 4
 * Opts: --font /fonts/Roboto-Regular.ttf -o /fonts/roboto_regular_48_4_data.c --size 48 --bpp 4 --format lvgl --no-compress --range 0x20-0x7F
 ******************************************************************************/

#ifdef __has_include
    #if __has_include("lvgl.h")
        #ifndef LV_LVGL_H_INCLUDE_SIMPLE
            #define LV_LVGL_H_INCLUDE_SIMPLE
        #endif
    #endif
#endif

#ifdef LV_LVGL_H_INCLUDE_SIMPLE
    #include "lvgl.h"
#else
    #include "lvgl/lvgl.h"
#endif



#ifndef ROBOTO_REGULAR_48_4_DATA
#define ROBOTO_REGULAR_48_4_DATA 1
#endif

#if ROBOTO_REGULAR_48_4_DATA

/*-----------------
 *    BITMAPS
 *----------------*/

/*Store the image of the glyphs*/
static LV_ATTRIBUTE_LARGE_CONST const uint8_t glyph_bitmap[] = {
    /* U+0020 " " */

    /* U+0021 "!" */
    0x1f, 0xff, 0xf7, 0x0f, 0xff, 0xf7, 0x0f, 0xff,
    0xf7, 0x0f, 0xff, 0xf6, 0x0f, 0xff, 0xf6, 0x0f,
    0xff, 0xf6, 0x0f, 0xff, 0xf6, 0x0f, 0xff, 0xf6,
    0x0f, 0xff, 0xf5, 0x0f, 0xff, 0xf5, 0x0f, 0xff,
    0xf5, 0x0e, 0xff, 0xf5, 0x0e, 0xff, 0xf5, 0x0e,
    0xff, 0xf4, 0x0e, 0xff, 0xf4, 0x0e, 0xff, 0xf4,
    0x0d, 0xff, 0xf4, 0x0d, 0xff, 0xf3, 0x0d, 0xff,
    0xf3, 0x0d, 0xff, 0xf3, 0x0c, 0xff, 0xf3, 0x0c,
    0xff, 0xf3, 0x0c, 0xff, 0xf2, 0x0c, 0xff, 0xf2,
    0x07, 0xaa, 0xa1, 0x00, 0x00, 0x00, 0x00, 0x00,
    0x00, 0x00, 0x00, 0x00, 0x00, 0x00, 0x00, 0x05,
    0xef, 0xc1, 0x0f, 0xff, 0xfb, 0x3f, 0xff, 0xfe,
    0x1f, 0xff, 0xfb, 0x05, 0xef, 0xc1,

    /* U+0022 "\"" */
    0x7a, 0xa5, 0x00, 0x4a, 0xa8, 0xcf, 0xf8, 0x00,
    0x7f, 0xfd, 0xcf, 0xf8, 0x00, 0x7f, 0xfd, 0xcf,
    0xf8, 0x00, 0x7f, 0xfd, 0xcf, 0xf7, 0x00, 0x7f,
    0xfc, 0xcf, 0xf5, 0x00, 0x7f, 0xfa, 0xcf, 0xf4,
    0x00, 0x7f, 0xf9, 0xcf, 0xf3, 0x00, 0x7f, 0xf8,
    0xcf, 0xf1, 0x00, 0x7f, 0xf6, 0xcf, 0xf0, 0x00,
    0x7f, 0xf5, 0xcf, 0xf0, 0x00, 0x7f, 0xf4, 0xcf,
    0xd0, 0x00, 0x7f, 0xf2,

    /* U+0023 "#" */
    0x00, 0x00, 0x00, 0x00, 0x00, 0x0e, 0xff, 0x70,
    0x00, 0x00, 0x5f, 0xff, 0x00, 0x00, 0x00, 0x00,
    0x00, 0x00, 0x01, 0xff, 0xf4, 0x00, 0x00, 0x08,
    0xff, 0xc0, 0x00, 0x00, 0x00, 0x00, 0x00, 0x00,
    0x5f, 0xff, 0x00, 0x00, 0x00, 0xcf, 0xf9, 0x00,
    0x00, 0x00, 0x00, 0x00, 0x00, 0x08, 0xff, 0xd0,
    0x00, 0x00, 0x0f, 0xff, 0x60, 0x00, 0x00, 0x00,
    0x00, 0x00, 0x00, 0xbf, 0xfa, 0x00, 0x00, 0x02,
    0xff, 0xf3, 0x00, 0x00, 0x00, 0x00, 0x00, 0x00,
    0x0e, 0xff, 0x70, 0x00, 0x00, 0x5f, 0xff, 0x00,
    0x00, 0x00, 0x00, 0x00, 0x00, 0x01, 0xff, 0xf4,
    0x00, 0x00, 0x08, 0xff, 0xd0, 0x00, 0x00, 0x00,
    0x00, 0x00, 0x00, 0x4f, 0xff, 0x10, 0x00, 0x00,
    0xbf, 0xfa, 0x00, 0x00, 0x00, 0x00, 0x00, 0x00,
    0x07, 0xff, 0xe0, 0x00, 0x00, 0x0e, 0xff, 0x60,
    0x00, 0x00, 0x01, 0x44, 0x44, 0x44, 0xcf, 0xfc,
    0x44, 0x44, 0x45, 0xff, 0xf7, 0x44, 0x44, 0x00,
    0x6f, 0xff, 0xff, 0xff, 0xff, 0xff, 0xff, 0xff,
    0xff, 0xff, 0xff, 0xff, 0xf0, 0x06, 0xff, 0xff,
    0xff, 0xff, 0xff, 0xff, 0xff, 0xff, 0xff, 0xff,
    0xff, 0xff, 0x00, 0x6f, 0xff, 0xff, 0xff, 0xff,
    0xff, 0xff, 0xff, 0xff, 0xff, 0xff, 0xff, 0xf0,
    0x00, 0x00, 0x00, 0x07, 0xff, 0xe0, 0x00, 0x00,
    0x0e, 0xff, 0x70, 0x00, 0x00, 0x00, 0x00, 0x00,
    0x00, 0xaf, 0xfb, 0x00, 0x00, 0x01, 0xff, 0xf4,
    0x00, 0x00, 0x00, 0x00, 0x00, 0x00, 0x0d, 0xff,
    0x80, 0x00, 0x00, 0x4f, 0xff, 0x00, 0x00, 0x00,
    0x00, 0x00, 0x00, 0x00, 0xff, 0xf5, 0x00, 0x00,
    0x07, 0xff, 0xd0, 0x00, 0x00, 0x00, 0x00, 0x00,
    0x00, 0x3f, 0xff, 0x10, 0x00, 0x00, 0xbf, 0xfa,
    0x00, 0x00, 0x00, 0x00, 0x00, 0x00, 0x06, 0xff,
    0xe0, 0x00, 0x00, 0x0e, 0xff, 0x70, 0x00, 0x00,
    0x00, 0x00, 0x00, 0x00, 0xaf, 0xfb, 0x00, 0x00,
    0x01, 0xff, 0xf4, 0x00, 0x00, 0x00, 0x00, 0x00,
    0x00, 0x0d, 0xff, 0x80, 0x00, 0x00, 0x4f, 0xff,
    0x10, 0x00, 0x00, 0x03, 0xff, 0xff, 0xff, 0xff,
    0xff, 0xff, 0xff, 0xff, 0xff, 0xff, 0xff, 0xff,
    0x30, 0x3f, 0xff, 0xff, 0xff, 0xff, 0xff, 0xff,
    0xff, 0xff, 0xff, 0xff, 0xff, 0xf3, 0x03, 0xff,
    0xff, 0xff, 0xff, 0xff, 0xff, 0xff, 0xff, 0xff,
    0xff, 0xff, 0xff, 0x30, 0x04, 0x44, 0x44, 0xbf,
    0xfc, 0x44, 0x44, 0x45, 0xff, 0xf7, 0x44, 0x44,
    0x40, 0x00, 0x00, 0x00, 0x0c, 0xff, 0x80, 0x00,
    0x00, 0x4f, 0xff, 0x10, 0x00, 0x00, 0x00, 0x00,
    0x00, 0x00, 0xff, 0xf5, 0x00, 0x00, 0x07, 0xff,
    0xe0, 0x00, 0x00, 0x00, 0x00, 0x00, 0x00, 0x3f,
    0xff, 0x20, 0x00, 0x00, 0xaf, 0xfb, 0x00, 0x00,
    0x00, 0x00, 0x00, 0x00, 0x06, 0xff, 0xf0, 0x00,
    0x00, 0x0d, 0xff, 0x80, 0x00, 0x00, 0x00, 0x00,
    0x00, 0x00, 0x9f, 0xfc, 0x00, 0x00, 0x00, 0xff,
    0xf5, 0x00, 0x00, 0x00, 0x00, 0x00, 0x00, 0x0c,
    0xff, 0x90, 0x00, 0x00, 0x3f, 0xff, 0x10, 0x00,
    0x00, 0x00, 0x00, 0x00, 0x00, 0xff, 0xf6, 0x00,
    0x00, 0x06, 0xff, 0xe0, 0x00, 0x00, 0x00, 0x00,
    0x00, 0x00, 0x2f, 0xff, 0x20, 0x00, 0x00, 0xaf,
    0xfb, 0x00, 0x00, 0x00, 0x00, 0x00, 0x00, 0x05,
    0xff, 0xf0, 0x00, 0x00, 0x0d, 0xff, 0x80, 0x00,
    0x00, 0x00, 0x00,

    /* U+0024 "$" */
    0x00, 0x00, 0x00, 0x00, 0x00, 0x58, 0x86, 0x00,
    0x00, 0x00, 0x00, 0x00, 0x00, 0x00, 0x00, 0x00,
    0x0b, 0xff, 0xc0, 0x00, 0x00, 0x00, 0x00, 0x00,
    0x00, 0x00, 0x00, 0x00, 0xbf, 0xfc, 0x00, 0x00,
    0x00, 0x00, 0x00, 0x00, 0x00, 0x00, 0x00, 0x0b,
    0xff, 0xc0, 0x00, 0x00, 0x00, 0x00, 0x00, 0x00,
    0x00, 0x00, 0x00, 0xbf, 0xfc, 0x00, 0x00, 0x00,
    0x00, 0x00, 0x00, 0x00, 0x00, 0x00, 0x0b, 0xff,
    0xc0, 0x00, 0x00, 0x00, 0x00, 0x00, 0x00, 0x00,
    0x00, 0x00, 0xbf, 0xfc, 0x00, 0x00, 0x00, 0x00,
    0x00, 0x00, 0x00, 0x00, 0x49, 0xcf, 0xff, 0xfc,
    0x83, 0x00, 0x00, 0x00, 0x00, 0x00, 0x04, 0xdf,
    0xff, 0xff, 0xff, 0xff, 0xfb, 0x20, 0x00, 0x00,
    0x00, 0x07, 0xff, 0xff, 0xff, 0xff, 0xff, 0xff,
    0xff, 0x30, 0x00, 0x00, 0x06, 0xff, 0xff, 0xff,
    0xdc, 0xce, 0xff, 0xff, 0xfe, 0x20, 0x00, 0x01,
    0xff, 0xff, 0xf8, 0x10, 0x00, 0x04, 0xdf, 0xff,
    0xfb, 0x00, 0x00, 0x8f, 0xff, 0xf6, 0x00, 0x00,
    0x00, 0x00, 0xdf, 0xff, 0xf3, 0x00, 0x0d, 0xff,
    0xfc, 0x00, 0x00, 0x00, 0x00, 0x02, 0xff, 0xff,
    0x80, 0x00, 0xff, 0xff, 0x60, 0x00, 0x00, 0x00,
    0x00, 0x0b, 0xff, 0xfc, 0x00, 0x1f, 0xff, 0xf4,
    0x00, 0x00, 0x00, 0x00, 0x00, 0x6f, 0xff, 0xf0,
    0x01, 0xff, 0xff, 0x40, 0x00, 0x00, 0x00, 0x00,
    0x04, 0xff, 0xff, 0x10, 0x0f, 0xff, 0xf7, 0x00,
    0x00, 0x00, 0x00, 0x00, 0x2a, 0xaa, 0xa1, 0x00,
    0xcf, 0xff, 0xd0, 0x00, 0x00, 0x00, 0x00, 0x00,
    0x00, 0x00, 0x00, 0x07, 0xff, 0xff, 0xa0, 0x00,
    0x00, 0x00, 0x00, 0x00, 0x00, 0x00, 0x00, 0x0e,
    0xff, 0xff, 0xc3, 0x00, 0x00, 0x00, 0x00, 0x00,
    0x00, 0x00, 0x00, 0x4f, 0xff, 0xff, 0xfb, 0x50,
    0x00, 0x00, 0x00, 0x00, 0x00, 0x00, 0x00, 0x4f,
    0xff, 0xff, 0xff, 0xfa, 0x40, 0x00, 0x00, 0x00,
    0x00, 0x00, 0x00, 0x2c, 0xff, 0xff, 0xff, 0xff,
    0xe7, 0x00, 0x00, 0x00, 0x00, 0x00, 0x00, 0x04,
    0xcf, 0xff, 0xff, 0xff, 0xfe, 0x50, 0x00, 0x00,
    0x00, 0x00, 0x00, 0x00, 0x28, 0xdf, 0xff, 0xff,
    0xff, 0x90, 0x00, 0x00, 0x00, 0x00, 0x00, 0x00,
    0x00, 0x39, 0xff, 0xff, 0xff, 0x90, 0x00, 0x00,
    0x00, 0x00, 0x00, 0x00, 0x00, 0x01, 0xaf, 0xff,
    0xff, 0x50, 0x00, 0x00, 0x00, 0x00, 0x00, 0x00,
    0x00, 0x00, 0x6f, 0xff, 0xfd, 0x00, 0x00, 0x00,
    0x00, 0x00, 0x00, 0x00, 0x00, 0x00, 0x9f, 0xff,
    0xf2, 0x14, 0x44, 0x30, 0x00, 0x00, 0x00, 0x00,
    0x00, 0x02, 0xff, 0xff, 0x56, 0xff, 0xff, 0x00,
    0x00, 0x00, 0x00, 0x00, 0x00, 0x0f, 0xff, 0xf6,
    0x5f, 0xff, 0xf1, 0x00, 0x00, 0x00, 0x00, 0x00,
    0x00, 0xff, 0xff, 0x62, 0xff, 0xff, 0x50, 0x00,
    0x00, 0x00, 0x00, 0x00, 0x2f, 0xff, 0xf5, 0x0e,
    0xff, 0xfd, 0x00, 0x00, 0x00, 0x00, 0x00, 0x09,
    0xff, 0xff, 0x10, 0x8f, 0xff, 0xf9, 0x00, 0x00,
    0x00, 0x00, 0x05, 0xff, 0xff, 0xc0, 0x01, 0xef,
    0xff, 0xfc, 0x40, 0x00, 0x00, 0x3a, 0xff, 0xff,
    0xf4, 0x00, 0x04, 0xff, 0xff, 0xff, 0xfd, 0xcc,
    0xef, 0xff, 0xff, 0xf9, 0x00, 0x00, 0x04, 0xff,
    0xff, 0xff, 0xff, 0xff, 0xff, 0xff, 0xf9, 0x00,
    0x00, 0x00, 0x02, 0xaf, 0xff, 0xff, 0xff, 0xff,
    0xff, 0xd4, 0x00, 0x00, 0x00, 0x00, 0x00, 0x27,
    0xbe, 0xff, 0xfe, 0xb8, 0x30, 0x00, 0x00, 0x00,
    0x00, 0x00, 0x00, 0x00, 0x1f, 0xff, 0x60, 0x00,
    0x00, 0x00, 0x00, 0x00, 0x00, 0x00, 0x00, 0x01,
    0xff, 0xf6, 0x00, 0x00, 0x00, 0x00, 0x00, 0x00,
    0x00, 0x00, 0x00, 0x1f, 0xff, 0x60, 0x00, 0x00,
    0x00, 0x00, 0x00, 0x00, 0x00, 0x00, 0x01, 0xff,
    0xf6, 0x00, 0x00, 0x00, 0x00, 0x00, 0x00, 0x00,
    0x00, 0x00, 0x08, 0x88, 0x30, 0x00, 0x00, 0x00,
    0x00,

    /* U+0025 "%" */
    0x00, 0x00, 0x7c, 0xff, 0xec, 0x60, 0x00, 0x00,
    0x00, 0x00, 0x00, 0x00, 0x00, 0x00, 0x00, 0x00,
    0x00, 0x3e, 0xff, 0xff, 0xff, 0xfd, 0x20, 0x00,
    0x00, 0x00, 0x00, 0x00, 0x00, 0x00, 0x00, 0x00,
    0x02, 0xff, 0xff, 0xed, 0xff, 0xff, 0xe2, 0x00,
    0x00, 0x00, 0x00, 0x00, 0x00, 0x00, 0x00, 0x00,
    0x0c, 0xff, 0xe4, 0x00, 0x05, 0xff, 0xfb, 0x00,
    0x00, 0x00, 0x00, 0x10, 0x00, 0x00, 0x00, 0x00,
    0x3f, 0xff, 0x40, 0x00, 0x00, 0x6f, 0xff, 0x20,
    0x00, 0x00, 0x00, 0xcc, 0x30, 0x00, 0x00, 0x00,
    0x7f, 0xfe, 0x00, 0x00, 0x00, 0x0f, 0xff, 0x50,
    0x00, 0x00, 0x07, 0xff, 0xe0, 0x00, 0x00, 0x00,
    0x8f, 0xfb, 0x00, 0x00, 0x00, 0x0c, 0xff, 0x70,
    0x00, 0x00, 0x2f, 0xff, 0x40, 0x00, 0x00, 0x00,
    0x8f, 0xfb, 0x00, 0x00, 0x00, 0x0c, 0xff, 0x70,
    0x00, 0x00, 0xcf, 0xfa, 0x00, 0x00, 0x00, 0x00,
    0x8f, 0xfb, 0x00, 0x00, 0x00, 0x0d, 0xff, 0x70,
    0x00, 0x06, 0xff, 0xe1, 0x00, 0x00, 0x00, 0x00,
    0x6f, 0xfe, 0x00, 0x00, 0x00, 0x0f, 0xff, 0x50,
    0x00, 0x1f, 0xff, 0x50, 0x00, 0x00, 0x00, 0x00,
    0x2f, 0xff, 0x60, 0x00, 0x00, 0x7f, 0xff, 0x10,
    0x00, 0xbf, 0xfb, 0x00, 0x00, 0x00, 0x00, 0x00,
    0x0b, 0xff, 0xf7, 0x10, 0x18, 0xff, 0xfa, 0x00,
    0x05, 0xff, 0xf1, 0x00, 0x00, 0x00, 0x00, 0x00,
    0x01, 0xef, 0xff, 0xff, 0xff, 0xff, 0xd1, 0x00,
    0x1e, 0xff, 0x60, 0x00, 0x00, 0x00, 0x00, 0x00,
    0x00, 0x1c, 0xff, 0xff, 0xff, 0xfc, 0x10, 0x00,
    0xaf, 0xfc, 0x00, 0x00, 0x00, 0x00, 0x00, 0x00,
    0x00, 0x00, 0x49, 0xcd, 0xc9, 0x40, 0x00, 0x05,
    0xff, 0xf2, 0x00, 0x00, 0x00, 0x00, 0x00, 0x00,
    0x00, 0x00, 0x00, 0x00, 0x00, 0x00, 0x00, 0x1e,
    0xff, 0x70, 0x00, 0x00, 0x00, 0x00, 0x00, 0x00,
    0x00, 0x00, 0x00, 0x00, 0x00, 0x00, 0x00, 0x9f,
    0xfc, 0x00, 0x00, 0x00, 0x00, 0x00, 0x00, 0x00,
    0x00, 0x00, 0x00, 0x00, 0x00, 0x00, 0x04, 0xff,
    0xf3, 0x00, 0x00, 0x00, 0x00, 0x00, 0x00, 0x00,
    0x00, 0x00, 0x00, 0x00, 0x00, 0x00, 0x0d, 0xff,
    0x80, 0x00, 0x29, 0xdf, 0xfd, 0x93, 0x00, 0x00,
    0x00, 0x00, 0x00, 0x00, 0x00, 0x00, 0x9f, 0xfd,
    0x00, 0x06, 0xff, 0xff, 0xff, 0xff, 0x80, 0x00,
    0x00, 0x00, 0x00, 0x00, 0x00, 0x03, 0xff, 0xf3,
    0x00, 0x6f, 0xff, 0xfe, 0xdf, 0xff, 0xf8, 0x00,
    0x00, 0x00, 0x00, 0x00, 0x00, 0x0d, 0xff, 0x90,
    0x01, 0xff, 0xfd, 0x20, 0x01, 0xbf, 0xff, 0x30,
    0x00, 0x00, 0x00, 0x00, 0x00, 0x8f, 0xfe, 0x00,
    0x07, 0xff, 0xf1, 0x00, 0x00, 0x0d, 0xff, 0xa0,
    0x00, 0x00, 0x00, 0x00, 0x02, 0xff, 0xf4, 0x00,
    0x0c, 0xff, 0x90, 0x00, 0x00, 0x06, 0xff, 0xe0,
    0x00, 0x00, 0x00, 0x00, 0x0c, 0xff, 0xa0, 0x00,
    0x0e, 0xff, 0x60, 0x00, 0x00, 0x03, 0xff, 0xf0,
    0x00, 0x00, 0x00, 0x00, 0x7f, 0xfe, 0x10, 0x00,
    0x0e, 0xff, 0x50, 0x00, 0x00, 0x02, 0xff, 0xf1,
    0x00, 0x00, 0x00, 0x02, 0xff, 0xf5, 0x00, 0x00,
    0x0e, 0xff, 0x50, 0x00, 0x00, 0x02, 0xff, 0xf1,
    0x00, 0x00, 0x00, 0x0c, 0xff, 0xa0, 0x00, 0x00,
    0x0e, 0xff, 0x60, 0x00, 0x00, 0x03, 0xff, 0xf0,
    0x00, 0x00, 0x00, 0x6f, 0xff, 0x10, 0x00, 0x00,
    0x0c, 0xff, 0x90, 0x00, 0x00, 0x06, 0xff, 0xe0,
    0x00, 0x00, 0x00, 0x9f, 0xf6, 0x00, 0x00, 0x00,
    0x07, 0xff, 0xf1, 0x00, 0x00, 0x0d, 0xff, 0xa0,
    0x00, 0x00, 0x00, 0x04, 0x90, 0x00, 0x00, 0x00,
    0x01, 0xff, 0xfd, 0x20, 0x01, 0xaf, 0xff, 0x30,
    0x00, 0x00, 0x00, 0x00, 0x00, 0x00, 0x00, 0x00,
    0x00, 0x5f, 0xff, 0xfe, 0xdf, 0xff, 0xf8, 0x00,
    0x00, 0x00, 0x00, 0x00, 0x00, 0x00, 0x00, 0x00,
    0x00, 0x06, 0xff, 0xff, 0xff, 0xff, 0x80, 0x00,
    0x00, 0x00, 0x00, 0x00, 0x00, 0x00, 0x00, 0x00,
    0x00, 0x00, 0x28, 0xdf, 0xfe, 0xa3, 0x00, 0x00,

    /* U+0026 "&" */
    0x00, 0x00, 0x00, 0x02, 0x8c, 0xef, 0xfd, 0xa4,
    0x00, 0x00, 0x00, 0x00, 0x00, 0x00, 0x00, 0x00,
    0x00, 0xaf, 0xff, 0xff, 0xff, 0xff, 0xb1, 0x00,
    0x00, 0x00, 0x00, 0x00, 0x00, 0x00, 0x0c, 0xff,
    0xff, 0xff, 0xff, 0xff, 0xfe, 0x20, 0x00, 0x00,
    0x00, 0x00, 0x00, 0x00, 0xaf, 0xff, 0xff, 0xb9,
    0xad, 0xff, 0xff, 0xc0, 0x00, 0x00, 0x00, 0x00,
    0x00, 0x02, 0xff, 0xff, 0xd2, 0x00, 0x00, 0x7f,
    0xff, 0xf5, 0x00, 0x00, 0x00, 0x00, 0x00, 0x08,
    0xff, 0xff, 0x20, 0x00, 0x00, 0x0a, 0xff, 0xfa,
    0x00, 0x00, 0x00, 0x00, 0x00, 0x0b, 0xff, 0xfb,
    0x00, 0x00, 0x00, 0x04, 0xff, 0xfc, 0x00, 0x00,
    0x00, 0x00, 0x00, 0x0d, 0xff, 0xf8, 0x00, 0x00,
    0x00, 0x03, 0xff, 0xfc, 0x00, 0x00, 0x00, 0x00,
    0x00, 0x0d, 0xff, 0xf8, 0x00, 0x00, 0x00, 0x05,
    0xff, 0xfa, 0x00, 0x00, 0x00, 0x00, 0x00, 0x0b,
    0xff, 0xfc, 0x00, 0x00, 0x00, 0x0c, 0xff, 0xf5,
    0x00, 0x00, 0x00, 0x00, 0x00, 0x06, 0xff, 0xff,
    0x30, 0x00, 0x00, 0xaf, 0xff, 0xd0, 0x00, 0x00,
    0x00, 0x00, 0x00, 0x01, 0xff, 0xff, 0xc0, 0x00,
    0x2c, 0xff, 0xff, 0x20, 0x00, 0x00, 0x00, 0x00,
    0x00, 0x00, 0x7f, 0xff, 0xf7, 0x06, 0xff, 0xff,
    0xe3, 0x00, 0x00, 0x00, 0x00, 0x00, 0x00, 0x00,
    0x0c, 0xff, 0xff, 0xcf, 0xff, 0xfd, 0x20, 0x00,
    0x00, 0x00, 0x00, 0x00, 0x00, 0x00, 0x01, 0xef,
    0xff, 0xff, 0xff, 0x90, 0x00, 0x00, 0x00, 0x00,
    0x00, 0x00, 0x00, 0x00, 0x00, 0x5f, 0xff, 0xff,
    0xe5, 0x00, 0x00, 0x00, 0x00, 0x00, 0x00, 0x00,
    0x00, 0x00, 0x03, 0xef, 0xff, 0xff, 0xc0, 0x00,
    0x00, 0x00, 0x00, 0x00, 0x00, 0x00, 0x00, 0x00,
    0x7f, 0xff, 0xff, 0xff, 0xfa, 0x00, 0x00, 0x00,
    0x00, 0x00, 0x00, 0x00, 0x00, 0x09, 0xff, 0xff,
    0xdb, 0xff, 0xff, 0x80, 0x00, 0x00, 0x02, 0xdd,
    0xd9, 0x00, 0x00, 0x9f, 0xff, 0xfa, 0x00, 0xcf,
    0xff, 0xf5, 0x00, 0x00, 0x04, 0xff, 0xfa, 0x00,
    0x05, 0xff, 0xff, 0x90, 0x00, 0x1e, 0xff, 0xff,
    0x30, 0x00, 0x06, 0xff, 0xf9, 0x00, 0x0e, 0xff,
    0xfc, 0x00, 0x00, 0x02, 0xff, 0xff, 0xe2, 0x00,
    0x09, 0xff, 0xf6, 0x00, 0x4f, 0xff, 0xf3, 0x00,
    0x00, 0x00, 0x4f, 0xff, 0xfd, 0x10, 0x0d, 0xff,
    0xf3, 0x00, 0x8f, 0xff, 0xe0, 0x00, 0x00, 0x00,
    0x06, 0xff, 0xff, 0xb0, 0x3f, 0xff, 0xf0, 0x00,
    0x9f, 0xff, 0xb0, 0x00, 0x00, 0x00, 0x00, 0x9f,
    0xff, 0xf9, 0xbf, 0xff, 0xa0, 0x00, 0x9f, 0xff,
    0xd0, 0x00, 0x00, 0x00, 0x00, 0x0b, 0xff, 0xff,
    0xff, 0xff, 0x30, 0x00, 0x7f, 0xff, 0xf1, 0x00,
    0x00, 0x00, 0x00, 0x00, 0xdf, 0xff, 0xff, 0xfb,
    0x00, 0x00, 0x3f, 0xff, 0xf8, 0x00, 0x00, 0x00,
    0x00, 0x00, 0x1e, 0xff, 0xff, 0xf2, 0x00, 0x00,
    0x0c, 0xff, 0xff, 0x40, 0x00, 0x00, 0x00, 0x00,
    0x3d, 0xff, 0xff, 0xe1, 0x00, 0x00, 0x04, 0xff,
    0xff, 0xf8, 0x10, 0x00, 0x00, 0x29, 0xff, 0xff,
    0xff, 0xfd, 0x00, 0x00, 0x00, 0x8f, 0xff, 0xff,
    0xfc, 0xa9, 0xad, 0xff, 0xff, 0xff, 0xff, 0xff,
    0xb0, 0x00, 0x00, 0x08, 0xff, 0xff, 0xff, 0xff,
    0xff, 0xff, 0xff, 0xf8, 0xaf, 0xff, 0xf9, 0x00,
    0x00, 0x00, 0x3c, 0xff, 0xff, 0xff, 0xff, 0xff,
    0xfa, 0x20, 0x0c, 0xff, 0xff, 0x60, 0x00, 0x00,
    0x00, 0x38, 0xbe, 0xff, 0xfd, 0xa6, 0x10, 0x00,
    0x01, 0xdf, 0xff, 0xf4,

    /* U+0027 "'" */
    0x24, 0x44, 0x8f, 0xff, 0x8f, 0xff, 0x8f, 0xff,
    0x8f, 0xfe, 0x8f, 0xfd, 0x8f, 0xfc, 0x8f, 0xfb,
    0x8f, 0xfa, 0x8f, 0xf9, 0x9f, 0xf8, 0x9f, 0xf7,

    /* U+0028 "(" */
    0x00, 0x00, 0x00, 0x00, 0x00, 0x17, 0x00, 0x00,
    0x00, 0x00, 0x00, 0x4e, 0xf0, 0x00, 0x00, 0x00,
    0x00, 0x5f, 0xff, 0x50, 0x00, 0x00, 0x00, 0x4f,
    0xff, 0xe2, 0x00, 0x00, 0x00, 0x3f, 0xff, 0xe2,
    0x00, 0x00, 0x00, 0x0d, 0xff, 0xf3, 0x00, 0x00,
    0x00, 0x09, 0xff, 0xf6, 0x00, 0x00, 0x00, 0x03,
    0xff, 0xfb, 0x00, 0x00, 0x00, 0x00, 0xdf, 0xff,
    0x20, 0x00, 0x00, 0x00, 0x5f, 0xff, 0xa0, 0x00,
    0x00, 0x00, 0x0d, 0xff, 0xf2, 0x00, 0x00, 0x00,
    0x04, 0xff, 0xfc, 0x00, 0x00, 0x00, 0x00, 0xaf,
    0xff, 0x60, 0x00, 0x00, 0x00, 0x0f, 0xff, 0xf1,
    0x00, 0x00, 0x00, 0x05, 0xff, 0xfc, 0x00, 0x00,
    0x00, 0x00, 0xaf, 0xff, 0x80, 0x00, 0x00, 0x00,
    0x0e, 0xff, 0xf4, 0x00, 0x00, 0x00, 0x02, 0xff,
    0xff, 0x10, 0x00, 0x00, 0x00, 0x5f, 0xff, 0xf0,
    0x00, 0x00, 0x00, 0x07, 0xff, 0xfc, 0x00, 0x00,
    0x00, 0x00, 0x9f, 0xff, 0xb0, 0x00, 0x00, 0x00,
    0x0b, 0xff, 0xf9, 0x00, 0x00, 0x00, 0x00, 0xcf,
    0xff, 0x80, 0x00, 0x00, 0x00, 0x0d, 0xff, 0xf8,
    0x00, 0x00, 0x00, 0x00, 0xdf, 0xff, 0x70, 0x00,
    0x00, 0x00, 0x0d, 0xff, 0xf7, 0x00, 0x00, 0x00,
    0x00, 0xdf, 0xff, 0x80, 0x00, 0x00, 0x00, 0x0c,
    0xff, 0xf8, 0x00, 0x00, 0x00, 0x00, 0xbf, 0xff,
    0x90, 0x00, 0x00, 0x00, 0x0a, 0xff, 0xfa, 0x00,
    0x00, 0x00, 0x00, 0x8f, 0xff, 0xc0, 0x00, 0x00,
    0x00, 0x06, 0xff, 0xfe, 0x00, 0x00, 0x00, 0x00,
    0x3f, 0xff, 0xf0, 0x00, 0x00, 0x00, 0x00, 0xff,
    0xff, 0x30, 0x00, 0x00, 0x00, 0x0b, 0xff, 0xf7,
    0x00, 0x00, 0x00, 0x00, 0x7f, 0xff, 0xb0, 0x00,
    0x00, 0x00, 0x02, 0xff, 0xff, 0x00, 0x00, 0x00,
    0x00, 0x0c, 0xff, 0xf4, 0x00, 0x00, 0x00, 0x00,
    0x6f, 0xff, 0xa0, 0x00, 0x00, 0x00, 0x00, 0xff,
    0xff, 0x10, 0x00, 0x00, 0x00, 0x08, 0xff, 0xf7,
    0x00, 0x00, 0x00, 0x00, 0x1e, 0xff, 0xe0, 0x00,
    0x00, 0x00, 0x00, 0x6f, 0xff, 0x80, 0x00, 0x00,
    0x00, 0x00, 0xcf, 0xff, 0x20, 0x00, 0x00, 0x00,
    0x02, 0xff, 0xfc, 0x00, 0x00, 0x00, 0x00, 0x06,
    0xff, 0xf9, 0x00, 0x00, 0x00, 0x00, 0x09, 0xff,
    0xf8, 0x00, 0x00, 0x00, 0x00, 0x0a, 0xff, 0xf5,
    0x00, 0x00, 0x00, 0x00, 0x09, 0xff, 0x20, 0x00,
    0x00, 0x00, 0x00, 0x05, 0xc0, 0x00, 0x00, 0x00,
    0x00, 0x00, 0x00, 0x00,

    /* U+0029 ")" */
    0x03, 0x50, 0x00, 0x00, 0x00, 0x00, 0x00, 0x09,
    0xf9, 0x00, 0x00, 0x00, 0x00, 0x00, 0x0e, 0xff,
    0xb0, 0x00, 0x00, 0x00, 0x00, 0x07, 0xff, 0xfb,
    0x00, 0x00, 0x00, 0x00, 0x00, 0x8f, 0xff, 0x90,
    0x00, 0x00, 0x00, 0x00, 0x0b, 0xff, 0xf5, 0x00,
    0x00, 0x00, 0x00, 0x01, 0xef, 0xff, 0x10, 0x00,
    0x00, 0x00, 0x00, 0x5f, 0xff, 0xa0, 0x00, 0x00,
    0x00, 0x00, 0x0c, 0xff, 0xf4, 0x00, 0x00, 0x00,
    0x00, 0x04, 0xff, 0xfc, 0x00, 0x00, 0x00, 0x00,
    0x00, 0xdf, 0xff, 0x40, 0x00, 0x00, 0x00, 0x00,
    0x6f, 0xff, 0xb0, 0x00, 0x00, 0x00, 0x00, 0x1f,
    0xff, 0xf1, 0x00, 0x00, 0x00, 0x00, 0x0b, 0xff,
    0xf7, 0x00, 0x00, 0x00, 0x00, 0x06, 0xff, 0xfc,
    0x00, 0x00, 0x00, 0x00, 0x02, 0xff, 0xff, 0x10,
    0x00, 0x00, 0x00, 0x00, 0xef, 0xff, 0x50, 0x00,
    0x00, 0x00, 0x00, 0xbf, 0xff, 0x90, 0x00, 0x00,
    0x00, 0x00, 0x8f, 0xff, 0xc0, 0x00, 0x00, 0x00,
    0x00, 0x6f, 0xff, 0xe0, 0x00, 0x00, 0x00, 0x00,
    0x4f, 0xff, 0xf0, 0x00, 0x00, 0x00, 0x00, 0x3f,
    0xff, 0xf2, 0x00, 0x00, 0x00, 0x00, 0x1f, 0xff,
    0xf3, 0x00, 0x00, 0x00, 0x00, 0x1f, 0xff, 0xf4,
    0x00, 0x00, 0x00, 0x00, 0x0f, 0xff, 0xf4, 0x00,
    0x00, 0x00, 0x00, 0x0f, 0xff, 0xf4, 0x00, 0x00,
    0x00, 0x00, 0x1f, 0xff, 0xf4, 0x00, 0x00, 0x00,
    0x00, 0x1f, 0xff, 0xf3, 0x00, 0x00, 0x00, 0x00,
    0x2f, 0xff, 0xf2, 0x00, 0x00, 0x00, 0x00, 0x3f,
    0xff, 0xf1, 0x00, 0x00, 0x00, 0x00, 0x5f, 0xff,
    0xf0, 0x00, 0x00, 0x00, 0x00, 0x7f, 0xff, 0xd0,
    0x00, 0x00, 0x00, 0x00, 0x9f, 0xff, 0xa0, 0x00,
    0x00, 0x00, 0x00, 0xcf, 0xff, 0x60, 0x00, 0x00,
    0x00, 0x00, 0xff, 0xff, 0x20, 0x00, 0x00, 0x00,
    0x04, 0xff, 0xfe, 0x00, 0x00, 0x00, 0x00, 0x08,
    0xff, 0xf9, 0x00, 0x00, 0x00, 0x00, 0x0d, 0xff,
    0xf3, 0x00, 0x00, 0x00, 0x00, 0x2f, 0xff, 0xd0,
    0x00, 0x00, 0x00, 0x00, 0x9f, 0xff, 0x60, 0x00,
    0x00, 0x00, 0x01, 0xff, 0xfe, 0x00, 0x00, 0x00,
    0x00, 0x07, 0xff, 0xf7, 0x00, 0x00, 0x00, 0x00,
    0x1f, 0xff, 0xd0, 0x00, 0x00, 0x00, 0x00, 0xaf,
    0xff, 0x40, 0x00, 0x00, 0x00, 0x05, 0xff, 0xf9,
    0x00, 0x00, 0x00, 0x00, 0x2f, 0xff, 0xd0, 0x00,
    0x00, 0x00, 0x02, 0xef, 0xfe, 0x10, 0x00, 0x00,
    0x00, 0x0e, 0xff, 0xe2, 0x00, 0x00, 0x00, 0x00,
    0x0b, 0xfd, 0x20, 0x00, 0x00, 0x00, 0x00, 0x06,
    0xa1, 0x00, 0x00, 0x00, 0x00, 0x00, 0x00, 0x00,
    0x00, 0x00, 0x00, 0x00, 0x00,

    /* U+002A "*" */
    0x00, 0x00, 0x00, 0x00, 0x5f, 0xff, 0x20, 0x00,
    0x00, 0x00, 0x00, 0x00, 0x00, 0x00, 0x05, 0xff,
    0xf2, 0x00, 0x00, 0x00, 0x00, 0x00, 0x00, 0x00,
    0x00, 0x4f, 0xff, 0x10, 0x00, 0x00, 0x00, 0x00,
    0x00, 0x00, 0x00, 0x04, 0xff, 0xf1, 0x00, 0x00,
    0x00, 0x00, 0x00, 0x00, 0x00, 0x00, 0x4f, 0xff,
    0x00, 0x00, 0x00, 0x00, 0x00, 0x23, 0x00, 0x00,
    0x03, 0xff, 0xf0, 0x00, 0x00, 0x03, 0x00, 0x08,
    0xfd, 0x72, 0x00, 0x3f, 0xff, 0x00, 0x01, 0x7d,
    0xf3, 0x00, 0xdf, 0xff, 0xfc, 0x63, 0xff, 0xf0,
    0x5b, 0xff, 0xff, 0x70, 0x2f, 0xff, 0xff, 0xff,
    0xff, 0xff, 0xef, 0xff, 0xff, 0xfc, 0x00, 0x49,
    0xef, 0xff, 0xff, 0xff, 0xff, 0xff, 0xff, 0xfb,
    0x60, 0x00, 0x00, 0x27, 0xcf, 0xff, 0xff, 0xff,
    0xe9, 0x40, 0x00, 0x00, 0x00, 0x00, 0x00, 0x9f,
    0xff, 0xff, 0x30, 0x00, 0x00, 0x00, 0x00, 0x00,
    0x00, 0x4f, 0xff, 0xff, 0xfa, 0x00, 0x00, 0x00,
    0x00, 0x00, 0x00, 0x1e, 0xff, 0xea, 0xff, 0xf5,
    0x00, 0x00, 0x00, 0x00, 0x00, 0x0a, 0xff, 0xf5,
    0x1e, 0xff, 0xf2, 0x00, 0x00, 0x00, 0x00, 0x06,
    0xff, 0xfb, 0x00, 0x5f, 0xff, 0xc0, 0x00, 0x00,
    0x00, 0x02, 0xff, 0xff, 0x10, 0x00, 0xbf, 0xff,
    0x80, 0x00, 0x00, 0x00, 0xbf, 0xff, 0x60, 0x00,
    0x01, 0xff, 0xff, 0x30, 0x00, 0x00, 0x01, 0xbf,
    0xc0, 0x00, 0x00, 0x06, 0xff, 0x70, 0x00, 0x00,
    0x00, 0x00, 0x72, 0x00, 0x00, 0x00, 0x0a, 0x40,
    0x00, 0x00,

    /* U+002B "+" */
    0x00, 0x00, 0x00, 0x00, 0x00, 0xaf, 0xff, 0xb0,
    0x00, 0x00, 0x00, 0x00, 0x00, 0x00, 0x00, 0x00,
    0x00, 0x0a, 0xff, 0xfb, 0x00, 0x00, 0x00, 0x00,
    0x00, 0x00, 0x00, 0x00, 0x00, 0x00, 0xaf, 0xff,
    0xb0, 0x00, 0x00, 0x00, 0x00, 0x00, 0x00, 0x00,
    0x00, 0x00, 0x0a, 0xff, 0xfb, 0x00, 0x00, 0x00,
    0x00, 0x00, 0x00, 0x00, 0x00, 0x00, 0x00, 0xaf,
    0xff, 0xb0, 0x00, 0x00, 0x00, 0x00, 0x00, 0x00,
    0x00, 0x00, 0x00, 0x0a, 0xff, 0xfb, 0x00, 0x00,
    0x00, 0x00, 0x00, 0x00, 0x00, 0x00, 0x00, 0x00,
    0xaf, 0xff, 0xb0, 0x00, 0x00, 0x00, 0x00, 0x00,
    0x00, 0x00, 0x00, 0x00, 0x0a, 0xff, 0xfb, 0x00,
    0x00, 0x00, 0x00, 0x00, 0x00, 0x00, 0x00, 0x00,
    0x00, 0xaf, 0xff, 0xb0, 0x00, 0x00, 0x00, 0x00,
    0x00, 0x11, 0x11, 0x11, 0x11, 0x1a, 0xff, 0xfb,
    0x11, 0x11, 0x11, 0x11, 0x10, 0x2f, 0xff, 0xff,
    0xff, 0xff, 0xff, 0xff, 0xff, 0xff, 0xff, 0xff,
    0xff, 0x32, 0xff, 0xff, 0xff, 0xff, 0xff, 0xff,
    0xff, 0xff, 0xff, 0xff, 0xff, 0xf3, 0x2f, 0xff,
    0xff, 0xff, 0xff, 0xff, 0xff, 0xff, 0xff, 0xff,
    0xff, 0xff, 0x32, 0xff, 0xff, 0xff, 0xff, 0xff,
    0xff, 0xff, 0xff, 0xff, 0xff, 0xff, 0xf3, 0x00,
    0x00, 0x00, 0x00, 0x00, 0xaf, 0xff, 0xb0, 0x00,
    0x00, 0x00, 0x00, 0x00, 0x00, 0x00, 0x00, 0x00,
    0x0a, 0xff, 0xfb, 0x00, 0x00, 0x00, 0x00, 0x00,
    0x00, 0x00, 0x00, 0x00, 0x00, 0xaf, 0xff, 0xb0,
    0x00, 0x00, 0x00, 0x00, 0x00, 0x00, 0x00, 0x00,
    0x00, 0x0a, 0xff, 0xfb, 0x00, 0x00, 0x00, 0x00,
    0x00, 0x00, 0x00, 0x00, 0x00, 0x00, 0xaf, 0xff,
    0xb0, 0x00, 0x00, 0x00, 0x00, 0x00, 0x00, 0x00,
    0x00, 0x00, 0x0a, 0xff, 0xfb, 0x00, 0x00, 0x00,
    0x00, 0x00, 0x00, 0x00, 0x00, 0x00, 0x00, 0xaf,
    0xff, 0xb0, 0x00, 0x00, 0x00, 0x00, 0x00, 0x00,
    0x00, 0x00, 0x00, 0x0a, 0xff, 0xfb, 0x00, 0x00,
    0x00, 0x00, 0x00, 0x00, 0x00, 0x00, 0x00, 0x00,
    0xaf, 0xff, 0xb0, 0x00, 0x00, 0x00, 0x00, 0x00,
    0x00, 0x00, 0x00, 0x00, 0x0a, 0xff, 0xfb, 0x00,
    0x00, 0x00, 0x00, 0x00, 0x00, 0x00, 0x00, 0x00,
    0x00, 0xaf, 0xff, 0xb0, 0x00, 0x00, 0x00, 0x00,
    0x00,

    /* U+002C "," */
    0x00, 0x0f, 0xff, 0xf4, 0x00, 0x0f, 0xff, 0xf4,
    0x00, 0x0f, 0xff, 0xf4, 0x00, 0x0f, 0xff, 0xf3,
    0x00, 0x0f, 0xff, 0xf2, 0x00, 0x2f, 0xff, 0xf0,
    0x00, 0x6f, 0xff, 0xc0, 0x00, 0xcf, 0xff, 0x60,
    0x03, 0xff, 0xfe, 0x00, 0x0c, 0xff, 0xf6, 0x00,
    0x1d, 0xff, 0xa0, 0x00, 0x00, 0x9b, 0x00, 0x00,
    0x00, 0x00, 0x00, 0x00,

    /* U+002D "-" */
    0x19, 0x99, 0x99, 0x99, 0x99, 0x99, 0x31, 0xff,
    0xff, 0xff, 0xff, 0xff, 0xf5, 0x1f, 0xff, 0xff,
    0xff, 0xff, 0xff, 0x51, 0xff, 0xff, 0xff, 0xff,
    0xff, 0xf5,

    /* U+002E "." */
    0x00, 0x23, 0x00, 0x0c, 0xff, 0xd1, 0x7f, 0xff,
    0xf9, 0x9f, 0xff, 0xfb, 0x6f, 0xff, 0xf8, 0x08,
    0xff, 0xa0,

    /* U+002F "/" */
    0x00, 0x00, 0x00, 0x00, 0x00, 0x00, 0x00, 0x7f,
    0xff, 0x30, 0x00, 0x00, 0x00, 0x00, 0x00, 0x00,
    0x0d, 0xff, 0xd0, 0x00, 0x00, 0x00, 0x00, 0x00,
    0x00, 0x04, 0xff, 0xf7, 0x00, 0x00, 0x00, 0x00,
    0x00, 0x00, 0x00, 0xaf, 0xff, 0x10, 0x00, 0x00,
    0x00, 0x00, 0x00, 0x00, 0x0f, 0xff, 0xb0, 0x00,
    0x00, 0x00, 0x00, 0x00, 0x00, 0x06, 0xff, 0xf5,
    0x00, 0x00, 0x00, 0x00, 0x00, 0x00, 0x00, 0xcf,
    0xfe, 0x00, 0x00, 0x00, 0x00, 0x00, 0x00, 0x00,
    0x2f, 0xff, 0x90, 0x00, 0x00, 0x00, 0x00, 0x00,
    0x00, 0x08, 0xff, 0xf2, 0x00, 0x00, 0x00, 0x00,
    0x00, 0x00, 0x00, 0xef, 0xfc, 0x00, 0x00, 0x00,
    0x00, 0x00, 0x00, 0x00, 0x4f, 0xff, 0x60, 0x00,
    0x00, 0x00, 0x00, 0x00, 0x00, 0x0a, 0xff, 0xf1,
    0x00, 0x00, 0x00, 0x00, 0x00, 0x00, 0x01, 0xff,
    0xfa, 0x00, 0x00, 0x00, 0x00, 0x00, 0x00, 0x00,
    0x6f, 0xff, 0x40, 0x00, 0x00, 0x00, 0x00, 0x00,
    0x00, 0x0d, 0xff, 0xe0, 0x00, 0x00, 0x00, 0x00,
    0x00, 0x00, 0x03, 0xff, 0xf8, 0x00, 0x00, 0x00,
    0x00, 0x00, 0x00, 0x00, 0x9f, 0xff, 0x20, 0x00,
    0x00, 0x00, 0x00, 0x00, 0x00, 0x0e, 0xff, 0xc0,
    0x00, 0x00, 0x00, 0x00, 0x00, 0x00, 0x05, 0xff,
    0xf6, 0x00, 0x00, 0x00, 0x00, 0x00, 0x00, 0x00,
    0xbf, 0xff, 0x00, 0x00, 0x00, 0x00, 0x00, 0x00,
    0x00, 0x1f, 0xff, 0xa0, 0x00, 0x00, 0x00, 0x00,
    0x00, 0x00, 0x07, 0xff, 0xf4, 0x00, 0x00, 0x00,
    0x00, 0x00, 0x00, 0x00, 0xdf, 0xfd, 0x00, 0x00,
    0x00, 0x00, 0x00, 0x00, 0x00, 0x3f, 0xff, 0x70,
    0x00, 0x00, 0x00, 0x00, 0x00, 0x00, 0x09, 0xff,
    0xf1, 0x00, 0x00, 0x00, 0x00, 0x00, 0x00, 0x00,
    0xff, 0xfb, 0x00, 0x00, 0x00, 0x00, 0x00, 0x00,
    0x00, 0x5f, 0xff, 0x50, 0x00, 0x00, 0x00, 0x00,
    0x00, 0x00, 0x0c, 0xff, 0xf0, 0x00, 0x00, 0x00,
    0x00, 0x00, 0x00, 0x02, 0xff, 0xf9, 0x00, 0x00,
    0x00, 0x00, 0x00, 0x00, 0x00, 0x8f, 0xff, 0x30,
    0x00, 0x00, 0x00, 0x00, 0x00, 0x00, 0x0e, 0xff,
    0xd0, 0x00, 0x00, 0x00, 0x00, 0x00, 0x00, 0x04,
    0xff, 0xf7, 0x00, 0x00, 0x00, 0x00, 0x00, 0x00,
    0x00, 0xaf, 0xff, 0x10, 0x00, 0x00, 0x00, 0x00,
    0x00, 0x00, 0x1f, 0xff, 0xb0, 0x00, 0x00, 0x00,
    0x00, 0x00, 0x00, 0x06, 0xff, 0xf5, 0x00, 0x00,
    0x00, 0x00, 0x00, 0x00, 0x00, 0xcf, 0xfe, 0x00,
    0x00, 0x00, 0x00, 0x00, 0x00, 0x00, 0x2f, 0xff,
    0x80, 0x00, 0x00, 0x00, 0x00, 0x00, 0x00, 0x03,
    0x88, 0x82, 0x00, 0x00, 0x00, 0x00, 0x00, 0x00,
    0x00,

    /* U+0030 "0" */
    0x00, 0x00, 0x00, 0x16, 0xbd, 0xff, 0xfd, 0xa6,
    0x10, 0x00, 0x00, 0x00, 0x00, 0x00, 0x8f, 0xff,
    0xff, 0xff, 0xff, 0xff, 0x70, 0x00, 0x00, 0x00,
    0x00, 0xbf, 0xff, 0xff, 0xff, 0xff, 0xff, 0xff,
    0xb0, 0x00, 0x00, 0x00, 0xaf, 0xff, 0xff, 0xda,
    0x9a, 0xdf, 0xff, 0xff, 0x90, 0x00, 0x00, 0x5f,
    0xff, 0xfd, 0x30, 0x00, 0x00, 0x4e, 0xff, 0xff,
    0x40, 0x00, 0x0c, 0xff, 0xfe, 0x10, 0x00, 0x00,
    0x00, 0x1e, 0xff, 0xfc, 0x00, 0x03, 0xff, 0xff,
    0x50, 0x00, 0x00, 0x00, 0x00, 0x6f, 0xff, 0xf2,
    0x00, 0x8f, 0xff, 0xe0, 0x00, 0x00, 0x00, 0x00,
    0x00, 0xef, 0xff, 0x70, 0x0c, 0xff, 0xf9, 0x00,
    0x00, 0x00, 0x00, 0x00, 0x0a, 0xff, 0xfb, 0x00,
    0xff, 0xff, 0x60, 0x00, 0x00, 0x00, 0x00, 0x00,
    0x6f, 0xff, 0xe0, 0x1f, 0xff, 0xf3, 0x00, 0x00,
    0x00, 0x00, 0x00, 0x04, 0xff, 0xff, 0x03, 0xff,
    0xff, 0x20, 0x00, 0x00, 0x00, 0x00, 0x00, 0x2f,
    0xff, 0xf2, 0x4f, 0xff, 0xf1, 0x00, 0x00, 0x00,
    0x00, 0x00, 0x01, 0xff, 0xff, 0x34, 0xff, 0xff,
    0x10, 0x00, 0x00, 0x00, 0x00, 0x00, 0x1f, 0xff,
    0xf3, 0x4f, 0xff, 0xf1, 0x00, 0x00, 0x00, 0x00,
    0x00, 0x01, 0xff, 0xff, 0x44, 0xff, 0xff, 0x10,
    0x00, 0x00, 0x00, 0x00, 0x00, 0x1f, 0xff, 0xf4,
    0x4f, 0xff, 0xf1, 0x00, 0x00, 0x00, 0x00, 0x00,
    0x01, 0xff, 0xff, 0x44, 0xff, 0xff, 0x10, 0x00,
    0x00, 0x00, 0x00, 0x00, 0x1f, 0xff, 0xf4, 0x4f,
    0xff, 0xf1, 0x00, 0x00, 0x00, 0x00, 0x00, 0x01,
    0xff, 0xff, 0x44, 0xff, 0xff, 0x10, 0x00, 0x00,
    0x00, 0x00, 0x00, 0x1f, 0xff, 0xf4, 0x4f, 0xff,
    0xf1, 0x00, 0x00, 0x00, 0x00, 0x00, 0x01, 0xff,
    0xff, 0x33, 0xff, 0xff, 0x10, 0x00, 0x00, 0x00,
    0x00, 0x00, 0x2f, 0xff, 0xf3, 0x2f, 0xff, 0xf2,
    0x00, 0x00, 0x00, 0x00, 0x00, 0x03, 0xff, 0xff,
    0x20, 0xff, 0xff, 0x40, 0x00, 0x00, 0x00, 0x00,
    0x00, 0x4f, 0xff, 0xf0, 0x0e, 0xff, 0xf6, 0x00,
    0x00, 0x00, 0x00, 0x00, 0x07, 0xff, 0xfe, 0x00,
    0xbf, 0xff, 0xa0, 0x00, 0x00, 0x00, 0x00, 0x00,
    0xaf, 0xff, 0xb0, 0x07, 0xff, 0xff, 0x00, 0x00,
    0x00, 0x00, 0x00, 0x0f, 0xff, 0xf7, 0x00, 0x2f,
    0xff, 0xf7, 0x00, 0x00, 0x00, 0x00, 0x06, 0xff,
    0xff, 0x20, 0x00, 0xbf, 0xff, 0xf2, 0x00, 0x00,
    0x00, 0x02, 0xff, 0xff, 0xb0, 0x00, 0x03, 0xff,
    0xff, 0xe5, 0x00, 0x00, 0x04, 0xef, 0xff, 0xf3,
    0x00, 0x00, 0x08, 0xff, 0xff, 0xfd, 0xa9, 0xad,
    0xff, 0xff, 0xf9, 0x00, 0x00, 0x00, 0x0a, 0xff,
    0xff, 0xff, 0xff, 0xff, 0xff, 0xfa, 0x00, 0x00,
    0x00, 0x00, 0x06, 0xff, 0xff, 0xff, 0xff, 0xff,
    0xf6, 0x00, 0x00, 0x00, 0x00, 0x00, 0x00, 0x6a,
    0xdf, 0xff, 0xda, 0x60, 0x00, 0x00, 0x00,

    /* U+0031 "1" */
    0x00, 0x00, 0x00, 0x00, 0x00, 0x4a, 0xf1, 0x00,
    0x00, 0x00, 0x02, 0x8e, 0xff, 0xf1, 0x00, 0x00,
    0x16, 0xcf, 0xff, 0xff, 0xf1, 0x00, 0x4a, 0xff,
    0xff, 0xff, 0xff, 0xf1, 0x8e, 0xff, 0xff, 0xff,
    0xff, 0xff, 0xf1, 0xff, 0xff, 0xff, 0xfd, 0xaf,
    0xff, 0xf1, 0xff, 0xff, 0xe8, 0x20, 0x4f, 0xff,
    0xf1, 0xff, 0x94, 0x00, 0x00, 0x4f, 0xff, 0xf1,
    0x50, 0x00, 0x00, 0x00, 0x4f, 0xff, 0xf1, 0x00,
    0x00, 0x00, 0x00, 0x4f, 0xff, 0xf1, 0x00, 0x00,
    0x00, 0x00, 0x4f, 0xff, 0xf1, 0x00, 0x00, 0x00,
    0x00, 0x4f, 0xff, 0xf1, 0x00, 0x00, 0x00, 0x00,
    0x4f, 0xff, 0xf1, 0x00, 0x00, 0x00, 0x00, 0x4f,
    0xff, 0xf1, 0x00, 0x00, 0x00, 0x00, 0x4f, 0xff,
    0xf1, 0x00, 0x00, 0x00, 0x00, 0x4f, 0xff, 0xf1,
    0x00, 0x00, 0x00, 0x00, 0x4f, 0xff, 0xf1, 0x00,
    0x00, 0x00, 0x00, 0x4f, 0xff, 0xf1, 0x00, 0x00,
    0x00, 0x00, 0x4f, 0xff, 0xf1, 0x00, 0x00, 0x00,
    0x00, 0x4f, 0xff, 0xf1, 0x00, 0x00, 0x00, 0x00,
    0x4f, 0xff, 0xf1, 0x00, 0x00, 0x00, 0x00, 0x4f,
    0xff, 0xf1, 0x00, 0x00, 0x00, 0x00, 0x4f, 0xff,
    0xf1, 0x00, 0x00, 0x00, 0x00, 0x4f, 0xff, 0xf1,
    0x00, 0x00, 0x00, 0x00, 0x4f, 0xff, 0xf1, 0x00,
    0x00, 0x00, 0x00, 0x4f, 0xff, 0xf1, 0x00, 0x00,
    0x00, 0x00, 0x4f, 0xff, 0xf1, 0x00, 0x00, 0x00,
    0x00, 0x4f, 0xff, 0xf1, 0x00, 0x00, 0x00, 0x00,
    0x4f, 0xff, 0xf1, 0x00, 0x00, 0x00, 0x00, 0x4f,
    0xff, 0xf1, 0x00, 0x00, 0x00, 0x00, 0x4f, 0xff,
    0xf1, 0x00, 0x00, 0x00, 0x00, 0x4f, 0xff, 0xf1,
    0x00, 0x00, 0x00, 0x00, 0x4f, 0xff, 0xf1, 0x00,
    0x00, 0x00, 0x00, 0x4f, 0xff, 0xf1,

    /* U+0032 "2" */
    0x00, 0x00, 0x00, 0x38, 0xbe, 0xff, 0xfd, 0xa6,
    0x10, 0x00, 0x00, 0x00, 0x00, 0x00, 0x2b, 0xff,
    0xff, 0xff, 0xff, 0xff, 0xf8, 0x00, 0x00, 0x00,
    0x00, 0x06, 0xff, 0xff, 0xff, 0xff, 0xff, 0xff,
    0xff, 0xd1, 0x00, 0x00, 0x00, 0x6f, 0xff, 0xff,
    0xfc, 0xa9, 0xbe, 0xff, 0xff, 0xfd, 0x00, 0x00,
    0x02, 0xff, 0xff, 0xf8, 0x10, 0x00, 0x00, 0x6e,
    0xff, 0xff, 0x80, 0x00, 0x0b, 0xff, 0xff, 0x40,
    0x00, 0x00, 0x00, 0x02, 0xff, 0xff, 0xf0, 0x00,
    0x2f, 0xff, 0xf8, 0x00, 0x00, 0x00, 0x00, 0x00,
    0x7f, 0xff, 0xf5, 0x00, 0x6f, 0xff, 0xf1, 0x00,
    0x00, 0x00, 0x00, 0x00, 0x0f, 0xff, 0xf8, 0x00,
    0xaf, 0xff, 0xb0, 0x00, 0x00, 0x00, 0x00, 0x00,
    0x0c, 0xff, 0xf9, 0x00, 0xcf, 0xff, 0x90, 0x00,
    0x00, 0x00, 0x00, 0x00, 0x0b, 0xff, 0xf9, 0x00,
    0x46, 0x66, 0x30, 0x00, 0x00, 0x00, 0x00, 0x00,
    0x0c, 0xff, 0xf7, 0x00, 0x00, 0x00, 0x00, 0x00,
    0x00, 0x00, 0x00, 0x00, 0x0f, 0xff, 0xf3, 0x00,
    0x00, 0x00, 0x00, 0x00, 0x00, 0x00, 0x00, 0x00,
    0x5f, 0xff, 0xe0, 0x00, 0x00, 0x00, 0x00, 0x00,
    0x00, 0x00, 0x00, 0x00, 0xdf, 0xff, 0x70, 0x00,
    0x00, 0x00, 0x00, 0x00, 0x00, 0x00, 0x00, 0x07,
    0xff, 0xfe, 0x00, 0x00, 0x00, 0x00, 0x00, 0x00,
    0x00, 0x00, 0x00, 0x3f, 0xff, 0xf5, 0x00, 0x00,
    0x00, 0x00, 0x00, 0x00, 0x00, 0x00, 0x01, 0xef,
    0xff, 0xb0, 0x00, 0x00, 0x00, 0x00, 0x00, 0x00,
    0x00, 0x00, 0x0d, 0xff, 0xfe, 0x10, 0x00, 0x00,
    0x00, 0x00, 0x00, 0x00, 0x00, 0x00, 0xbf, 0xff,
    0xf3, 0x00, 0x00, 0x00, 0x00, 0x00, 0x00, 0x00,
    0x00, 0x0a, 0xff, 0xff, 0x50, 0x00, 0x00, 0x00,
    0x00, 0x00, 0x00, 0x00, 0x00, 0x9f, 0xff, 0xf6,
    0x00, 0x00, 0x00, 0x00, 0x00, 0x00, 0x00, 0x00,
    0x08, 0xff, 0xff, 0x70, 0x00, 0x00, 0x00, 0x00,
    0x00, 0x00, 0x00, 0x00, 0x7f, 0xff, 0xf8, 0x00,
    0x00, 0x00, 0x00, 0x00, 0x00, 0x00, 0x00, 0x06,
    0xff, 0xff, 0x90, 0x00, 0x00, 0x00, 0x00, 0x00,
    0x00, 0x00, 0x00, 0x4f, 0xff, 0xfa, 0x00, 0x00,
    0x00, 0x00, 0x00, 0x00, 0x00, 0x00, 0x03, 0xff,
    0xff, 0xb0, 0x00, 0x00, 0x00, 0x00, 0x00, 0x00,
    0x00, 0x00, 0x3f, 0xff, 0xfb, 0x00, 0x00, 0x00,
    0x00, 0x00, 0x00, 0x00, 0x00, 0x02, 0xef, 0xff,
    0xc0, 0x00, 0x00, 0x00, 0x00, 0x00, 0x00, 0x00,
    0x00, 0x1d, 0xff, 0xfd, 0x10, 0x00, 0x00, 0x00,
    0x00, 0x00, 0x00, 0x00, 0x01, 0xdf, 0xff, 0xd1,
    0x00, 0x00, 0x00, 0x00, 0x00, 0x00, 0x00, 0x00,
    0x0c, 0xff, 0xff, 0xb9, 0x99, 0x99, 0x99, 0x99,
    0x99, 0x99, 0x99, 0x91, 0x2f, 0xff, 0xff, 0xff,
    0xff, 0xff, 0xff, 0xff, 0xff, 0xff, 0xff, 0xf3,
    0x2f, 0xff, 0xff, 0xff, 0xff, 0xff, 0xff, 0xff,
    0xff, 0xff, 0xff, 0xf3, 0x2f, 0xff, 0xff, 0xff,
    0xff, 0xff, 0xff, 0xff, 0xff, 0xff, 0xff, 0xf3,

    /* U+0033 "3" */
    0x00, 0x00, 0x00, 0x38, 0xce, 0xff, 0xed, 0x95,
    0x00, 0x00, 0x00, 0x00, 0x00, 0x3c, 0xff, 0xff,
    0xff, 0xff, 0xff, 0xe6, 0x00, 0x00, 0x00, 0x07,
    0xff, 0xff, 0xff, 0xff, 0xff, 0xff, 0xff, 0xa0,
    0x00, 0x00, 0x7f, 0xff, 0xff, 0xfb, 0x99, 0xbe,
    0xff, 0xff, 0xfa, 0x00, 0x03, 0xff, 0xff, 0xf6,
    0x00, 0x00, 0x00, 0x4e, 0xff, 0xff, 0x40, 0x0c,
    0xff, 0xff, 0x20, 0x00, 0x00, 0x00, 0x01, 0xef,
    0xff, 0xb0, 0x2f, 0xff, 0xf6, 0x00, 0x00, 0x00,
    0x00, 0x00, 0x7f, 0xff, 0xf1, 0x5f, 0xff, 0xf0,
    0x00, 0x00, 0x00, 0x00, 0x00, 0x2f, 0xff, 0xf3,
    0x6e, 0xee, 0xc0, 0x00, 0x00, 0x00, 0x00, 0x00,
    0x0f, 0xff, 0xf5, 0x00, 0x00, 0x00, 0x00, 0x00,
    0x00, 0x00, 0x00, 0x0f, 0xff, 0xf5, 0x00, 0x00,
    0x00, 0x00, 0x00, 0x00, 0x00, 0x00, 0x3f, 0xff,
    0xf2, 0x00, 0x00, 0x00, 0x00, 0x00, 0x00, 0x00,
    0x00, 0x9f, 0xff, 0xd0, 0x00, 0x00, 0x00, 0x00,
    0x00, 0x00, 0x00, 0x05, 0xff, 0xff, 0x50, 0x00,
    0x00, 0x00, 0x00, 0x00, 0x00, 0x02, 0x9f, 0xff,
    0xf9, 0x00, 0x00, 0x00, 0x00, 0x08, 0xaa, 0xab,
    0xdf, 0xff, 0xff, 0x90, 0x00, 0x00, 0x00, 0x00,
    0x0e, 0xff, 0xff, 0xff, 0xff, 0xd5, 0x00, 0x00,
    0x00, 0x00, 0x00, 0x0e, 0xff, 0xff, 0xff, 0xff,
    0xc5, 0x00, 0x00, 0x00, 0x00, 0x00, 0x0c, 0xff,
    0xff, 0xff, 0xff, 0xff, 0xc1, 0x00, 0x00, 0x00,
    0x00, 0x00, 0x00, 0x00, 0x26, 0xcf, 0xff, 0xfd,
    0x10, 0x00, 0x00, 0x00, 0x00, 0x00, 0x00, 0x00,
    0x07, 0xff, 0xff, 0xa0, 0x00, 0x00, 0x00, 0x00,
    0x00, 0x00, 0x00, 0x00, 0x8f, 0xff, 0xf2, 0x00,
    0x00, 0x00, 0x00, 0x00, 0x00, 0x00, 0x00, 0x0e,
    0xff, 0xf8, 0x00, 0x00, 0x00, 0x00, 0x00, 0x00,
    0x00, 0x00, 0x0a, 0xff, 0xfb, 0x00, 0x00, 0x00,
    0x00, 0x00, 0x00, 0x00, 0x00, 0x08, 0xff, 0xfd,
    0x57, 0x77, 0x40, 0x00, 0x00, 0x00, 0x00, 0x00,
    0x08, 0xff, 0xfd, 0xbf, 0xff, 0xa0, 0x00, 0x00,
    0x00, 0x00, 0x00, 0x09, 0xff, 0xfc, 0x9f, 0xff,
    0xd0, 0x00, 0x00, 0x00, 0x00, 0x00, 0x0d, 0xff,
    0xf9, 0x5f, 0xff, 0xf4, 0x00, 0x00, 0x00, 0x00,
    0x00, 0x3f, 0xff, 0xf5, 0x0e, 0xff, 0xfe, 0x20,
    0x00, 0x00, 0x00, 0x01, 0xdf, 0xff, 0xe0, 0x06,
    0xff, 0xff, 0xe6, 0x00, 0x00, 0x00, 0x4d, 0xff,
    0xff, 0x60, 0x00, 0xaf, 0xff, 0xff, 0xfb, 0x99,
    0xbe, 0xff, 0xff, 0xfa, 0x00, 0x00, 0x09, 0xff,
    0xff, 0xff, 0xff, 0xff, 0xff, 0xff, 0xa0, 0x00,
    0x00, 0x00, 0x4d, 0xff, 0xff, 0xff, 0xff, 0xff,
    0xd5, 0x00, 0x00, 0x00, 0x00, 0x00, 0x38, 0xce,
    0xff, 0xec, 0x94, 0x00, 0x00, 0x00,

    /* U+0034 "4" */
    0x00, 0x00, 0x00, 0x00, 0x00, 0x00, 0x00, 0x0c,
    0xff, 0xff, 0x20, 0x00, 0x00, 0x00, 0x00, 0x00,
    0x00, 0x00, 0x00, 0x07, 0xff, 0xff, 0xf2, 0x00,
    0x00, 0x00, 0x00, 0x00, 0x00, 0x00, 0x00, 0x02,
    0xff, 0xff, 0xff, 0x20, 0x00, 0x00, 0x00, 0x00,
    0x00, 0x00, 0x00, 0x00, 0xcf, 0xff, 0xff, 0xf2,
    0x00, 0x00, 0x00, 0x00, 0x00, 0x00, 0x00, 0x00,
    0x6f, 0xff, 0xff, 0xff, 0x20, 0x00, 0x00, 0x00,
    0x00, 0x00, 0x00, 0x00, 0x1f, 0xff, 0xff, 0xff,
    0xf2, 0x00, 0x00, 0x00, 0x00, 0x00, 0x00, 0x00,
    0x0b, 0xff, 0xf9, 0xff, 0xff, 0x20, 0x00, 0x00,
    0x00, 0x00, 0x00, 0x00, 0x05, 0xff, 0xfc, 0x3f,
    0xff, 0xf2, 0x00, 0x00, 0x00, 0x00, 0x00, 0x00,
    0x01, 0xef, 0xff, 0x23, 0xff, 0xff, 0x20, 0x00,
    0x00, 0x00, 0x00, 0x00, 0x00, 0xaf, 0xff, 0x80,
    0x3f, 0xff, 0xf2, 0x00, 0x00, 0x00, 0x00, 0x00,
    0x00, 0x5f, 0xff, 0xd0, 0x03, 0xff, 0xff, 0x20,
    0x00, 0x00, 0x00, 0x00, 0x00, 0x1e, 0xff, 0xf3,
    0x00, 0x3f, 0xff, 0xf2, 0x00, 0x00, 0x00, 0x00,
    0x00, 0x0a, 0xff, 0xf9, 0x00, 0x03, 0xff, 0xff,
    0x20, 0x00, 0x00, 0x00, 0x00, 0x04, 0xff, 0xfe,
    0x00, 0x00, 0x3f, 0xff, 0xf2, 0x00, 0x00, 0x00,
    0x00, 0x00, 0xef, 0xff, 0x40, 0x00, 0x03, 0xff,
    0xff, 0x20, 0x00, 0x00, 0x00, 0x00, 0x9f, 0xff,
    0xa0, 0x00, 0x00, 0x3f, 0xff, 0xf2, 0x00, 0x00,
    0x00, 0x00, 0x3f, 0xff, 0xe1, 0x00, 0x00, 0x03,
    0xff, 0xff, 0x20, 0x00, 0x00, 0x00, 0x0d, 0xff,
    0xf5, 0x00, 0x00, 0x00, 0x3f, 0xff, 0xf2, 0x00,
    0x00, 0x00, 0x08, 0xff, 0xfb, 0x00, 0x00, 0x00,
    0x03, 0xff, 0xff, 0x20, 0x00, 0x00, 0x03, 0xff,
    0xff, 0x10, 0x00, 0x00, 0x00, 0x3f, 0xff, 0xf2,
    0x00, 0x00, 0x00, 0xdf, 0xff, 0x60, 0x00, 0x00,
    0x00, 0x03, 0xff, 0xff, 0x20, 0x00, 0x00, 0x7f,
    0xff, 0xc0, 0x00, 0x00, 0x00, 0x00, 0x3f, 0xff,
    0xf2, 0x00, 0x00, 0x2f, 0xff, 0xfb, 0x99, 0x99,
    0x99, 0x99, 0x9a, 0xff, 0xff, 0xa9, 0x99, 0x8b,
    0xff, 0xff, 0xff, 0xff, 0xff, 0xff, 0xff, 0xff,
    0xff, 0xff, 0xff, 0xfe, 0xcf, 0xff, 0xff, 0xff,
    0xff, 0xff, 0xff, 0xff, 0xff, 0xff, 0xff, 0xff,
    0xec, 0xff, 0xff, 0xff, 0xff, 0xff, 0xff, 0xff,
    0xff, 0xff, 0xff, 0xff, 0xfe, 0x00, 0x00, 0x00,
    0x00, 0x00, 0x00, 0x00, 0x03, 0xff, 0xff, 0x20,
    0x00, 0x00, 0x00, 0x00, 0x00, 0x00, 0x00, 0x00,
    0x00, 0x3f, 0xff, 0xf2, 0x00, 0x00, 0x00, 0x00,
    0x00, 0x00, 0x00, 0x00, 0x00, 0x03, 0xff, 0xff,
    0x20, 0x00, 0x00, 0x00, 0x00, 0x00, 0x00, 0x00,
    0x00, 0x00, 0x3f, 0xff, 0xf2, 0x00, 0x00, 0x00,
    0x00, 0x00, 0x00, 0x00, 0x00, 0x00, 0x03, 0xff,
    0xff, 0x20, 0x00, 0x00, 0x00, 0x00, 0x00, 0x00,
    0x00, 0x00, 0x00, 0x3f, 0xff, 0xf2, 0x00, 0x00,
    0x00, 0x00, 0x00, 0x00, 0x00, 0x00, 0x00, 0x03,
    0xff, 0xff, 0x20, 0x00, 0x00, 0x00, 0x00, 0x00,
    0x00, 0x00, 0x00, 0x00, 0x3f, 0xff, 0xf2, 0x00,
    0x00,

    /* U+0035 "5" */
    0x00, 0x07, 0xff, 0xff, 0xff, 0xff, 0xff, 0xff,
    0xff, 0xff, 0xf1, 0x00, 0x00, 0x9f, 0xff, 0xff,
    0xff, 0xff, 0xff, 0xff, 0xff, 0xff, 0x10, 0x00,
    0x0b, 0xff, 0xff, 0xff, 0xff, 0xff, 0xff, 0xff,
    0xff, 0xf1, 0x00, 0x00, 0xcf, 0xff, 0xff, 0xff,
    0xff, 0xff, 0xff, 0xff, 0xff, 0x10, 0x00, 0x0e,
    0xff, 0xf3, 0x00, 0x00, 0x00, 0x00, 0x00, 0x00,
    0x00, 0x00, 0x00, 0xff, 0xff, 0x10, 0x00, 0x00,
    0x00, 0x00, 0x00, 0x00, 0x00, 0x00, 0x1f, 0xff,
    0xf0, 0x00, 0x00, 0x00, 0x00, 0x00, 0x00, 0x00,
    0x00, 0x03, 0xff, 0xfd, 0x00, 0x00, 0x00, 0x00,
    0x00, 0x00, 0x00, 0x00, 0x00, 0x5f, 0xff, 0xb0,
    0x00, 0x00, 0x00, 0x00, 0x00, 0x00, 0x00, 0x00,
    0x06, 0xff, 0xf9, 0x00, 0x00, 0x00, 0x00, 0x00,
    0x00, 0x00, 0x00, 0x00, 0x8f, 0xff, 0x70, 0x00,
    0x00, 0x00, 0x00, 0x00, 0x00, 0x00, 0x00, 0x0a,
    0xff, 0xf5, 0x16, 0xad, 0xee, 0xda, 0x50, 0x00,
    0x00, 0x00, 0x00, 0xbf, 0xff, 0xbf, 0xff, 0xff,
    0xff, 0xff, 0xe5, 0x00, 0x00, 0x00, 0x0d, 0xff,
    0xff, 0xff, 0xff, 0xff, 0xff, 0xff, 0xf9, 0x00,
    0x00, 0x00, 0xff, 0xff, 0xff, 0xff, 0xff, 0xff,
    0xff, 0xff, 0xf8, 0x00, 0x00, 0x0f, 0xff, 0xff,
    0xa4, 0x10, 0x02, 0x7e, 0xff, 0xff, 0xf4, 0x00,
    0x00, 0x7b, 0xfe, 0x40, 0x00, 0x00, 0x00, 0x1b,
    0xff, 0xff, 0xd0, 0x00, 0x00, 0x00, 0x10, 0x00,
    0x00, 0x00, 0x00, 0x0c, 0xff, 0xff, 0x30, 0x00,
    0x00, 0x00, 0x00, 0x00, 0x00, 0x00, 0x00, 0x3f,
    0xff, 0xf8, 0x00, 0x00, 0x00, 0x00, 0x00, 0x00,
    0x00, 0x00, 0x00, 0xcf, 0xff, 0xc0, 0x00, 0x00,
    0x00, 0x00, 0x00, 0x00, 0x00, 0x00, 0x08, 0xff,
    0xff, 0x00, 0x00, 0x00, 0x00, 0x00, 0x00, 0x00,
    0x00, 0x00, 0x5f, 0xff, 0xf0, 0x00, 0x00, 0x00,
    0x00, 0x00, 0x00, 0x00, 0x00, 0x04, 0xff, 0xff,
    0x10, 0x00, 0x00, 0x00, 0x00, 0x00, 0x00, 0x00,
    0x00, 0x5f, 0xff, 0xf0, 0x28, 0x88, 0x60, 0x00,
    0x00, 0x00, 0x00, 0x00, 0x06, 0xff, 0xff, 0x04,
    0xff, 0xfe, 0x00, 0x00, 0x00, 0x00, 0x00, 0x00,
    0xaf, 0xff, 0xc0, 0x0f, 0xff, 0xf4, 0x00, 0x00,
    0x00, 0x00, 0x00, 0x0e, 0xff, 0xf9, 0x00, 0xbf,
    0xff, 0xb0, 0x00, 0x00, 0x00, 0x00, 0x06, 0xff,
    0xff, 0x40, 0x05, 0xff, 0xff, 0x70, 0x00, 0x00,
    0x00, 0x03, 0xff, 0xff, 0xd0, 0x00, 0x0c, 0xff,
    0xff, 0x91, 0x00, 0x00, 0x06, 0xff, 0xff, 0xf5,
    0x00, 0x00, 0x2e, 0xff, 0xff, 0xfc, 0x99, 0xae,
    0xff, 0xff, 0xf9, 0x00, 0x00, 0x00, 0x2e, 0xff,
    0xff, 0xff, 0xff, 0xff, 0xff, 0xfa, 0x00, 0x00,
    0x00, 0x00, 0x19, 0xff, 0xff, 0xff, 0xff, 0xff,
    0xe6, 0x00, 0x00, 0x00, 0x00, 0x00, 0x01, 0x7b,
    0xef, 0xff, 0xda, 0x50, 0x00, 0x00, 0x00,

    /* U+0036 "6" */
    0x00, 0x00, 0x00, 0x00, 0x00, 0x37, 0xad, 0xef,
    0xd0, 0x00, 0x00, 0x00, 0x00, 0x00, 0x00, 0x6d,
    0xff, 0xff, 0xff, 0xd0, 0x00, 0x00, 0x00, 0x00,
    0x00, 0x3d, 0xff, 0xff, 0xff, 0xff, 0xd0, 0x00,
    0x00, 0x00, 0x00, 0x06, 0xff, 0xff, 0xff, 0xff,
    0xdb, 0x90, 0x00, 0x00, 0x00, 0x00, 0x6f, 0xff,
    0xff, 0xe7, 0x20, 0x00, 0x00, 0x00, 0x00, 0x00,
    0x04, 0xff, 0xff, 0xf7, 0x00, 0x00, 0x00, 0x00,
    0x00, 0x00, 0x00, 0x0e, 0xff, 0xfe, 0x30, 0x00,
    0x00, 0x00, 0x00, 0x00, 0x00, 0x00, 0x7f, 0xff,
    0xf3, 0x00, 0x00, 0x00, 0x00, 0x00, 0x00, 0x00,
    0x00, 0xef, 0xff, 0x70, 0x00, 0x00, 0x00, 0x00,
    0x00, 0x00, 0x00, 0x05, 0xff, 0xfe, 0x00, 0x00,
    0x00, 0x00, 0x00, 0x00, 0x00, 0x00, 0x0b, 0xff,
    0xf8, 0x00, 0x00, 0x00, 0x00, 0x00, 0x00, 0x00,
    0x00, 0x0f, 0xff, 0xf2, 0x02, 0x7c, 0xef, 0xfe,
    0xa5, 0x00, 0x00, 0x00, 0x3f, 0xff, 0xe0, 0x9f,
    0xff, 0xff, 0xff, 0xff, 0xd4, 0x00, 0x00, 0x6f,
    0xff, 0xcc, 0xff, 0xff, 0xff, 0xff, 0xff, 0xff,
    0x60, 0x00, 0x8f, 0xff, 0xff, 0xff, 0xfd, 0xaa,
    0xbf, 0xff, 0xff, 0xf4, 0x00, 0xaf, 0xff, 0xff,
    0xfb, 0x20, 0x00, 0x01, 0xaf, 0xff, 0xfe, 0x00,
    0xcf, 0xff, 0xff, 0x70, 0x00, 0x00, 0x00, 0x09,
    0xff, 0xff, 0x70, 0xdf, 0xff, 0xf8, 0x00, 0x00,
    0x00, 0x00, 0x00, 0xdf, 0xff, 0xe0, 0xdf, 0xff,
    0xd0, 0x00, 0x00, 0x00, 0x00, 0x00, 0x5f, 0xff,
    0xf3, 0xef, 0xff, 0x80, 0x00, 0x00, 0x00, 0x00,
    0x00, 0x0f, 0xff, 0xf6, 0xef, 0xff, 0x70, 0x00,
    0x00, 0x00, 0x00, 0x00, 0x0c, 0xff, 0xf9, 0xdf,
    0xff, 0x70, 0x00, 0x00, 0x00, 0x00, 0x00, 0x0a,
    0xff, 0xfa, 0xcf, 0xff, 0x80, 0x00, 0x00, 0x00,
    0x00, 0x00, 0x09, 0xff, 0xfa, 0xbf, 0xff, 0xa0,
    0x00, 0x00, 0x00, 0x00, 0x00, 0x0a, 0xff, 0xfa,
    0x8f, 0xff, 0xd0, 0x00, 0x00, 0x00, 0x00, 0x00,
    0x0c, 0xff, 0xf8, 0x4f, 0xff, 0xf2, 0x00, 0x00,
    0x00, 0x00, 0x00, 0x0f, 0xff, 0xf5, 0x0e, 0xff,
    0xf8, 0x00, 0x00, 0x00, 0x00, 0x00, 0x5f, 0xff,
    0xf1, 0x08, 0xff, 0xff, 0x20, 0x00, 0x00, 0x00,
    0x00, 0xcf, 0xff, 0xc0, 0x01, 0xff, 0xff, 0xd1,
    0x00, 0x00, 0x00, 0x08, 0xff, 0xff, 0x50, 0x00,
    0x6f, 0xff, 0xfd, 0x40, 0x00, 0x01, 0xaf, 0xff,
    0xfc, 0x00, 0x00, 0x0a, 0xff, 0xff, 0xfd, 0xaa,
    0xcf, 0xff, 0xff, 0xe2, 0x00, 0x00, 0x00, 0xaf,
    0xff, 0xff, 0xff, 0xff, 0xff, 0xfe, 0x20, 0x00,
    0x00, 0x00, 0x06, 0xff, 0xff, 0xff, 0xff, 0xff,
    0xa1, 0x00, 0x00, 0x00, 0x00, 0x00, 0x16, 0xbe,
    0xff, 0xec, 0x82, 0x00, 0x00, 0x00,

    /* U+0037 "7" */
    0x2f, 0xff, 0xff, 0xff, 0xff, 0xff, 0xff, 0xff,
    0xff, 0xff, 0xff, 0xfe, 0x2f, 0xff, 0xff, 0xff,
    0xff, 0xff, 0xff, 0xff, 0xff, 0xff, 0xff, 0xfe,
    0x2f, 0xff, 0xff, 0xff, 0xff, 0xff, 0xff, 0xff,
    0xff, 0xff, 0xff, 0xfd, 0x19, 0x99, 0x99, 0x99,
    0x99, 0x99, 0x99, 0x99, 0x99, 0x9e, 0xff, 0xf6,
    0x00, 0x00, 0x00, 0x00, 0x00, 0x00, 0x00, 0x00,
    0x00, 0x2f, 0xff, 0xe0, 0x00, 0x00, 0x00, 0x00,
    0x00, 0x00, 0x00, 0x00, 0x00, 0x9f, 0xff, 0x80,
    0x00, 0x00, 0x00, 0x00, 0x00, 0x00, 0x00, 0x00,
    0x01, 0xff, 0xff, 0x10, 0x00, 0x00, 0x00, 0x00,
    0x00, 0x00, 0x00, 0x00, 0x08, 0xff, 0xfa, 0x00,
    0x00, 0x00, 0x00, 0x00, 0x00, 0x00, 0x00, 0x00,
    0x0e, 0xff, 0xf2, 0x00, 0x00, 0x00, 0x00, 0x00,
    0x00, 0x00, 0x00, 0x00, 0x7f, 0xff, 0xb0, 0x00,
    0x00, 0x00, 0x00, 0x00, 0x00, 0x00, 0x00, 0x00,
    0xef, 0xff, 0x40, 0x00, 0x00, 0x00, 0x00, 0x00,
    0x00, 0x00, 0x00, 0x06, 0xff, 0xfd, 0x00, 0x00,
    0x00, 0x00, 0x00, 0x00, 0x00, 0x00, 0x00, 0x0d,
    0xff, 0xf6, 0x00, 0x00, 0x00, 0x00, 0x00, 0x00,
    0x00, 0x00, 0x00, 0x4f, 0xff, 0xe0, 0x00, 0x00,
    0x00, 0x00, 0x00, 0x00, 0x00, 0x00, 0x00, 0xcf,
    0xff, 0x70, 0x00, 0x00, 0x00, 0x00, 0x00, 0x00,
    0x00, 0x00, 0x03, 0xff, 0xff, 0x10, 0x00, 0x00,
    0x00, 0x00, 0x00, 0x00, 0x00, 0x00, 0x0b, 0xff,
    0xf9, 0x00, 0x00, 0x00, 0x00, 0x00, 0x00, 0x00,
    0x00, 0x00, 0x2f, 0xff, 0xf2, 0x00, 0x00, 0x00,
    0x00, 0x00, 0x00, 0x00, 0x00, 0x00, 0x9f, 0xff,
    0xb0, 0x00, 0x00, 0x00, 0x00, 0x00, 0x00, 0x00,
    0x00, 0x01, 0xff, 0xff, 0x40, 0x00, 0x00, 0x00,
    0x00, 0x00, 0x00, 0x00, 0x00, 0x08, 0xff, 0xfc,
    0x00, 0x00, 0x00, 0x00, 0x00, 0x00, 0x00, 0x00,
    0x00, 0x1f, 0xff, 0xf5, 0x00, 0x00, 0x00, 0x00,
    0x00, 0x00, 0x00, 0x00, 0x00, 0x7f, 0xff, 0xe0,
    0x00, 0x00, 0x00, 0x00, 0x00, 0x00, 0x00, 0x00,
    0x00, 0xef, 0xff, 0x70, 0x00, 0x00, 0x00, 0x00,
    0x00, 0x00, 0x00, 0x00, 0x06, 0xff, 0xff, 0x10,
    0x00, 0x00, 0x00, 0x00, 0x00, 0x00, 0x00, 0x00,
    0x0d, 0xff, 0xf9, 0x00, 0x00, 0x00, 0x00, 0x00,
    0x00, 0x00, 0x00, 0x00, 0x5f, 0xff, 0xf2, 0x00,
    0x00, 0x00, 0x00, 0x00, 0x00, 0x00, 0x00, 0x00,
    0xcf, 0xff, 0xa0, 0x00, 0x00, 0x00, 0x00, 0x00,
    0x00, 0x00, 0x00, 0x04, 0xff, 0xff, 0x30, 0x00,
    0x00, 0x00, 0x00, 0x00, 0x00, 0x00, 0x00, 0x0b,
    0xff, 0xfc, 0x00, 0x00, 0x00, 0x00, 0x00, 0x00,
    0x00, 0x00, 0x00, 0x3f, 0xff, 0xf5, 0x00, 0x00,
    0x00, 0x00, 0x00, 0x00, 0x00, 0x00, 0x00, 0xaf,
    0xff, 0xd0, 0x00, 0x00, 0x00, 0x00, 0x00, 0x00,
    0x00, 0x00, 0x02, 0xff, 0xff, 0x70, 0x00, 0x00,
    0x00, 0x00, 0x00, 0x00, 0x00, 0x00, 0x09, 0xff,
    0xff, 0x00, 0x00, 0x00, 0x00, 0x00, 0x00, 0x00,

    /* U+0038 "8" */
    0x00, 0x00, 0x00, 0x16, 0xad, 0xff, 0xfd, 0xa6,
    0x10, 0x00, 0x00, 0x00, 0x00, 0x00, 0x8f, 0xff,
    0xff, 0xff, 0xff, 0xff, 0x80, 0x00, 0x00, 0x00,
    0x01, 0xdf, 0xff, 0xff, 0xff, 0xff, 0xff, 0xff,
    0xd1, 0x00, 0x00, 0x00, 0xdf, 0xff, 0xff, 0xda,
    0x9a, 0xef, 0xff, 0xff, 0xd0, 0x00, 0x00, 0x8f,
    0xff, 0xfd, 0x40, 0x00, 0x00, 0x5e, 0xff, 0xff,
    0x80, 0x00, 0x0f, 0xff, 0xfd, 0x10, 0x00, 0x00,
    0x00, 0x1e, 0xff, 0xff, 0x00, 0x05, 0xff, 0xff,
    0x40, 0x00, 0x00, 0x00, 0x00, 0x5f, 0xff, 0xf4,
    0x00, 0x7f, 0xff, 0xf0, 0x00, 0x00, 0x00, 0x00,
    0x00, 0xff, 0xff, 0x70, 0x09, 0xff, 0xfc, 0x00,
    0x00, 0x00, 0x00, 0x00, 0x0c, 0xff, 0xf8, 0x00,
    0x8f, 0xff, 0xd0, 0x00, 0x00, 0x00, 0x00, 0x00,
    0xdf, 0xff, 0x80, 0x06, 0xff, 0xff, 0x00, 0x00,
    0x00, 0x00, 0x00, 0x0f, 0xff, 0xf5, 0x00, 0x1f,
    0xff, 0xf6, 0x00, 0x00, 0x00, 0x00, 0x06, 0xff,
    0xff, 0x10, 0x00, 0x9f, 0xff, 0xf3, 0x00, 0x00,
    0x00, 0x03, 0xff, 0xff, 0x80, 0x00, 0x00, 0xdf,
    0xff, 0xf7, 0x10, 0x00, 0x17, 0xff, 0xff, 0xc0,
    0x00, 0x00, 0x01, 0xcf, 0xff, 0xff, 0xdc, 0xdf,
    0xff, 0xff, 0xc1, 0x00, 0x00, 0x00, 0x00, 0x8f,
    0xff, 0xff, 0xff, 0xff, 0xff, 0x70, 0x00, 0x00,
    0x00, 0x00, 0x2b, 0xff, 0xff, 0xff, 0xff, 0xff,
    0xfa, 0x10, 0x00, 0x00, 0x00, 0x4f, 0xff, 0xff,
    0xec, 0xbc, 0xff, 0xff, 0xfe, 0x40, 0x00, 0x00,
    0x4f, 0xff, 0xfd, 0x40, 0x00, 0x00, 0x5d, 0xff,
    0xff, 0x30, 0x00, 0x1e, 0xff, 0xfb, 0x00, 0x00,
    0x00, 0x00, 0x1c, 0xff, 0xfe, 0x10, 0x08, 0xff,
    0xfe, 0x10, 0x00, 0x00, 0x00, 0x00, 0x1e, 0xff,
    0xf8, 0x00, 0xef, 0xff, 0x70, 0x00, 0x00, 0x00,
    0x00, 0x00, 0x8f, 0xff, 0xe0, 0x2f, 0xff, 0xf2,
    0x00, 0x00, 0x00, 0x00, 0x00, 0x03, 0xff, 0xff,
    0x34, 0xff, 0xff, 0x00, 0x00, 0x00, 0x00, 0x00,
    0x00, 0x0f, 0xff, 0xf5, 0x5f, 0xff, 0xf0, 0x00,
    0x00, 0x00, 0x00, 0x00, 0x00, 0xff, 0xff, 0x54,
    0xff, 0xff, 0x10, 0x00, 0x00, 0x00, 0x00, 0x00,
    0x1f, 0xff, 0xf4, 0x2f, 0xff, 0xf5, 0x00, 0x00,
    0x00, 0x00, 0x00, 0x05, 0xff, 0xff, 0x20, 0xef,
    0xff, 0xc0, 0x00, 0x00, 0x00, 0x00, 0x00, 0xcf,
    0xff, 0xe0, 0x07, 0xff, 0xff, 0x70, 0x00, 0x00,
    0x00, 0x00, 0x8f, 0xff, 0xf7, 0x00, 0x0e, 0xff,
    0xff, 0xa2, 0x00, 0x00, 0x02, 0xaf, 0xff, 0xfe,
    0x00, 0x00, 0x3f, 0xff, 0xff, 0xfc, 0xa9, 0xac,
    0xff, 0xff, 0xff, 0x30, 0x00, 0x00, 0x4e, 0xff,
    0xff, 0xff, 0xff, 0xff, 0xff, 0xfe, 0x40, 0x00,
    0x00, 0x00, 0x19, 0xff, 0xff, 0xff, 0xff, 0xff,
    0xf9, 0x10, 0x00, 0x00, 0x00, 0x00, 0x01, 0x7b,
    0xdf, 0xff, 0xdb, 0x71, 0x00, 0x00, 0x00,

    /* U+0039 "9" */
    0x00, 0x00, 0x00, 0x28, 0xce, 0xff, 0xeb, 0x71,
    0x00, 0x00, 0x00, 0x00, 0x00, 0x1a, 0xff, 0xff,
    0xff, 0xff, 0xff, 0x70, 0x00, 0x00, 0x00, 0x03,
    0xef, 0xff, 0xff, 0xff, 0xff, 0xff, 0xfb, 0x00,
    0x00, 0x00, 0x2e, 0xff, 0xff, 0xfc, 0xaa, 0xdf,
    0xff, 0xff, 0xb0, 0x00, 0x00, 0xcf, 0xff, 0xfa,
    0x10, 0x00, 0x04, 0xef, 0xff, 0xf7, 0x00, 0x05,
    0xff, 0xff, 0x80, 0x00, 0x00, 0x00, 0x1d, 0xff,
    0xff, 0x10, 0x0c, 0xff, 0xfc, 0x00, 0x00, 0x00,
    0x00, 0x02, 0xff, 0xff, 0x70, 0x1f, 0xff, 0xf4,
    0x00, 0x00, 0x00, 0x00, 0x00, 0x9f, 0xff, 0xe0,
    0x5f, 0xff, 0xf0, 0x00, 0x00, 0x00, 0x00, 0x00,
    0x2f, 0xff, 0xf2, 0x8f, 0xff, 0xc0, 0x00, 0x00,
    0x00, 0x00, 0x00, 0x0e, 0xff, 0xf6, 0x9f, 0xff,
    0xa0, 0x00, 0x00, 0x00, 0x00, 0x00, 0x0b, 0xff,
    0xf9, 0xaf, 0xff, 0x90, 0x00, 0x00, 0x00, 0x00,
    0x00, 0x09, 0xff, 0xfb, 0x9f, 0xff, 0xa0, 0x00,
    0x00, 0x00, 0x00, 0x00, 0x08, 0xff, 0xfc, 0x8f,
    0xff, 0xd0, 0x00, 0x00, 0x00, 0x00, 0x00, 0x08,
    0xff, 0xfc, 0x5f, 0xff, 0xf1, 0x00, 0x00, 0x00,
    0x00, 0x00, 0x08, 0xff, 0xfd, 0x1f, 0xff, 0xf8,
    0x00, 0x00, 0x00, 0x00, 0x00, 0x1e, 0xff, 0xfc,
    0x0b, 0xff, 0xff, 0x20, 0x00, 0x00, 0x00, 0x00,
    0xcf, 0xff, 0xfc, 0x04, 0xff, 0xff, 0xd1, 0x00,
    0x00, 0x00, 0x1c, 0xff, 0xff, 0xfb, 0x00, 0xbf,
    0xff, 0xfe, 0x72, 0x00, 0x38, 0xff, 0xff, 0xff,
    0xfa, 0x00, 0x1e, 0xff, 0xff, 0xff, 0xff, 0xff,
    0xff, 0xeb, 0xff, 0xf9, 0x00, 0x02, 0xdf, 0xff,
    0xff, 0xff, 0xff, 0xfd, 0x2a, 0xff, 0xf7, 0x00,
    0x00, 0x08, 0xff, 0xff, 0xff, 0xfe, 0x70, 0x0c,
    0xff, 0xf4, 0x00, 0x00, 0x00, 0x05, 0x89, 0x98,
    0x50, 0x00, 0x0f, 0xff, 0xf1, 0x00, 0x00, 0x00,
    0x00, 0x00, 0x00, 0x00, 0x00, 0x3f, 0xff, 0xd0,
    0x00, 0x00, 0x00, 0x00, 0x00, 0x00, 0x00, 0x00,
    0x9f, 0xff, 0x80, 0x00, 0x00, 0x00, 0x00, 0x00,
    0x00, 0x00, 0x01, 0xff, 0xff, 0x20, 0x00, 0x00,
    0x00, 0x00, 0x00, 0x00, 0x00, 0x0b, 0xff, 0xfb,
    0x00, 0x00, 0x00, 0x00, 0x00, 0x00, 0x00, 0x00,
    0x9f, 0xff, 0xf3, 0x00, 0x00, 0x00, 0x00, 0x00,
    0x00, 0x00, 0x2c, 0xff, 0xff, 0x80, 0x00, 0x00,
    0x00, 0x00, 0x00, 0x01, 0x4a, 0xff, 0xff, 0xfb,
    0x00, 0x00, 0x00, 0x00, 0x09, 0xbc, 0xef, 0xff,
    0xff, 0xff, 0xb0, 0x00, 0x00, 0x00, 0x00, 0x0d,
    0xff, 0xff, 0xff, 0xff, 0xf7, 0x00, 0x00, 0x00,
    0x00, 0x00, 0x0d, 0xff, 0xff, 0xff, 0xf8, 0x10,
    0x00, 0x00, 0x00, 0x00, 0x00, 0x0d, 0xfe, 0xdb,
    0x84, 0x00, 0x00, 0x00, 0x00, 0x00,

    /* U+003A ":" */
    0x1b, 0xfe, 0x70, 0x9f, 0xff, 0xf4, 0xdf, 0xff,
    0xf8, 0xbf, 0xff, 0xf6, 0x2e, 0xff, 0xb0, 0x00,
    0x32, 0x00, 0x00, 0x00, 0x00, 0x00, 0x00, 0x00,
    0x00, 0x00, 0x00, 0x00, 0x00, 0x00, 0x00, 0x00,
    0x00, 0x00, 0x00, 0x00, 0x00, 0x00, 0x00, 0x00,
    0x00, 0x00, 0x00, 0x00, 0x00, 0x00, 0x00, 0x00,
    0x00, 0x00, 0x00, 0x00, 0x00, 0x00, 0x00, 0x00,
    0x00, 0x00, 0x00, 0x00, 0x00, 0x32, 0x00, 0x3e,
    0xff, 0xb0, 0xbf, 0xff, 0xf5, 0xdf, 0xff, 0xf7,
    0xaf, 0xff, 0xf4, 0x1b, 0xfe, 0x70,

    /* U+003B ";" */
    0x00, 0x06, 0xef, 0xc1, 0x00, 0x2f, 0xff, 0xfb,
    0x00, 0x6f, 0xff, 0xff, 0x00, 0x4f, 0xff, 0xfd,
    0x00, 0x0a, 0xff, 0xf4, 0x00, 0x00, 0x23, 0x00,
    0x00, 0x00, 0x00, 0x00, 0x00, 0x00, 0x00, 0x00,
    0x00, 0x00, 0x00, 0x00, 0x00, 0x00, 0x00, 0x00,
    0x00, 0x00, 0x00, 0x00, 0x00, 0x00, 0x00, 0x00,
    0x00, 0x00, 0x00, 0x00, 0x00, 0x00, 0x00, 0x00,
    0x00, 0x00, 0x00, 0x00, 0x00, 0x00, 0x00, 0x00,
    0x00, 0x00, 0x00, 0x00, 0x00, 0x00, 0x00, 0x00,
    0x00, 0x00, 0x00, 0x00, 0x00, 0x00, 0x00, 0x00,
    0x00, 0x03, 0x44, 0x42, 0x00, 0x0b, 0xff, 0xf8,
    0x00, 0x0b, 0xff, 0xf8, 0x00, 0x0b, 0xff, 0xf8,
    0x00, 0x0b, 0xff, 0xf8, 0x00, 0x0c, 0xff, 0xf6,
    0x00, 0x0e, 0xff, 0xf3, 0x00, 0x3f, 0xff, 0xe0,
    0x00, 0x9f, 0xff, 0x90, 0x01, 0xff, 0xff, 0x10,
    0x0a, 0xff, 0xf7, 0x00, 0x06, 0xff, 0xb0, 0x00,
    0x00, 0x29, 0x00, 0x00,

    /* U+003C "<" */
    0x00, 0x00, 0x00, 0x00, 0x00, 0x00, 0x00, 0x00,
    0x00, 0x49, 0x00, 0x00, 0x00, 0x00, 0x00, 0x00,
    0x00, 0x00, 0x5c, 0xfd, 0x00, 0x00, 0x00, 0x00,
    0x00, 0x00, 0x00, 0x6d, 0xff, 0xfd, 0x00, 0x00,
    0x00, 0x00, 0x00, 0x01, 0x7e, 0xff, 0xff, 0xfd,
    0x00, 0x00, 0x00, 0x00, 0x01, 0x8f, 0xff, 0xff,
    0xff, 0xfc, 0x00, 0x00, 0x00, 0x02, 0x9f, 0xff,
    0xff, 0xff, 0xfb, 0x40, 0x00, 0x00, 0x03, 0xaf,
    0xff, 0xff, 0xff, 0xe8, 0x10, 0x00, 0x00, 0x04,
    0xcf, 0xff, 0xff, 0xff, 0xc5, 0x00, 0x00, 0x00,
    0x05, 0xdf, 0xff, 0xff, 0xff, 0x92, 0x00, 0x00,
    0x00, 0x00, 0x5f, 0xff, 0xff, 0xfd, 0x60, 0x00,
    0x00, 0x00, 0x00, 0x00, 0x6f, 0xff, 0xfc, 0x40,
    0x00, 0x00, 0x00, 0x00, 0x00, 0x00, 0x5f, 0xff,
    0xff, 0xb4, 0x00, 0x00, 0x00, 0x00, 0x00, 0x00,
    0x2d, 0xff, 0xff, 0xff, 0xe7, 0x10, 0x00, 0x00,
    0x00, 0x00, 0x00, 0x4c, 0xff, 0xff, 0xff, 0xfa,
    0x40, 0x00, 0x00, 0x00, 0x00, 0x00, 0x3a, 0xff,
    0xff, 0xff, 0xfd, 0x71, 0x00, 0x00, 0x00, 0x00,
    0x00, 0x29, 0xff, 0xff, 0xff, 0xff, 0xa3, 0x00,
    0x00, 0x00, 0x00, 0x00, 0x18, 0xff, 0xff, 0xff,
    0xff, 0xc5, 0x00, 0x00, 0x00, 0x00, 0x00, 0x17,
    0xef, 0xff, 0xff, 0xfd, 0x00, 0x00, 0x00, 0x00,
    0x00, 0x00, 0x06, 0xdf, 0xff, 0xfd, 0x00, 0x00,
    0x00, 0x00, 0x00, 0x00, 0x00, 0x05, 0xcf, 0xfd,
    0x00, 0x00, 0x00, 0x00, 0x00, 0x00, 0x00, 0x00,
    0x04, 0xbd, 0x00, 0x00, 0x00, 0x00, 0x00, 0x00,
    0x00, 0x00, 0x00, 0x02,

    /* U+003D "=" */
    0x5c, 0xcc, 0xcc, 0xcc, 0xcc, 0xcc, 0xcc, 0xcc,
    0xcc, 0xcc, 0x17, 0xff, 0xff, 0xff, 0xff, 0xff,
    0xff, 0xff, 0xff, 0xff, 0xf1, 0x7f, 0xff, 0xff,
    0xff, 0xff, 0xff, 0xff, 0xff, 0xff, 0xff, 0x17,
    0xff, 0xff, 0xff, 0xff, 0xff, 0xff, 0xff, 0xff,
    0xff, 0xf1, 0x00, 0x00, 0x00, 0x00, 0x00, 0x00,
    0x00, 0x00, 0x00, 0x00, 0x00, 0x00, 0x00, 0x00,
    0x00, 0x00, 0x00, 0x00, 0x00, 0x00, 0x00, 0x00,
    0x00, 0x00, 0x00, 0x00, 0x00, 0x00, 0x00, 0x00,
    0x00, 0x00, 0x00, 0x00, 0x00, 0x00, 0x00, 0x00,
    0x00, 0x00, 0x00, 0x00, 0x00, 0x00, 0x00, 0x00,
    0x00, 0x00, 0x00, 0x00, 0x00, 0x00, 0x00, 0x00,
    0x00, 0x00, 0x00, 0x00, 0x00, 0x00, 0x00, 0x00,
    0x00, 0x5d, 0xdd, 0xdd, 0xdd, 0xdd, 0xdd, 0xdd,
    0xdd, 0xdd, 0xdd, 0x17, 0xff, 0xff, 0xff, 0xff,
    0xff, 0xff, 0xff, 0xff, 0xff, 0xf1, 0x7f, 0xff,
    0xff, 0xff, 0xff, 0xff, 0xff, 0xff, 0xff, 0xff,
    0x17, 0xff, 0xff, 0xff, 0xff, 0xff, 0xff, 0xff,
    0xff, 0xff, 0xf1,

    /* U+003E ">" */
    0xa5, 0x00, 0x00, 0x00, 0x00, 0x00, 0x00, 0x00,
    0x00, 0x00, 0x0d, 0xfe, 0x71, 0x00, 0x00, 0x00,
    0x00, 0x00, 0x00, 0x00, 0x00, 0xdf, 0xff, 0xf9,
    0x20, 0x00, 0x00, 0x00, 0x00, 0x00, 0x00, 0x0d,
    0xff, 0xff, 0xff, 0xb3, 0x00, 0x00, 0x00, 0x00,
    0x00, 0x00, 0x9f, 0xff, 0xff, 0xff, 0xfc, 0x50,
    0x00, 0x00, 0x00, 0x00, 0x00, 0x17, 0xdf, 0xff,
    0xff, 0xff, 0xe7, 0x00, 0x00, 0x00, 0x00, 0x00,
    0x00, 0x3a, 0xff, 0xff, 0xff, 0xff, 0x92, 0x00,
    0x00, 0x00, 0x00, 0x00, 0x01, 0x6d, 0xff, 0xff,
    0xff, 0xfa, 0x30, 0x00, 0x00, 0x00, 0x00, 0x00,
    0x03, 0x9f, 0xff, 0xff, 0xff, 0xc5, 0x00, 0x00,
    0x00, 0x00, 0x00, 0x00, 0x06, 0xcf, 0xff, 0xff,
    0xf3, 0x00, 0x00, 0x00, 0x00, 0x00, 0x00, 0x00,
    0x2d, 0xff, 0xff, 0x40, 0x00, 0x00, 0x00, 0x00,
    0x00, 0x01, 0x7d, 0xff, 0xff, 0xf3, 0x00, 0x00,
    0x00, 0x00, 0x00, 0x4a, 0xff, 0xff, 0xff, 0xfb,
    0x10, 0x00, 0x00, 0x00, 0x17, 0xef, 0xff, 0xff,
    0xff, 0x92, 0x00, 0x00, 0x00, 0x04, 0xaf, 0xff,
    0xff, 0xff, 0xe8, 0x10, 0x00, 0x00, 0x01, 0x7e,
    0xff, 0xff, 0xff, 0xfd, 0x60, 0x00, 0x00, 0x00,
    0x4b, 0xff, 0xff, 0xff, 0xff, 0xb4, 0x00, 0x00,
    0x00, 0x00, 0x0d, 0xff, 0xff, 0xff, 0xfa, 0x30,
    0x00, 0x00, 0x00, 0x00, 0x00, 0xdf, 0xff, 0xfe,
    0x81, 0x00, 0x00, 0x00, 0x00, 0x00, 0x00, 0x0d,
    0xff, 0xd6, 0x00, 0x00, 0x00, 0x00, 0x00, 0x00,
    0x00, 0x00, 0xdc, 0x50, 0x00, 0x00, 0x00, 0x00,
    0x00, 0x00, 0x00, 0x00, 0x02, 0x00, 0x00, 0x00,
    0x00, 0x00, 0x00, 0x00, 0x00, 0x00, 0x00,

    /* U+003F "?" */
    0x00, 0x00, 0x00, 0x5a, 0xdf, 0xff, 0xda, 0x50,
    0x00, 0x00, 0x00, 0x00, 0x6e, 0xff, 0xff, 0xff,
    0xff, 0xfe, 0x50, 0x00, 0x00, 0x0b, 0xff, 0xff,
    0xff, 0xff, 0xff, 0xff, 0xf7, 0x00, 0x00, 0xaf,
    0xff, 0xff, 0xfe, 0xde, 0xff, 0xff, 0xff, 0x50,
    0x04, 0xff, 0xff, 0xf7, 0x10, 0x00, 0x2a, 0xff,
    0xff, 0xe0, 0x0b, 0xff, 0xff, 0x20, 0x00, 0x00,
    0x00, 0x9f, 0xff, 0xf5, 0x0f, 0xff, 0xf7, 0x00,
    0x00, 0x00, 0x00, 0x0f, 0xff, 0xf9, 0x2f, 0xff,
    0xf3, 0x00, 0x00, 0x00, 0x00, 0x0b, 0xff, 0xfb,
    0x15, 0x55, 0x50, 0x00, 0x00, 0x00, 0x00, 0x09,
    0xff, 0xfc, 0x00, 0x00, 0x00, 0x00, 0x00, 0x00,
    0x00, 0x09, 0xff, 0xfb, 0x00, 0x00, 0x00, 0x00,
    0x00, 0x00, 0x00, 0x0c, 0xff, 0xf9, 0x00, 0x00,
    0x00, 0x00, 0x00, 0x00, 0x00, 0x2f, 0xff, 0xf5,
    0x00, 0x00, 0x00, 0x00, 0x00, 0x00, 0x00, 0xbf,
    0xff, 0xd0, 0x00, 0x00, 0x00, 0x00, 0x00, 0x00,
    0x09, 0xff, 0xff, 0x50, 0x00, 0x00, 0x00, 0x00,
    0x00, 0x00, 0x8f, 0xff, 0xfa, 0x00, 0x00, 0x00,
    0x00, 0x00, 0x00, 0x08, 0xff, 0xff, 0xc0, 0x00,
    0x00, 0x00, 0x00, 0x00, 0x00, 0x8f, 0xff, 0xfd,
    0x10, 0x00, 0x00, 0x00, 0x00, 0x00, 0x06, 0xff,
    0xff, 0xd1, 0x00, 0x00, 0x00, 0x00, 0x00, 0x00,
    0x3f, 0xff, 0xfd, 0x10, 0x00, 0x00, 0x00, 0x00,
    0x00, 0x00, 0xcf, 0xff, 0xe1, 0x00, 0x00, 0x00,
    0x00, 0x00, 0x00, 0x02, 0xff, 0xff, 0x60, 0x00,
    0x00, 0x00, 0x00, 0x00, 0x00, 0x06, 0xff, 0xff,
    0x10, 0x00, 0x00, 0x00, 0x00, 0x00, 0x00, 0x08,
    0xff, 0xfd, 0x00, 0x00, 0x00, 0x00, 0x00, 0x00,
    0x00, 0x09, 0xff, 0xfc, 0x00, 0x00, 0x00, 0x00,
    0x00, 0x00, 0x00, 0x02, 0x44, 0x42, 0x00, 0x00,
    0x00, 0x00, 0x00, 0x00, 0x00, 0x00, 0x00, 0x00,
    0x00, 0x00, 0x00, 0x00, 0x00, 0x00, 0x00, 0x00,
    0x00, 0x00, 0x00, 0x00, 0x00, 0x00, 0x00, 0x00,
    0x00, 0x00, 0x00, 0x00, 0x00, 0x00, 0x00, 0x00,
    0x00, 0x00, 0x00, 0x00, 0x00, 0x00, 0x00, 0x00,
    0x00, 0x00, 0x00, 0x00, 0x00, 0x01, 0xbf, 0xe6,
    0x00, 0x00, 0x00, 0x00, 0x00, 0x00, 0x00, 0x09,
    0xff, 0xff, 0x10, 0x00, 0x00, 0x00, 0x00, 0x00,
    0x00, 0x0c, 0xff, 0xff, 0x40, 0x00, 0x00, 0x00,
    0x00, 0x00, 0x00, 0x09, 0xff, 0xff, 0x10, 0x00,
    0x00, 0x00, 0x00, 0x00, 0x00, 0x01, 0xbf, 0xe6,
    0x00, 0x00, 0x00, 0x00,

    /* U+0040 "@" */
    0x00, 0x00, 0x00, 0x00, 0x00, 0x00, 0x00, 0x05,
    0x9c, 0xef, 0xff, 0xed, 0xb7, 0x30, 0x00, 0x00,
    0x00, 0x00, 0x00, 0x00, 0x00, 0x00, 0x00, 0x00,
    0x00, 0x03, 0xaf, 0xff, 0xff, 0xff, 0xff, 0xff,
    0xff, 0xe8, 0x10, 0x00, 0x00, 0x00, 0x00, 0x00,
    0x00, 0x00, 0x00, 0x00, 0x2b, 0xff, 0xff, 0xff,
    0xff, 0xff, 0xff, 0xff, 0xff, 0xff, 0x80, 0x00,
    0x00, 0x00, 0x00, 0x00, 0x00, 0x00, 0x00, 0x6f,
    0xff, 0xff, 0xe9, 0x63, 0x21, 0x22, 0x47, 0xae,
    0xff, 0xff, 0xd2, 0x00, 0x00, 0x00, 0x00, 0x00,
    0x00, 0x00, 0x9f, 0xff, 0xfb, 0x40, 0x00, 0x00,
    0x00, 0x00, 0x00, 0x05, 0xcf, 0xff, 0xe3, 0x00,
    0x00, 0x00, 0x00, 0x00, 0x00, 0xaf, 0xff, 0xe4,
    0x00, 0x00, 0x00, 0x00, 0x00, 0x00, 0x00, 0x00,
    0x6f, 0xff, 0xe2, 0x00, 0x00, 0x00, 0x00, 0x00,
    0x8f, 0xff, 0xc1, 0x00, 0x00, 0x00, 0x00, 0x00,
    0x00, 0x00, 0x00, 0x00, 0x2e, 0xff, 0xd0, 0x00,
    0x00, 0x00, 0x00, 0x5f, 0xff, 0xb0, 0x00, 0x00,
    0x00, 0x00, 0x00, 0x00, 0x00, 0x00, 0x00, 0x00,
    0x2e, 0xff, 0x80, 0x00, 0x00, 0x00, 0x1f, 0xff,
    0xd0, 0x00, 0x00, 0x00, 0x00, 0x00, 0x00, 0x00,
    0x00, 0x00, 0x00, 0x00, 0x4f, 0xff, 0x20, 0x00,
    0x00, 0x0a, 0xff, 0xf2, 0x00, 0x00, 0x00, 0x00,
    0x00, 0x00, 0x00, 0x00, 0x00, 0x00, 0x00, 0x00,
    0x9f, 0xfa, 0x00, 0x00, 0x03, 0xff, 0xf6, 0x00,
    0x00, 0x00, 0x00, 0x01, 0x8c, 0xff, 0xec, 0x71,
    0x00, 0x00, 0x00, 0x01, 0xff, 0xf1, 0x00, 0x00,
    0xbf, 0xfd, 0x00, 0x00, 0x00, 0x00, 0x06, 0xff,
    0xff, 0xff, 0xff, 0xe6, 0x00, 0x00, 0x00, 0x0a,
    0xff, 0x60, 0x00, 0x2f, 0xff, 0x50, 0x00, 0x00,
    0x00, 0x08, 0xff, 0xff, 0xff, 0xff, 0xff, 0xf9,
    0x00, 0x00, 0x00, 0x5f, 0xfb, 0x00, 0x08, 0xff,
    0xe0, 0x00, 0x00, 0x00, 0x06, 0xff, 0xff, 0x72,
    0x02, 0x6e, 0xff, 0xb0, 0x00, 0x00, 0x00, 0xff,
    0xf0, 0x00, 0xef, 0xf9, 0x00, 0x00, 0x00, 0x03,
    0xff, 0xfd, 0x20, 0x00, 0x00, 0xdf, 0xf9, 0x00,
    0x00, 0x00, 0x0c, 0xff, 0x30, 0x3f, 0xff, 0x30,
    0x00, 0x00, 0x00, 0xcf, 0xff, 0x20, 0x00, 0x00,
    0x0e, 0xff, 0x80, 0x00, 0x00, 0x00, 0xaf, 0xf6,
    0x07, 0xff, 0xf0, 0x00, 0x00, 0x00, 0x4f, 0xff,
    0x80, 0x00, 0x00, 0x00, 0xff, 0xf6, 0x00, 0x00,
    0x00, 0x07, 0xff, 0x80, 0xaf, 0xfb, 0x00, 0x00,
    0x00, 0x0b, 0xff, 0xf1, 0x00, 0x00, 0x00, 0x1f,
    0xff, 0x50, 0x00, 0x00, 0x00, 0x6f, 0xf9, 0x0d,
    0xff, 0x80, 0x00, 0x00, 0x01, 0xff, 0xfa, 0x00,
    0x00, 0x00, 0x03, 0xff, 0xf4, 0x00, 0x00, 0x00,
    0x05, 0xff, 0xa0, 0xff, 0xf6, 0x00, 0x00, 0x00,
    0x6f, 0xff, 0x50, 0x00, 0x00, 0x00, 0x4f, 0xff,
    0x20, 0x00, 0x00, 0x00, 0x4f, 0xfb, 0x2f, 0xff,
    0x40, 0x00, 0x00, 0x0a, 0xff, 0xf1, 0x00, 0x00,
    0x00, 0x06, 0xff, 0xf1, 0x00, 0x00, 0x00, 0x04,
    0xff, 0xb3, 0xff, 0xf3, 0x00, 0x00, 0x00, 0xdf,
    0xfe, 0x00, 0x00, 0x00, 0x00, 0x7f, 0xff, 0x00,
    0x00, 0x00, 0x00, 0x5f, 0xfb, 0x4f, 0xff, 0x20,
    0x00, 0x00, 0x0f, 0xff, 0xc0, 0x00, 0x00, 0x00,
    0x08, 0xff, 0xe0, 0x00, 0x00, 0x00, 0x06, 0xff,
    0xa4, 0xff, 0xf1, 0x00, 0x00, 0x01, 0xff, 0xfa,
    0x00, 0x00, 0x00, 0x00, 0xaf, 0xfc, 0x00, 0x00,
    0x00, 0x00, 0x7f, 0xf8, 0x4f, 0xff, 0x10, 0x00,
    0x00, 0x2f, 0xff, 0x80, 0x00, 0x00, 0x00, 0x0b,
    0xff, 0xb0, 0x00, 0x00, 0x00, 0x0a, 0xff, 0x54,
    0xff, 0xf1, 0x00, 0x00, 0x02, 0xff, 0xf8, 0x00,
    0x00, 0x00, 0x00, 0xdf, 0xf9, 0x00, 0x00, 0x00,
    0x00, 0xef, 0xf2, 0x3f, 0xff, 0x20, 0x00, 0x00,
    0x2f, 0xff, 0x90, 0x00, 0x00, 0x00, 0x2f, 0xff,
    0x80, 0x00, 0x00, 0x00, 0x2f, 0xfe, 0x01, 0xff,
    0xf4, 0x00, 0x00, 0x00, 0xff, 0xfc, 0x00, 0x00,
    0x00, 0x09, 0xff, 0xf9, 0x00, 0x00, 0x00, 0x09,
    0xff, 0x90, 0x0f, 0xff, 0x60, 0x00, 0x00, 0x0d,
    0xff, 0xf2, 0x00, 0x00, 0x04, 0xff, 0xff, 0xb0,
    0x00, 0x00, 0x02, 0xff, 0xf2, 0x00, 0xdf, 0xf9,
    0x00, 0x00, 0x00, 0x9f, 0xff, 0xb0, 0x00, 0x04,
    0xff, 0xff, 0xff, 0x00, 0x00, 0x00, 0xcf, 0xfa,
    0x00, 0x09, 0xff, 0xd0, 0x00, 0x00, 0x03, 0xff,
    0xff, 0xd7, 0x6a, 0xff, 0xf7, 0xff, 0xfa, 0x00,
    0x03, 0xdf, 0xfe, 0x10, 0x00, 0x5f, 0xff, 0x10,
    0x00, 0x00, 0x0a, 0xff, 0xff, 0xff, 0xff, 0xf4,
    0x0d, 0xff, 0xff, 0xde, 0xff, 0xff, 0x30, 0x00,
    0x01, 0xff, 0xf7, 0x00, 0x00, 0x00, 0x0b, 0xff,
    0xff, 0xff, 0xe4, 0x00, 0x2e, 0xff, 0xff, 0xff,
    0xfd, 0x20, 0x00, 0x00, 0x0b, 0xff, 0xd0, 0x00,
    0x00, 0x00, 0x06, 0xcf, 0xfd, 0x81, 0x00, 0x00,
    0x08, 0xdf, 0xfe, 0xb5, 0x00, 0x00, 0x00, 0x00,
    0x5f, 0xff, 0x50, 0x00, 0x00, 0x00, 0x00, 0x00,
    0x00, 0x00, 0x00, 0x00, 0x00, 0x00, 0x00, 0x00,
    0x00, 0x00, 0x00, 0x00, 0xdf, 0xfe, 0x00, 0x00,
    0x00, 0x00, 0x00, 0x00, 0x00, 0x00, 0x00, 0x00,
    0x00, 0x00, 0x00, 0x00, 0x00, 0x00, 0x00, 0x04,
    0xff, 0xfa, 0x00, 0x00, 0x00, 0x00, 0x00, 0x00,
    0x00, 0x00, 0x00, 0x00, 0x00, 0x00, 0x00, 0x00,
    0x00, 0x00, 0x00, 0x0a, 0xff, 0xf8, 0x00, 0x00,
    0x00, 0x00, 0x00, 0x00, 0x00, 0x00, 0x00, 0x00,
    0x00, 0x00, 0x00, 0x00, 0x00, 0x00, 0x00, 0x0d,
    0xff, 0xf9, 0x00, 0x00, 0x00, 0x00, 0x00, 0x00,
    0x00, 0x00, 0x00, 0x00, 0x00, 0x00, 0x00, 0x00,
    0x00, 0x00, 0x00, 0x2e, 0xff, 0xfd, 0x30, 0x00,
    0x00, 0x00, 0x00, 0x00, 0x00, 0x02, 0x00, 0x00,
    0x00, 0x00, 0x00, 0x00, 0x00, 0x00, 0x00, 0x1d,
    0xff, 0xff, 0xb5, 0x00, 0x00, 0x00, 0x00, 0x01,
    0x5b, 0xf1, 0x00, 0x00, 0x00, 0x00, 0x00, 0x00,
    0x00, 0x00, 0x00, 0x09, 0xff, 0xff, 0xff, 0xca,
    0x87, 0x78, 0xad, 0xff, 0xff, 0x50, 0x00, 0x00,
    0x00, 0x00, 0x00, 0x00, 0x00, 0x00, 0x00, 0x03,
    0xbf, 0xff, 0xff, 0xff, 0xff, 0xff, 0xff, 0xff,
    0xf5, 0x00, 0x00, 0x00, 0x00, 0x00, 0x00, 0x00,
    0x00, 0x00, 0x00, 0x00, 0x28, 0xdf, 0xff, 0xff,
    0xff, 0xff, 0xfb, 0x61, 0x00, 0x00, 0x00, 0x00,
    0x00, 0x00, 0x00, 0x00, 0x00, 0x00, 0x00, 0x00,
    0x00, 0x03, 0x57, 0x77, 0x65, 0x20, 0x00, 0x00,
    0x00, 0x00, 0x00, 0x00, 0x00, 0x00,

    /* U+0041 "A" */
    0x00, 0x00, 0x00, 0x00, 0x00, 0x00, 0x08, 0xff,
    0xfd, 0x00, 0x00, 0x00, 0x00, 0x00, 0x00, 0x00,
    0x00, 0x00, 0x00, 0x00, 0x00, 0x00, 0xef, 0xff,
    0xf3, 0x00, 0x00, 0x00, 0x00, 0x00, 0x00, 0x00,
    0x00, 0x00, 0x00, 0x00, 0x00, 0x4f, 0xff, 0xff,
    0x90, 0x00, 0x00, 0x00, 0x00, 0x00, 0x00, 0x00,
    0x00, 0x00, 0x00, 0x00, 0x0a, 0xff, 0xff, 0xff,
    0x00, 0x00, 0x00, 0x00, 0x00, 0x00, 0x00, 0x00,
    0x00, 0x00, 0x00, 0x01, 0xff, 0xff, 0xff, 0xf6,
    0x00, 0x00, 0x00, 0x00, 0x00, 0x00, 0x00, 0x00,
    0x00, 0x00, 0x00, 0x6f, 0xff, 0xef, 0xff, 0xc0,
    0x00, 0x00, 0x00, 0x00, 0x00, 0x00, 0x00, 0x00,
    0x00, 0x00, 0x0c, 0xff, 0xf5, 0xff, 0xff, 0x20,
    0x00, 0x00, 0x00, 0x00, 0x00, 0x00, 0x00, 0x00,
    0x00, 0x02, 0xff, 0xfe, 0x09, 0xff, 0xf8, 0x00,
    0x00, 0x00, 0x00, 0x00, 0x00, 0x00, 0x00, 0x00,
    0x00, 0x9f, 0xff, 0x90, 0x3f, 0xff, 0xe0, 0x00,
    0x00, 0x00, 0x00, 0x00, 0x00, 0x00, 0x00, 0x00,
    0x0e, 0xff, 0xf3, 0x00, 0xdf, 0xff, 0x40, 0x00,
    0x00, 0x00, 0x00, 0x00, 0x00, 0x00, 0x00, 0x05,
    0xff, 0xfd, 0x00, 0x08, 0xff, 0xfb, 0x00, 0x00,
    0x00, 0x00, 0x00, 0x00, 0x00, 0x00, 0x00, 0xbf,
    0xff, 0x70, 0x00, 0x2f, 0xff, 0xf1, 0x00, 0x00,
    0x00, 0x00, 0x00, 0x00, 0x00, 0x00, 0x1f, 0xff,
    0xf2, 0x00, 0x00, 0xcf, 0xff, 0x70, 0x00, 0x00,
    0x00, 0x00, 0x00, 0x00, 0x00, 0x07, 0xff, 0xfc,
    0x00, 0x00, 0x06, 0xff, 0xfd, 0x00, 0x00, 0x00,
    0x00, 0x00, 0x00, 0x00, 0x00, 0xdf, 0xff, 0x60,
    0x00, 0x00, 0x1f, 0xff, 0xf3, 0x00, 0x00, 0x00,
    0x00, 0x00, 0x00, 0x00, 0x3f, 0xff, 0xf1, 0x00,
    0x00, 0x00, 0xbf, 0xff, 0x90, 0x00, 0x00, 0x00,
    0x00, 0x00, 0x00, 0x09, 0xff, 0xfa, 0x00, 0x00,
    0x00, 0x05, 0xff, 0xff, 0x00, 0x00, 0x00, 0x00,
    0x00, 0x00, 0x00, 0xff, 0xff, 0x40, 0x00, 0x00,
    0x00, 0x0e, 0xff, 0xf5, 0x00, 0x00, 0x00, 0x00,
    0x00, 0x00, 0x6f, 0xff, 0xe0, 0x00, 0x00, 0x00,
    0x00, 0x9f, 0xff, 0xc0, 0x00, 0x00, 0x00, 0x00,
    0x00, 0x0c, 0xff, 0xf9, 0x00, 0x00, 0x00, 0x00,
    0x03, 0xff, 0xff, 0x20, 0x00, 0x00, 0x00, 0x00,
    0x02, 0xff, 0xff, 0x30, 0x00, 0x00, 0x00, 0x00,
    0x0d, 0xff, 0xf8, 0x00, 0x00, 0x00, 0x00, 0x00,
    0x8f, 0xff, 0xfb, 0xbb, 0xbb, 0xbb, 0xbb, 0xbb,
    0xef, 0xff, 0xe0, 0x00, 0x00, 0x00, 0x00, 0x0e,
    0xff, 0xff, 0xff, 0xff, 0xff, 0xff, 0xff, 0xff,
    0xff, 0xff, 0x40, 0x00, 0x00, 0x00, 0x04, 0xff,
    0xff, 0xff, 0xff, 0xff, 0xff, 0xff, 0xff, 0xff,
    0xff, 0xfa, 0x00, 0x00, 0x00, 0x00, 0xaf, 0xff,
    0xff, 0xff, 0xff, 0xff, 0xff, 0xff, 0xff, 0xff,
    0xff, 0xf1, 0x00, 0x00, 0x00, 0x1f, 0xff, 0xf6,
    0x00, 0x00, 0x00, 0x00, 0x00, 0x00, 0x01, 0xff,
    0xff, 0x70, 0x00, 0x00, 0x07, 0xff, 0xff, 0x10,
    0x00, 0x00, 0x00, 0x00, 0x00, 0x00, 0x0a, 0xff,
    0xfd, 0x00, 0x00, 0x00, 0xdf, 0xff, 0xa0, 0x00,
    0x00, 0x00, 0x00, 0x00, 0x00, 0x00, 0x5f, 0xff,
    0xf3, 0x00, 0x00, 0x3f, 0xff, 0xf4, 0x00, 0x00,
    0x00, 0x00, 0x00, 0x00, 0x00, 0x00, 0xef, 0xff,
    0x90, 0x00, 0x09, 0xff, 0xfe, 0x00, 0x00, 0x00,
    0x00, 0x00, 0x00, 0x00, 0x00, 0x09, 0xff, 0xff,
    0x00, 0x00, 0xff, 0xff, 0x90, 0x00, 0x00, 0x00,
    0x00, 0x00, 0x00, 0x00, 0x00, 0x3f, 0xff, 0xf5,
    0x00, 0x5f, 0xff, 0xf3, 0x00, 0x00, 0x00, 0x00,
    0x00, 0x00, 0x00, 0x00, 0x00, 0xdf, 0xff, 0xb0,
    0x0b, 0xff, 0xfd, 0x00, 0x00, 0x00, 0x00, 0x00,
    0x00, 0x00, 0x00, 0x00, 0x07, 0xff, 0xff, 0x22,
    0xff, 0xff, 0x70, 0x00, 0x00, 0x00, 0x00, 0x00,
    0x00, 0x00, 0x00, 0x00, 0x2f, 0xff, 0xf8,

    /* U+0042 "B" */
    0x0f, 0xff, 0xff, 0xff, 0xff, 0xff, 0xff, 0xdb,
    0x84, 0x00, 0x00, 0x00, 0x00, 0xff, 0xff, 0xff,
    0xff, 0xff, 0xff, 0xff, 0xff, 0xfe, 0x60, 0x00,
    0x00, 0x0f, 0xff, 0xff, 0xff, 0xff, 0xff, 0xff,
    0xff, 0xff, 0xff, 0xb0, 0x00, 0x00, 0xff, 0xff,
    0xdb, 0xbb, 0xbb, 0xbc, 0xce, 0xff, 0xff, 0xff,
    0xa0, 0x00, 0x0f, 0xff, 0xf7, 0x00, 0x00, 0x00,
    0x00, 0x02, 0x9f, 0xff, 0xff, 0x40, 0x00, 0xff,
    0xff, 0x70, 0x00, 0x00, 0x00, 0x00, 0x00, 0x5f,
    0xff, 0xfb, 0x00, 0x0f, 0xff, 0xf7, 0x00, 0x00,
    0x00, 0x00, 0x00, 0x00, 0xbf, 0xff, 0xf0, 0x00,
    0xff, 0xff, 0x70, 0x00, 0x00, 0x00, 0x00, 0x00,
    0x06, 0xff, 0xff, 0x30, 0x0f, 0xff, 0xf7, 0x00,
    0x00, 0x00, 0x00, 0x00, 0x00, 0x4f, 0xff, 0xf4,
    0x00, 0xff, 0xff, 0x70, 0x00, 0x00, 0x00, 0x00,
    0x00, 0x04, 0xff, 0xff, 0x40, 0x0f, 0xff, 0xf7,
    0x00, 0x00, 0x00, 0x00, 0x00, 0x00, 0x7f, 0xff,
    0xf2, 0x00, 0xff, 0xff, 0x70, 0x00, 0x00, 0x00,
    0x00, 0x00, 0x0d, 0xff, 0xfd, 0x00, 0x0f, 0xff,
    0xf7, 0x00, 0x00, 0x00, 0x00, 0x00, 0x09, 0xff,
    0xff, 0x50, 0x00, 0xff, 0xff, 0x70, 0x00, 0x00,
    0x00, 0x00, 0x3c, 0xff, 0xff, 0xa0, 0x00, 0x0f,
    0xff, 0xfd, 0xac, 0xcc, 0xcc, 0xcc, 0xef, 0xff,
    0xff, 0xa0, 0x00, 0x00, 0xff, 0xff, 0xff, 0xff,
    0xff, 0xff, 0xff, 0xff, 0xfd, 0x50, 0x00, 0x00,
    0x0f, 0xff, 0xff, 0xff, 0xff, 0xff, 0xff, 0xff,
    0xff, 0xf9, 0x10, 0x00, 0x00, 0xff, 0xff, 0xff,
    0xff, 0xff, 0xff, 0xff, 0xff, 0xff, 0xff, 0x40,
    0x00, 0x0f, 0xff, 0xf7, 0x00, 0x00, 0x00, 0x00,
    0x14, 0x9f, 0xff, 0xff, 0x40, 0x00, 0xff, 0xff,
    0x70, 0x00, 0x00, 0x00, 0x00, 0x00, 0x2e, 0xff,
    0xfe, 0x00, 0x0f, 0xff, 0xf7, 0x00, 0x00, 0x00,
    0x00, 0x00, 0x00, 0x3f, 0xff, 0xf7, 0x00, 0xff,
    0xff, 0x70, 0x00, 0x00, 0x00, 0x00, 0x00, 0x00,
    0xcf, 0xff, 0xd0, 0x0f, 0xff, 0xf7, 0x00, 0x00,
    0x00, 0x00, 0x00, 0x00, 0x07, 0xff, 0xff, 0x00,
    0xff, 0xff, 0x70, 0x00, 0x00, 0x00, 0x00, 0x00,
    0x00, 0x5f, 0xff, 0xf2, 0x0f, 0xff, 0xf7, 0x00,
    0x00, 0x00, 0x00, 0x00, 0x00, 0x05, 0xff, 0xff,
    0x20, 0xff, 0xff, 0x70, 0x00, 0x00, 0x00, 0x00,
    0x00, 0x00, 0x7f, 0xff, 0xf1, 0x0f, 0xff, 0xf7,
    0x00, 0x00, 0x00, 0x00, 0x00, 0x00, 0x0b, 0xff,
    0xff, 0x00, 0xff, 0xff, 0x70, 0x00, 0x00, 0x00,
    0x00, 0x00, 0x03, 0xff, 0xff, 0xb0, 0x0f, 0xff,
    0xf7, 0x00, 0x00, 0x00, 0x00, 0x00, 0x01, 0xdf,
    0xff, 0xf5, 0x00, 0xff, 0xff, 0x70, 0x00, 0x00,
    0x00, 0x00, 0x17, 0xef, 0xff, 0xfc, 0x00, 0x0f,
    0xff, 0xfd, 0xbb, 0xbb, 0xbb, 0xbb, 0xdf, 0xff,
    0xff, 0xfe, 0x20, 0x00, 0xff, 0xff, 0xff, 0xff,
    0xff, 0xff, 0xff, 0xff, 0xff, 0xfd, 0x20, 0x00,
    0x0f, 0xff, 0xff, 0xff, 0xff, 0xff, 0xff, 0xff,
    0xff, 0xf8, 0x00, 0x00, 0x00, 0xff, 0xff, 0xff,
    0xff, 0xff, 0xff, 0xfe, 0xda, 0x50, 0x00, 0x00,
    0x00,

    /* U+0043 "C" */
    0x00, 0x00, 0x00, 0x00, 0x02, 0x7b, 0xef, 0xff,
    0xec, 0x83, 0x00, 0x00, 0x00, 0x00, 0x00, 0x00,
    0x00, 0x03, 0xbf, 0xff, 0xff, 0xff, 0xff, 0xff,
    0xd5, 0x00, 0x00, 0x00, 0x00, 0x00, 0x00, 0x9f,
    0xff, 0xff, 0xff, 0xff, 0xff, 0xff, 0xff, 0xa0,
    0x00, 0x00, 0x00, 0x00, 0x0b, 0xff, 0xff, 0xff,
    0xec, 0xbc, 0xef, 0xff, 0xff, 0xfc, 0x00, 0x00,
    0x00, 0x00, 0xbf, 0xff, 0xff, 0x93, 0x00, 0x00,
    0x01, 0x7f, 0xff, 0xff, 0xa0, 0x00, 0x00, 0x07,
    0xff, 0xff, 0xe3, 0x00, 0x00, 0x00, 0x00, 0x02,
    0xdf, 0xff, 0xf4, 0x00, 0x00, 0x2f, 0xff, 0xfe,
    0x10, 0x00, 0x00, 0x00, 0x00, 0x00, 0x2f, 0xff,
    0xfd, 0x00, 0x00, 0x9f, 0xff, 0xf4, 0x00, 0x00,
    0x00, 0x00, 0x00, 0x00, 0x08, 0xff, 0xff, 0x30,
    0x00, 0xff, 0xff, 0xb0, 0x00, 0x00, 0x00, 0x00,
    0x00, 0x00, 0x01, 0xff, 0xff, 0x80, 0x05, 0xff,
    0xff, 0x40, 0x00, 0x00, 0x00, 0x00, 0x00, 0x00,
    0x00, 0xcf, 0xff, 0xc0, 0x0a, 0xff, 0xfe, 0x00,
    0x00, 0x00, 0x00, 0x00, 0x00, 0x00, 0x00, 0x8f,
    0xff, 0xf0, 0x0d, 0xff, 0xfb, 0x00, 0x00, 0x00,
    0x00, 0x00, 0x00, 0x00, 0x00, 0x12, 0x22, 0x20,
    0x0f, 0xff, 0xf8, 0x00, 0x00, 0x00, 0x00, 0x00,
    0x00, 0x00, 0x00, 0x00, 0x00, 0x00, 0x1f, 0xff,
    0xf6, 0x00, 0x00, 0x00, 0x00, 0x00, 0x00, 0x00,
    0x00, 0x00, 0x00, 0x00, 0x2f, 0xff, 0xf5, 0x00,
    0x00, 0x00, 0x00, 0x00, 0x00, 0x00, 0x00, 0x00,
    0x00, 0x00, 0x3f, 0xff, 0xf5, 0x00, 0x00, 0x00,
    0x00, 0x00, 0x00, 0x00, 0x00, 0x00, 0x00, 0x00,
    0x3f, 0xff, 0xf5, 0x00, 0x00, 0x00, 0x00, 0x00,
    0x00, 0x00, 0x00, 0x00, 0x00, 0x00, 0x3f, 0xff,
    0xf5, 0x00, 0x00, 0x00, 0x00, 0x00, 0x00, 0x00,
    0x00, 0x00, 0x00, 0x00, 0x3f, 0xff, 0xf5, 0x00,
    0x00, 0x00, 0x00, 0x00, 0x00, 0x00, 0x00, 0x00,
    0x00, 0x00, 0x2f, 0xff, 0xf5, 0x00, 0x00, 0x00,
    0x00, 0x00, 0x00, 0x00, 0x00, 0x00, 0x00, 0x00,
    0x1f, 0xff, 0xf6, 0x00, 0x00, 0x00, 0x00, 0x00,
    0x00, 0x00, 0x00, 0x00, 0x00, 0x00, 0x0f, 0xff,
    0xf8, 0x00, 0x00, 0x00, 0x00, 0x00, 0x00, 0x00,
    0x00, 0x00, 0x00, 0x00, 0x0d, 0xff, 0xfb, 0x00,
    0x00, 0x00, 0x00, 0x00, 0x00, 0x00, 0x00, 0x00,
    0x00, 0x00, 0x0a, 0xff, 0xfe, 0x00, 0x00, 0x00,
    0x00, 0x00, 0x00, 0x00, 0x00, 0x8f, 0xff, 0xf0,
    0x05, 0xff, 0xff, 0x40, 0x00, 0x00, 0x00, 0x00,
    0x00, 0x00, 0x00, 0xcf, 0xff, 0xd0, 0x01, 0xff,
    0xff, 0xa0, 0x00, 0x00, 0x00, 0x00, 0x00, 0x00,
    0x01, 0xff, 0xff, 0x90, 0x00, 0x9f, 0xff, 0xf3,
    0x00, 0x00, 0x00, 0x00, 0x00, 0x00, 0x07, 0xff,
    0xff, 0x30, 0x00, 0x2f, 0xff, 0xfd, 0x10, 0x00,
    0x00, 0x00, 0x00, 0x00, 0x2f, 0xff, 0xfc, 0x00,
    0x00, 0x08, 0xff, 0xff, 0xd1, 0x00, 0x00, 0x00,
    0x00, 0x01, 0xdf, 0xff, 0xf4, 0x00, 0x00, 0x00,
    0xbf, 0xff, 0xff, 0x71, 0x00, 0x00, 0x01, 0x7f,
    0xff, 0xff, 0x90, 0x00, 0x00, 0x00, 0x0c, 0xff,
    0xff, 0xff, 0xdb, 0xbc, 0xef, 0xff, 0xff, 0xfb,
    0x00, 0x00, 0x00, 0x00, 0x00, 0xaf, 0xff, 0xff,
    0xff, 0xff, 0xff, 0xff, 0xff, 0x90, 0x00, 0x00,
    0x00, 0x00, 0x00, 0x04, 0xcf, 0xff, 0xff, 0xff,
    0xff, 0xff, 0xc3, 0x00, 0x00, 0x00, 0x00, 0x00,
    0x00, 0x00, 0x03, 0x8c, 0xef, 0xff, 0xdb, 0x72,
    0x00, 0x00, 0x00, 0x00,

    /* U+0044 "D" */
    0x0f, 0xff, 0xff, 0xff, 0xff, 0xff, 0xec, 0x95,
    0x00, 0x00, 0x00, 0x00, 0x00, 0x0f, 0xff, 0xff,
    0xff, 0xff, 0xff, 0xff, 0xff, 0xf8, 0x10, 0x00,
    0x00, 0x00, 0x0f, 0xff, 0xff, 0xff, 0xff, 0xff,
    0xff, 0xff, 0xff, 0xe6, 0x00, 0x00, 0x00, 0x0f,
    0xff, 0xfd, 0xbb, 0xbb, 0xbc, 0xef, 0xff, 0xff,
    0xff, 0x90, 0x00, 0x00, 0x0f, 0xff, 0xf7, 0x00,
    0x00, 0x00, 0x01, 0x5b, 0xff, 0xff, 0xfa, 0x00,
    0x00, 0x0f, 0xff, 0xf7, 0x00, 0x00, 0x00, 0x00,
    0x00, 0x4e, 0xff, 0xff, 0x80, 0x00, 0x0f, 0xff,
    0xf7, 0x00, 0x00, 0x00, 0x00, 0x00, 0x02, 0xef,
    0xff, 0xf3, 0x00, 0x0f, 0xff, 0xf7, 0x00, 0x00,
    0x00, 0x00, 0x00, 0x00, 0x2f, 0xff, 0xfc, 0x00,
    0x0f, 0xff, 0xf7, 0x00, 0x00, 0x00, 0x00, 0x00,
    0x00, 0x08, 0xff, 0xff, 0x30, 0x0f, 0xff, 0xf7,
    0x00, 0x00, 0x00, 0x00, 0x00, 0x00, 0x00, 0xff,
    0xff, 0xa0, 0x0f, 0xff, 0xf7, 0x00, 0x00, 0x00,
    0x00, 0x00, 0x00, 0x00, 0x9f, 0xff, 0xf0, 0x0f,
    0xff, 0xf7, 0x00, 0x00, 0x00, 0x00, 0x00, 0x00,
    0x00, 0x5f, 0xff, 0xf3, 0x0f, 0xff, 0xf7, 0x00,
    0x00, 0x00, 0x00, 0x00, 0x00, 0x00, 0x1f, 0xff,
    0xf6, 0x0f, 0xff, 0xf7, 0x00, 0x00, 0x00, 0x00,
    0x00, 0x00, 0x00, 0x0f, 0xff, 0xf8, 0x0f, 0xff,
    0xf7, 0x00, 0x00, 0x00, 0x00, 0x00, 0x00, 0x00,
    0x0d, 0xff, 0xf9, 0x0f, 0xff, 0xf7, 0x00, 0x00,
    0x00, 0x00, 0x00, 0x00, 0x00, 0x0d, 0xff, 0xfa,
    0x0f, 0xff, 0xf7, 0x00, 0x00, 0x00, 0x00, 0x00,
    0x00, 0x00, 0x0d, 0xff, 0xfa, 0x0f, 0xff, 0xf7,
    0x00, 0x00, 0x00, 0x00, 0x00, 0x00, 0x00, 0x0d,
    0xff, 0xfa, 0x0f, 0xff, 0xf7, 0x00, 0x00, 0x00,
    0x00, 0x00, 0x00, 0x00, 0x0d, 0xff, 0xfa, 0x0f,
    0xff, 0xf7, 0x00, 0x00, 0x00, 0x00, 0x00, 0x00,
    0x00, 0x0d, 0xff, 0xf9, 0x0f, 0xff, 0xf7, 0x00,
    0x00, 0x00, 0x00, 0x00, 0x00, 0x00, 0x0f, 0xff,
    0xf8, 0x0f, 0xff, 0xf7, 0x00, 0x00, 0x00, 0x00,
    0x00, 0x00, 0x00, 0x2f, 0xff, 0xf6, 0x0f, 0xff,
    0xf7, 0x00, 0x00, 0x00, 0x00, 0x00, 0x00, 0x00,
    0x5f, 0xff, 0xf3, 0x0f, 0xff, 0xf7, 0x00, 0x00,
    0x00, 0x00, 0x00, 0x00, 0x00, 0xaf, 0xff, 0xf0,
    0x0f, 0xff, 0xf7, 0x00, 0x00, 0x00, 0x00, 0x00,
    0x00, 0x01, 0xff, 0xff, 0xa0, 0x0f, 0xff, 0xf7,
    0x00, 0x00, 0x00, 0x00, 0x00, 0x00, 0x09, 0xff,
    0xff, 0x30, 0x0f, 0xff, 0xf7, 0x00, 0x00, 0x00,
    0x00, 0x00, 0x00, 0x3f, 0xff, 0xfc, 0x00, 0x0f,
    0xff, 0xf7, 0x00, 0x00, 0x00, 0x00, 0x00, 0x02,
    0xef, 0xff, 0xf3, 0x00, 0x0f, 0xff, 0xf7, 0x00,
    0x00, 0x00, 0x00, 0x00, 0x5f, 0xff, 0xff, 0x80,
    0x00, 0x0f, 0xff, 0xf7, 0x00, 0x00, 0x00, 0x01,
    0x6c, 0xff, 0xff, 0xfa, 0x00, 0x00, 0x0f, 0xff,
    0xfd, 0xbb, 0xbb, 0xbc, 0xef, 0xff, 0xff, 0xff,
    0x90, 0x00, 0x00, 0x0f, 0xff, 0xff, 0xff, 0xff,
    0xff, 0xff, 0xff, 0xff, 0xe5, 0x00, 0x00, 0x00,
    0x0f, 0xff, 0xff, 0xff, 0xff, 0xff, 0xff, 0xff,
    0xe7, 0x00, 0x00, 0x00, 0x00, 0x0f, 0xff, 0xff,
    0xff, 0xff, 0xff, 0xdb, 0x84, 0x00, 0x00, 0x00,
    0x00, 0x00,

    /* U+0045 "E" */
    0x0f, 0xff, 0xff, 0xff, 0xff, 0xff, 0xff, 0xff,
    0xff, 0xff, 0xff, 0x60, 0xff, 0xff, 0xff, 0xff,
    0xff, 0xff, 0xff, 0xff, 0xff, 0xff, 0xf6, 0x0f,
    0xff, 0xff, 0xff, 0xff, 0xff, 0xff, 0xff, 0xff,
    0xff, 0xff, 0x60, 0xff, 0xff, 0xdb, 0xbb, 0xbb,
    0xbb, 0xbb, 0xbb, 0xbb, 0xbb, 0xb4, 0x0f, 0xff,
    0xf7, 0x00, 0x00, 0x00, 0x00, 0x00, 0x00, 0x00,
    0x00, 0x00, 0xff, 0xff, 0x70, 0x00, 0x00, 0x00,
    0x00, 0x00, 0x00, 0x00, 0x00, 0x0f, 0xff, 0xf7,
    0x00, 0x00, 0x00, 0x00, 0x00, 0x00, 0x00, 0x00,
    0x00, 0xff, 0xff, 0x70, 0x00, 0x00, 0x00, 0x00,
    0x00, 0x00, 0x00, 0x00, 0x0f, 0xff, 0xf7, 0x00,
    0x00, 0x00, 0x00, 0x00, 0x00, 0x00, 0x00, 0x00,
    0xff, 0xff, 0x70, 0x00, 0x00, 0x00, 0x00, 0x00,
    0x00, 0x00, 0x00, 0x0f, 0xff, 0xf7, 0x00, 0x00,
    0x00, 0x00, 0x00, 0x00, 0x00, 0x00, 0x00, 0xff,
    0xff, 0x70, 0x00, 0x00, 0x00, 0x00, 0x00, 0x00,
    0x00, 0x00, 0x0f, 0xff, 0xf7, 0x00, 0x00, 0x00,
    0x00, 0x00, 0x00, 0x00, 0x00, 0x00, 0xff, 0xff,
    0x70, 0x00, 0x00, 0x00, 0x00, 0x00, 0x00, 0x00,
    0x00, 0x0f, 0xff, 0xfd, 0xbb, 0xbb, 0xbb, 0xbb,
    0xbb, 0xbb, 0xbb, 0x20, 0x00, 0xff, 0xff, 0xff,
    0xff, 0xff, 0xff, 0xff, 0xff, 0xff, 0xf4, 0x00,
    0x0f, 0xff, 0xff, 0xff, 0xff, 0xff, 0xff, 0xff,
    0xff, 0xff, 0x40, 0x00, 0xff, 0xff, 0xff, 0xff,
    0xff, 0xff, 0xff, 0xff, 0xff, 0xf4, 0x00, 0x0f,
    0xff, 0xf7, 0x00, 0x00, 0x00, 0x00, 0x00, 0x00,
    0x00, 0x00, 0x00, 0xff, 0xff, 0x70, 0x00, 0x00,
    0x00, 0x00, 0x00, 0x00, 0x00, 0x00, 0x0f, 0xff,
    0xf7, 0x00, 0x00, 0x00, 0x00, 0x00, 0x00, 0x00,
    0x00, 0x00, 0xff, 0xff, 0x70, 0x00, 0x00, 0x00,
    0x00, 0x00, 0x00, 0x00, 0x00, 0x0f, 0xff, 0xf7,
    0x00, 0x00, 0x00, 0x00, 0x00, 0x00, 0x00, 0x00,
    0x00, 0xff, 0xff, 0x70, 0x00, 0x00, 0x00, 0x00,
    0x00, 0x00, 0x00, 0x00, 0x0f, 0xff, 0xf7, 0x00,
    0x00, 0x00, 0x00, 0x00, 0x00, 0x00, 0x00, 0x00,
    0xff, 0xff, 0x70, 0x00, 0x00, 0x00, 0x00, 0x00,
    0x00, 0x00, 0x00, 0x0f, 0xff, 0xf7, 0x00, 0x00,
    0x00, 0x00, 0x00, 0x00, 0x00, 0x00, 0x00, 0xff,
    0xff, 0x70, 0x00, 0x00, 0x00, 0x00, 0x00, 0x00,
    0x00, 0x00, 0x0f, 0xff, 0xf7, 0x00, 0x00, 0x00,
    0x00, 0x00, 0x00, 0x00, 0x00, 0x00, 0xff, 0xff,
    0x70, 0x00, 0x00, 0x00, 0x00, 0x00, 0x00, 0x00,
    0x00, 0x0f, 0xff, 0xfd, 0xbb, 0xbb, 0xbb, 0xbb,
    0xbb, 0xbb, 0xbb, 0xbb, 0x70, 0xff, 0xff, 0xff,
    0xff, 0xff, 0xff, 0xff, 0xff, 0xff, 0xff, 0xfa,
    0x0f, 0xff, 0xff, 0xff, 0xff, 0xff, 0xff, 0xff,
    0xff, 0xff, 0xff, 0xa0, 0xff, 0xff, 0xff, 0xff,
    0xff, 0xff, 0xff, 0xff, 0xff, 0xff, 0xfa,

    /* U+0046 "F" */
    0x0f, 0xff, 0xff, 0xff, 0xff, 0xff, 0xff, 0xff,
    0xff, 0xff, 0xff, 0x10, 0xff, 0xff, 0xff, 0xff,
    0xff, 0xff, 0xff, 0xff, 0xff, 0xff, 0xf1, 0x0f,
    0xff, 0xff, 0xff, 0xff, 0xff, 0xff, 0xff, 0xff,
    0xff, 0xff, 0x10, 0xff, 0xff, 0xdb, 0xbb, 0xbb,
    0xbb, 0xbb, 0xbb, 0xbb, 0xbb, 0xb1, 0x0f, 0xff,
    0xf7, 0x00, 0x00, 0x00, 0x00, 0x00, 0x00, 0x00,
    0x00, 0x00, 0xff, 0xff, 0x70, 0x00, 0x00, 0x00,
    0x00, 0x00, 0x00, 0x00, 0x00, 0x0f, 0xff, 0xf7,
    0x00, 0x00, 0x00, 0x00, 0x00, 0x00, 0x00, 0x00,
    0x00, 0xff, 0xff, 0x70, 0x00, 0x00, 0x00, 0x00,
    0x00, 0x00, 0x00, 0x00, 0x0f, 0xff, 0xf7, 0x00,
    0x00, 0x00, 0x00, 0x00, 0x00, 0x00, 0x00, 0x00,
    0xff, 0xff, 0x70, 0x00, 0x00, 0x00, 0x00, 0x00,
    0x00, 0x00, 0x00, 0x0f, 0xff, 0xf7, 0x00, 0x00,
    0x00, 0x00, 0x00, 0x00, 0x00, 0x00, 0x00, 0xff,
    0xff, 0x70, 0x00, 0x00, 0x00, 0x00, 0x00, 0x00,
    0x00, 0x00, 0x0f, 0xff, 0xf7, 0x00, 0x00, 0x00,
    0x00, 0x00, 0x00, 0x00, 0x00, 0x00, 0xff, 0xff,
    0x70, 0x00, 0x00, 0x00, 0x00, 0x00, 0x00, 0x00,
    0x00, 0x0f, 0xff, 0xf7, 0x00, 0x00, 0x00, 0x00,
    0x00, 0x00, 0x00, 0x00, 0x00, 0xff, 0xff, 0xff,
    0xff, 0xff, 0xff, 0xff, 0xff, 0xff, 0xc0, 0x00,
    0x0f, 0xff, 0xff, 0xff, 0xff, 0xff, 0xff, 0xff,
    0xff, 0xfc, 0x00, 0x00, 0xff, 0xff, 0xff, 0xff,
    0xff, 0xff, 0xff, 0xff, 0xff, 0xc0, 0x00, 0x0f,
    0xff, 0xfd, 0xbb, 0xbb, 0xbb, 0xbb, 0xbb, 0xbb,
    0xb9, 0x00, 0x00, 0xff, 0xff, 0x70, 0x00, 0x00,
    0x00, 0x00, 0x00, 0x00, 0x00, 0x00, 0x0f, 0xff,
    0xf7, 0x00, 0x00, 0x00, 0x00, 0x00, 0x00, 0x00,
    0x00, 0x00, 0xff, 0xff, 0x70, 0x00, 0x00, 0x00,
    0x00, 0x00, 0x00, 0x00, 0x00, 0x0f, 0xff, 0xf7,
    0x00, 0x00, 0x00, 0x00, 0x00, 0x00, 0x00, 0x00,
    0x00, 0xff, 0xff, 0x70, 0x00, 0x00, 0x00, 0x00,
    0x00, 0x00, 0x00, 0x00, 0x0f, 0xff, 0xf7, 0x00,
    0x00, 0x00, 0x00, 0x00, 0x00, 0x00, 0x00, 0x00,
    0xff, 0xff, 0x70, 0x00, 0x00, 0x00, 0x00, 0x00,
    0x00, 0x00, 0x00, 0x0f, 0xff, 0xf7, 0x00, 0x00,
    0x00, 0x00, 0x00, 0x00, 0x00, 0x00, 0x00, 0xff,
    0xff, 0x70, 0x00, 0x00, 0x00, 0x00, 0x00, 0x00,
    0x00, 0x00, 0x0f, 0xff, 0xf7, 0x00, 0x00, 0x00,
    0x00, 0x00, 0x00, 0x00, 0x00, 0x00, 0xff, 0xff,
    0x70, 0x00, 0x00, 0x00, 0x00, 0x00, 0x00, 0x00,
    0x00, 0x0f, 0xff, 0xf7, 0x00, 0x00, 0x00, 0x00,
    0x00, 0x00, 0x00, 0x00, 0x00, 0xff, 0xff, 0x70,
    0x00, 0x00, 0x00, 0x00, 0x00, 0x00, 0x00, 0x00,
    0x0f, 0xff, 0xf7, 0x00, 0x00, 0x00, 0x00, 0x00,
    0x00, 0x00, 0x00, 0x00, 0xff, 0xff, 0x70, 0x00,
    0x00, 0x00, 0x00, 0x00, 0x00, 0x00, 0x00,

    /* U+0047 "G" */
    0x00, 0x00, 0x00, 0x00, 0x03, 0x8b, 0xef, 0xff,
    0xec, 0x95, 0x00, 0x00, 0x00, 0x00, 0x00, 0x00,
    0x00, 0x05, 0xdf, 0xff, 0xff, 0xff, 0xff, 0xff,
    0xf8, 0x00, 0x00, 0x00, 0x00, 0x00, 0x01, 0xbf,
    0xff, 0xff, 0xff, 0xff, 0xff, 0xff, 0xff, 0xe3,
    0x00, 0x00, 0x00, 0x00, 0x1d, 0xff, 0xff, 0xff,
    0xec, 0xbc, 0xef, 0xff, 0xff, 0xff, 0x40, 0x00,
    0x00, 0x00, 0xcf, 0xff, 0xff, 0x93, 0x00, 0x00,
    0x01, 0x6e, 0xff, 0xff, 0xf2, 0x00, 0x00, 0x08,
    0xff, 0xff, 0xd3, 0x00, 0x00, 0x00, 0x00, 0x00,
    0xaf, 0xff, 0xfb, 0x00, 0x00, 0x2f, 0xff, 0xfe,
    0x10, 0x00, 0x00, 0x00, 0x00, 0x00, 0x0c, 0xff,
    0xff, 0x30, 0x00, 0xaf, 0xff, 0xf4, 0x00, 0x00,
    0x00, 0x00, 0x00, 0x00, 0x02, 0xff, 0xff, 0x90,
    0x00, 0xff, 0xff, 0xc0, 0x00, 0x00, 0x00, 0x00,
    0x00, 0x00, 0x00, 0xbf, 0xff, 0xe0, 0x05, 0xff,
    0xff, 0x50, 0x00, 0x00, 0x00, 0x00, 0x00, 0x00,
    0x00, 0x6d, 0xdd, 0xd1, 0x09, 0xff, 0xff, 0x00,
    0x00, 0x00, 0x00, 0x00, 0x00, 0x00, 0x00, 0x00,
    0x00, 0x00, 0x0c, 0xff, 0xfc, 0x00, 0x00, 0x00,
    0x00, 0x00, 0x00, 0x00, 0x00, 0x00, 0x00, 0x00,
    0x0f, 0xff, 0xf9, 0x00, 0x00, 0x00, 0x00, 0x00,
    0x00, 0x00, 0x00, 0x00, 0x00, 0x00, 0x0f, 0xff,
    0xf8, 0x00, 0x00, 0x00, 0x00, 0x00, 0x00, 0x00,
    0x00, 0x00, 0x00, 0x00, 0x1f, 0xff, 0xf7, 0x00,
    0x00, 0x00, 0x00, 0x00, 0x00, 0x00, 0x00, 0x00,
    0x00, 0x00, 0x2f, 0xff, 0xf6, 0x00, 0x00, 0x00,
    0x00, 0x00, 0x00, 0x00, 0x00, 0x00, 0x00, 0x00,
    0x2f, 0xff, 0xf6, 0x00, 0x00, 0x00, 0x00, 0x2b,
    0xbb, 0xbb, 0xbb, 0xbb, 0xbb, 0xb2, 0x2f, 0xff,
    0xf6, 0x00, 0x00, 0x00, 0x00, 0x3f, 0xff, 0xff,
    0xff, 0xff, 0xff, 0xf3, 0x2f, 0xff, 0xf6, 0x00,
    0x00, 0x00, 0x00, 0x3f, 0xff, 0xff, 0xff, 0xff,
    0xff, 0xf3, 0x1f, 0xff, 0xf7, 0x00, 0x00, 0x00,
    0x00, 0x3f, 0xff, 0xff, 0xff, 0xff, 0xff, 0xf3,
    0x0f, 0xff, 0xf8, 0x00, 0x00, 0x00, 0x00, 0x00,
    0x00, 0x00, 0x00, 0x5f, 0xff, 0xf3, 0x0e, 0xff,
    0xfa, 0x00, 0x00, 0x00, 0x00, 0x00, 0x00, 0x00,
    0x00, 0x5f, 0xff, 0xf3, 0x0b, 0xff, 0xfe, 0x00,
    0x00, 0x00, 0x00, 0x00, 0x00, 0x00, 0x00, 0x5f,
    0xff, 0xf3, 0x08, 0xff, 0xff, 0x20, 0x00, 0x00,
    0x00, 0x00, 0x00, 0x00, 0x00, 0x5f, 0xff, 0xf3,
    0x03, 0xff, 0xff, 0x80, 0x00, 0x00, 0x00, 0x00,
    0x00, 0x00, 0x00, 0x5f, 0xff, 0xf3, 0x00, 0xdf,
    0xff, 0xf1, 0x00, 0x00, 0x00, 0x00, 0x00, 0x00,
    0x00, 0x5f, 0xff, 0xf3, 0x00, 0x6f, 0xff, 0xfa,
    0x00, 0x00, 0x00, 0x00, 0x00, 0x00, 0x00, 0x5f,
    0xff, 0xf3, 0x00, 0x0d, 0xff, 0xff, 0x70, 0x00,
    0x00, 0x00, 0x00, 0x00, 0x00, 0x5f, 0xff, 0xf3,
    0x00, 0x03, 0xff, 0xff, 0xf8, 0x00, 0x00, 0x00,
    0x00, 0x00, 0x03, 0xef, 0xff, 0xf3, 0x00, 0x00,
    0x6f, 0xff, 0xff, 0xd6, 0x10, 0x00, 0x00, 0x04,
    0xaf, 0xff, 0xff, 0xc0, 0x00, 0x00, 0x07, 0xff,
    0xff, 0xff, 0xfd, 0xbb, 0xbd, 0xff, 0xff, 0xff,
    0xfc, 0x00, 0x00, 0x00, 0x00, 0x4e, 0xff, 0xff,
    0xff, 0xff, 0xff, 0xff, 0xff, 0xff, 0x90, 0x00,
    0x00, 0x00, 0x00, 0x01, 0x8f, 0xff, 0xff, 0xff,
    0xff, 0xff, 0xff, 0xb3, 0x00, 0x00, 0x00, 0x00,
    0x00, 0x00, 0x00, 0x59, 0xce, 0xff, 0xfe, 0xca,
    0x61, 0x00, 0x00, 0x00,

    /* U+0048 "H" */
    0x0f, 0xff, 0xf7, 0x00, 0x00, 0x00, 0x00, 0x00,
    0x00, 0x00, 0x00, 0x5f, 0xff, 0xf3, 0x0f, 0xff,
    0xf7, 0x00, 0x00, 0x00, 0x00, 0x00, 0x00, 0x00,
    0x00, 0x5f, 0xff, 0xf3, 0x0f, 0xff, 0xf7, 0x00,
    0x00, 0x00, 0x00, 0x00, 0x00, 0x00, 0x00, 0x5f,
    0xff, 0xf3, 0x0f, 0xff, 0xf7, 0x00, 0x00, 0x00,
    0x00, 0x00, 0x00, 0x00, 0x00, 0x5f, 0xff, 0xf3,
    0x0f, 0xff, 0xf7, 0x00, 0x00, 0x00, 0x00, 0x00,
    0x00, 0x00, 0x00, 0x5f, 0xff, 0xf3, 0x0f, 0xff,
    0xf7, 0x00, 0x00, 0x00, 0x00, 0x00, 0x00, 0x00,
    0x00, 0x5f, 0xff, 0xf3, 0x0f, 0xff, 0xf7, 0x00,
    0x00, 0x00, 0x00, 0x00, 0x00, 0x00, 0x00, 0x5f,
    0xff, 0xf3, 0x0f, 0xff, 0xf7, 0x00, 0x00, 0x00,
    0x00, 0x00, 0x00, 0x00, 0x00, 0x5f, 0xff, 0xf3,
    0x0f, 0xff, 0xf7, 0x00, 0x00, 0x00, 0x00, 0x00,
    0x00, 0x00, 0x00, 0x5f, 0xff, 0xf3, 0x0f, 0xff,
    0xf7, 0x00, 0x00, 0x00, 0x00, 0x00, 0x00, 0x00,
    0x00, 0x5f, 0xff, 0xf3, 0x0f, 0xff, 0xf7, 0x00,
    0x00, 0x00, 0x00, 0x00, 0x00, 0x00, 0x00, 0x5f,
    0xff, 0xf3, 0x0f, 0xff, 0xf7, 0x00, 0x00, 0x00,
    0x00, 0x00, 0x00, 0x00, 0x00, 0x5f, 0xff, 0xf3,
    0x0f, 0xff, 0xf7, 0x00, 0x00, 0x00, 0x00, 0x00,
    0x00, 0x00, 0x00, 0x5f, 0xff, 0xf3, 0x0f, 0xff,
    0xf7, 0x00, 0x00, 0x00, 0x00, 0x00, 0x00, 0x00,
    0x00, 0x5f, 0xff, 0xf3, 0x0f, 0xff, 0xfd, 0xbb,
    0xbb, 0xbb, 0xbb, 0xbb, 0xbb, 0xbb, 0xbb, 0xcf,
    0xff, 0xf3, 0x0f, 0xff, 0xff, 0xff, 0xff, 0xff,
    0xff, 0xff, 0xff, 0xff, 0xff, 0xff, 0xff, 0xf3,
    0x0f, 0xff, 0xff, 0xff, 0xff, 0xff, 0xff, 0xff,
    0xff, 0xff, 0xff, 0xff, 0xff, 0xf3, 0x0f, 0xff,
    0xff, 0xff, 0xff, 0xff, 0xff, 0xff, 0xff, 0xff,
    0xff, 0xff, 0xff, 0xf3, 0x0f, 0xff, 0xf7, 0x00,
    0x00, 0x00, 0x00, 0x00, 0x00, 0x00, 0x00, 0x5f,
    0xff, 0xf3, 0x0f, 0xff, 0xf7, 0x00, 0x00, 0x00,
    0x00, 0x00, 0x00, 0x00, 0x00, 0x5f, 0xff, 0xf3,
    0x0f, 0xff, 0xf7, 0x00, 0x00, 0x00, 0x00, 0x00,
    0x00, 0x00, 0x00, 0x5f, 0xff, 0xf3, 0x0f, 0xff,
    0xf7, 0x00, 0x00, 0x00, 0x00, 0x00, 0x00, 0x00,
    0x00, 0x5f, 0xff, 0xf3, 0x0f, 0xff, 0xf7, 0x00,
    0x00, 0x00, 0x00, 0x00, 0x00, 0x00, 0x00, 0x5f,
    0xff, 0xf3, 0x0f, 0xff, 0xf7, 0x00, 0x00, 0x00,
    0x00, 0x00, 0x00, 0x00, 0x00, 0x5f, 0xff, 0xf3,
    0x0f, 0xff, 0xf7, 0x00, 0x00, 0x00, 0x00, 0x00,
    0x00, 0x00, 0x00, 0x5f, 0xff, 0xf3, 0x0f, 0xff,
    0xf7, 0x00, 0x00, 0x00, 0x00, 0x00, 0x00, 0x00,
    0x00, 0x5f, 0xff, 0xf3, 0x0f, 0xff, 0xf7, 0x00,
    0x00, 0x00, 0x00, 0x00, 0x00, 0x00, 0x00, 0x5f,
    0xff, 0xf3, 0x0f, 0xff, 0xf7, 0x00, 0x00, 0x00,
    0x00, 0x00, 0x00, 0x00, 0x00, 0x5f, 0xff, 0xf3,
    0x0f, 0xff, 0xf7, 0x00, 0x00, 0x00, 0x00, 0x00,
    0x00, 0x00, 0x00, 0x5f, 0xff, 0xf3, 0x0f, 0xff,
    0xf7, 0x00, 0x00, 0x00, 0x00, 0x00, 0x00, 0x00,
    0x00, 0x5f, 0xff, 0xf3, 0x0f, 0xff, 0xf7, 0x00,
    0x00, 0x00, 0x00, 0x00, 0x00, 0x00, 0x00, 0x5f,
    0xff, 0xf3, 0x0f, 0xff, 0xf7, 0x00, 0x00, 0x00,
    0x00, 0x00, 0x00, 0x00, 0x00, 0x5f, 0xff, 0xf3,
    0x0f, 0xff, 0xf7, 0x00, 0x00, 0x00, 0x00, 0x00,
    0x00, 0x00, 0x00, 0x5f, 0xff, 0xf3, 0x0f, 0xff,
    0xf7, 0x00, 0x00, 0x00, 0x00, 0x00, 0x00, 0x00,
    0x00, 0x5f, 0xff, 0xf3,

    /* U+0049 "I" */
    0xbf, 0xff, 0xdb, 0xff, 0xfd, 0xbf, 0xff, 0xdb,
    0xff, 0xfd, 0xbf, 0xff, 0xdb, 0xff, 0xfd, 0xbf,
    0xff, 0xdb, 0xff, 0xfd, 0xbf, 0xff, 0xdb, 0xff,
    0xfd, 0xbf, 0xff, 0xdb, 0xff, 0xfd, 0xbf, 0xff,
    0xdb, 0xff, 0xfd, 0xbf, 0xff, 0xdb, 0xff, 0xfd,
    0xbf, 0xff, 0xdb, 0xff, 0xfd, 0xbf, 0xff, 0xdb,
    0xff, 0xfd, 0xbf, 0xff, 0xdb, 0xff, 0xfd, 0xbf,
    0xff, 0xdb, 0xff, 0xfd, 0xbf, 0xff, 0xdb, 0xff,
    0xfd, 0xbf, 0xff, 0xdb, 0xff, 0xfd, 0xbf, 0xff,
    0xdb, 0xff, 0xfd, 0xbf, 0xff, 0xdb, 0xff, 0xfd,
    0xbf, 0xff, 0xdb, 0xff, 0xfd,

    /* U+004A "J" */
    0x00, 0x00, 0x00, 0x00, 0x00, 0x00, 0x00, 0x00,
    0x0b, 0xff, 0xfc, 0x00, 0x00, 0x00, 0x00, 0x00,
    0x00, 0x00, 0x00, 0x0b, 0xff, 0xfc, 0x00, 0x00,
    0x00, 0x00, 0x00, 0x00, 0x00, 0x00, 0x0b, 0xff,
    0xfc, 0x00, 0x00, 0x00, 0x00, 0x00, 0x00, 0x00,
    0x00, 0x0b, 0xff, 0xfc, 0x00, 0x00, 0x00, 0x00,
    0x00, 0x00, 0x00, 0x00, 0x0b, 0xff, 0xfc, 0x00,
    0x00, 0x00, 0x00, 0x00, 0x00, 0x00, 0x00, 0x0b,
    0xff, 0xfc, 0x00, 0x00, 0x00, 0x00, 0x00, 0x00,
    0x00, 0x00, 0x0b, 0xff, 0xfc, 0x00, 0x00, 0x00,
    0x00, 0x00, 0x00, 0x00, 0x00, 0x0b, 0xff, 0xfc,
    0x00, 0x00, 0x00, 0x00, 0x00, 0x00, 0x00, 0x00,
    0x0b, 0xff, 0xfc, 0x00, 0x00, 0x00, 0x00, 0x00,
    0x00, 0x00, 0x00, 0x0b, 0xff, 0xfc, 0x00, 0x00,
    0x00, 0x00, 0x00, 0x00, 0x00, 0x00, 0x0b, 0xff,
    0xfc, 0x00, 0x00, 0x00, 0x00, 0x00, 0x00, 0x00,
    0x00, 0x0b, 0xff, 0xfc, 0x00, 0x00, 0x00, 0x00,
    0x00, 0x00, 0x00, 0x00, 0x0b, 0xff, 0xfc, 0x00,
    0x00, 0x00, 0x00, 0x00, 0x00, 0x00, 0x00, 0x0b,
    0xff, 0xfc, 0x00, 0x00, 0x00, 0x00, 0x00, 0x00,
    0x00, 0x00, 0x0b, 0xff, 0xfc, 0x00, 0x00, 0x00,
    0x00, 0x00, 0x00, 0x00, 0x00, 0x0b, 0xff, 0xfc,
    0x00, 0x00, 0x00, 0x00, 0x00, 0x00, 0x00, 0x00,
    0x0b, 0xff, 0xfc, 0x00, 0x00, 0x00, 0x00, 0x00,
    0x00, 0x00, 0x00, 0x0b, 0xff, 0xfc, 0x00, 0x00,
    0x00, 0x00, 0x00, 0x00, 0x00, 0x00, 0x0b, 0xff,
    0xfc, 0x00, 0x00, 0x00, 0x00, 0x00, 0x00, 0x00,
    0x00, 0x0b, 0xff, 0xfc, 0x00, 0x00, 0x00, 0x00,
    0x00, 0x00, 0x00, 0x00, 0x0b, 0xff, 0xfc, 0x00,
    0x00, 0x00, 0x00, 0x00, 0x00, 0x00, 0x00, 0x0b,
    0xff, 0xfc, 0x00, 0x00, 0x00, 0x00, 0x00, 0x00,
    0x00, 0x00, 0x0b, 0xff, 0xfc, 0x00, 0x00, 0x00,
    0x00, 0x00, 0x00, 0x00, 0x00, 0x0b, 0xff, 0xfc,
    0x9d, 0xdd, 0xa0, 0x00, 0x00, 0x00, 0x00, 0x00,
    0x0c, 0xff, 0xfc, 0xbf, 0xff, 0xd0, 0x00, 0x00,
    0x00, 0x00, 0x00, 0x0e, 0xff, 0xfa, 0x8f, 0xff,
    0xf1, 0x00, 0x00, 0x00, 0x00, 0x00, 0x2f, 0xff,
    0xf8, 0x5f, 0xff, 0xf7, 0x00, 0x00, 0x00, 0x00,
    0x00, 0xaf, 0xff, 0xf3, 0x0e, 0xff, 0xff, 0x30,
    0x00, 0x00, 0x00, 0x06, 0xff, 0xff, 0xd0, 0x07,
    0xff, 0xff, 0xf8, 0x10, 0x00, 0x02, 0xaf, 0xff,
    0xff, 0x40, 0x00, 0xcf, 0xff, 0xff, 0xfd, 0xbb,
    0xdf, 0xff, 0xff, 0xf9, 0x00, 0x00, 0x0b, 0xff,
    0xff, 0xff, 0xff, 0xff, 0xff, 0xff, 0x90, 0x00,
    0x00, 0x00, 0x7e, 0xff, 0xff, 0xff, 0xff, 0xff,
    0xd4, 0x00, 0x00, 0x00, 0x00, 0x00, 0x59, 0xce,
    0xff, 0xec, 0x94, 0x00, 0x00, 0x00,

    /* U+004B "K" */
    0x0f, 0xff, 0xf7, 0x00, 0x00, 0x00, 0x00, 0x00,
    0x00, 0x00, 0xcf, 0xff, 0xfa, 0x00, 0x0f, 0xff,
    0xf7, 0x00, 0x00, 0x00, 0x00, 0x00, 0x00, 0x0b,
    0xff, 0xff, 0xb0, 0x00, 0x0f, 0xff, 0xf7, 0x00,
    0x00, 0x00, 0x00, 0x00, 0x00, 0x9f, 0xff, 0xfc,
    0x00, 0x00, 0x0f, 0xff, 0xf7, 0x00, 0x00, 0x00,
    0x00, 0x00, 0x08, 0xff, 0xff, 0xd1, 0x00, 0x00,
    0x0f, 0xff, 0xf7, 0x00, 0x00, 0x00, 0x00, 0x00,
    0x6f, 0xff, 0xfe, 0x20, 0x00, 0x00, 0x0f, 0xff,
    0xf7, 0x00, 0x00, 0x00, 0x00, 0x05, 0xff, 0xff,
    0xf3, 0x00, 0x00, 0x00, 0x0f, 0xff, 0xf7, 0x00,
    0x00, 0x00, 0x00, 0x3f, 0xff, 0xff, 0x40, 0x00,
    0x00, 0x00, 0x0f, 0xff, 0xf7, 0x00, 0x00, 0x00,
    0x02, 0xff, 0xff, 0xf6, 0x00, 0x00, 0x00, 0x00,
    0x0f, 0xff, 0xf7, 0x00, 0x00, 0x00, 0x1e, 0xff,
    0xff, 0x70, 0x00, 0x00, 0x00, 0x00, 0x0f, 0xff,
    0xf7, 0x00, 0x00, 0x01, 0xdf, 0xff, 0xf9, 0x00,
    0x00, 0x00, 0x00, 0x00, 0x0f, 0xff, 0xf7, 0x00,
    0x00, 0x0c, 0xff, 0xff, 0xb0, 0x00, 0x00, 0x00,
    0x00, 0x00, 0x0f, 0xff, 0xf7, 0x00, 0x00, 0xbf,
    0xff, 0xfc, 0x00, 0x00, 0x00, 0x00, 0x00, 0x00,
    0x0f, 0xff, 0xf7, 0x00, 0x0a, 0xff, 0xff, 0xd1,
    0x00, 0x00, 0x00, 0x00, 0x00, 0x00, 0x0f, 0xff,
    0xf7, 0x00, 0x8f, 0xff, 0xfe, 0x10, 0x00, 0x00,
    0x00, 0x00, 0x00, 0x00, 0x0f, 0xff, 0xf7, 0x07,
    0xff, 0xff, 0xf2, 0x00, 0x00, 0x00, 0x00, 0x00,
    0x00, 0x00, 0x0f, 0xff, 0xf7, 0x5f, 0xff, 0xff,
    0xe2, 0x00, 0x00, 0x00, 0x00, 0x00, 0x00, 0x00,
    0x0f, 0xff, 0xfc, 0xff, 0xff, 0xff, 0xfc, 0x00,
    0x00, 0x00, 0x00, 0x00, 0x00, 0x00, 0x0f, 0xff,
    0xff, 0xff, 0xff, 0xff, 0xff, 0x90, 0x00, 0x00,
    0x00, 0x00, 0x00, 0x00, 0x0f, 0xff, 0xff, 0xff,
    0xf7, 0xff, 0xff, 0xf5, 0x00, 0x00, 0x00, 0x00,
    0x00, 0x00, 0x0f, 0xff, 0xff, 0xff, 0x60, 0x5f,
    0xff, 0xff, 0x20, 0x00, 0x00, 0x00, 0x00, 0x00,
    0x0f, 0xff, 0xff, 0xf6, 0x00, 0x08, 0xff, 0xff,
    0xd0, 0x00, 0x00, 0x00, 0x00, 0x00, 0x0f, 0xff,
    0xff, 0x70, 0x00, 0x00, 0xcf, 0xff, 0xf9, 0x00,
    0x00, 0x00, 0x00, 0x00, 0x0f, 0xff, 0xf9, 0x00,
    0x00, 0x00, 0x1e, 0xff, 0xff, 0x60, 0x00, 0x00,
    0x00, 0x00, 0x0f, 0xff, 0xf7, 0x00, 0x00, 0x00,
    0x04, 0xff, 0xff, 0xf2, 0x00, 0x00, 0x00, 0x00,
    0x0f, 0xff, 0xf7, 0x00, 0x00, 0x00, 0x00, 0x8f,
    0xff, 0xfd, 0x00, 0x00, 0x00, 0x00, 0x0f, 0xff,
    0xf7, 0x00, 0x00, 0x00, 0x00, 0x0b, 0xff, 0xff,
    0xa0, 0x00, 0x00, 0x00, 0x0f, 0xff, 0xf7, 0x00,
    0x00, 0x00, 0x00, 0x01, 0xef, 0xff, 0xf6, 0x00,
    0x00, 0x00, 0x0f, 0xff, 0xf7, 0x00, 0x00, 0x00,
    0x00, 0x00, 0x3f, 0xff, 0xff, 0x30, 0x00, 0x00,
    0x0f, 0xff, 0xf7, 0x00, 0x00, 0x00, 0x00, 0x00,
    0x07, 0xff, 0xff, 0xd1, 0x00, 0x00, 0x0f, 0xff,
    0xf7, 0x00, 0x00, 0x00, 0x00, 0x00, 0x00, 0xbf,
    0xff, 0xfb, 0x00, 0x00, 0x0f, 0xff, 0xf7, 0x00,
    0x00, 0x00, 0x00, 0x00, 0x00, 0x1d, 0xff, 0xff,
    0x70, 0x00, 0x0f, 0xff, 0xf7, 0x00, 0x00, 0x00,
    0x00, 0x00, 0x00, 0x03, 0xff, 0xff, 0xf3, 0x00,
    0x0f, 0xff, 0xf7, 0x00, 0x00, 0x00, 0x00, 0x00,
    0x00, 0x00, 0x6f, 0xff, 0xfe, 0x10, 0x0f, 0xff,
    0xf7, 0x00, 0x00, 0x00, 0x00, 0x00, 0x00, 0x00,
    0x0a, 0xff, 0xff, 0xb0,

    /* U+004C "L" */
    0x0f, 0xff, 0xf7, 0x00, 0x00, 0x00, 0x00, 0x00,
    0x00, 0x00, 0x00, 0x0f, 0xff, 0xf7, 0x00, 0x00,
    0x00, 0x00, 0x00, 0x00, 0x00, 0x00, 0x0f, 0xff,
    0xf7, 0x00, 0x00, 0x00, 0x00, 0x00, 0x00, 0x00,
    0x00, 0x0f, 0xff, 0xf7, 0x00, 0x00, 0x00, 0x00,
    0x00, 0x00, 0x00, 0x00, 0x0f, 0xff, 0xf7, 0x00,
    0x00, 0x00, 0x00, 0x00, 0x00, 0x00, 0x00, 0x0f,
    0xff, 0xf7, 0x00, 0x00, 0x00, 0x00, 0x00, 0x00,
    0x00, 0x00, 0x0f, 0xff, 0xf7, 0x00, 0x00, 0x00,
    0x00, 0x00, 0x00, 0x00, 0x00, 0x0f, 0xff, 0xf7,
    0x00, 0x00, 0x00, 0x00, 0x00, 0x00, 0x00, 0x00,
    0x0f, 0xff, 0xf7, 0x00, 0x00, 0x00, 0x00, 0x00,
    0x00, 0x00, 0x00, 0x0f, 0xff, 0xf7, 0x00, 0x00,
    0x00, 0x00, 0x00, 0x00, 0x00, 0x00, 0x0f, 0xff,
    0xf7, 0x00, 0x00, 0x00, 0x00, 0x00, 0x00, 0x00,
    0x00, 0x0f, 0xff, 0xf7, 0x00, 0x00, 0x00, 0x00,
    0x00, 0x00, 0x00, 0x00, 0x0f, 0xff, 0xf7, 0x00,
    0x00, 0x00, 0x00, 0x00, 0x00, 0x00, 0x00, 0x0f,
    0xff, 0xf7, 0x00, 0x00, 0x00, 0x00, 0x00, 0x00,
    0x00, 0x00, 0x0f, 0xff, 0xf7, 0x00, 0x00, 0x00,
    0x00, 0x00, 0x00, 0x00, 0x00, 0x0f, 0xff, 0xf7,
    0x00, 0x00, 0x00, 0x00, 0x00, 0x00, 0x00, 0x00,
    0x0f, 0xff, 0xf7, 0x00, 0x00, 0x00, 0x00, 0x00,
    0x00, 0x00, 0x00, 0x0f, 0xff, 0xf7, 0x00, 0x00,
    0x00, 0x00, 0x00, 0x00, 0x00, 0x00, 0x0f, 0xff,
    0xf7, 0x00, 0x00, 0x00, 0x00, 0x00, 0x00, 0x00,
    0x00, 0x0f, 0xff, 0xf7, 0x00, 0x00, 0x00, 0x00,
    0x00, 0x00, 0x00, 0x00, 0x0f, 0xff, 0xf7, 0x00,
    0x00, 0x00, 0x00, 0x00, 0x00, 0x00, 0x00, 0x0f,
    0xff, 0xf7, 0x00, 0x00, 0x00, 0x00, 0x00, 0x00,
    0x00, 0x00, 0x0f, 0xff, 0xf7, 0x00, 0x00, 0x00,
    0x00, 0x00, 0x00, 0x00, 0x00, 0x0f, 0xff, 0xf7,
    0x00, 0x00, 0x00, 0x00, 0x00, 0x00, 0x00, 0x00,
    0x0f, 0xff, 0xf7, 0x00, 0x00, 0x00, 0x00, 0x00,
    0x00, 0x00, 0x00, 0x0f, 0xff, 0xf7, 0x00, 0x00,
    0x00, 0x00, 0x00, 0x00, 0x00, 0x00, 0x0f, 0xff,
    0xf7, 0x00, 0x00, 0x00, 0x00, 0x00, 0x00, 0x00,
    0x00, 0x0f, 0xff, 0xf7, 0x00, 0x00, 0x00, 0x00,
    0x00, 0x00, 0x00, 0x00, 0x0f, 0xff, 0xf7, 0x00,
    0x00, 0x00, 0x00, 0x00, 0x00, 0x00, 0x00, 0x0f,
    0xff, 0xf7, 0x00, 0x00, 0x00, 0x00, 0x00, 0x00,
    0x00, 0x00, 0x0f, 0xff, 0xfd, 0xbb, 0xbb, 0xbb,
    0xbb, 0xbb, 0xbb, 0xbb, 0xb7, 0x0f, 0xff, 0xff,
    0xff, 0xff, 0xff, 0xff, 0xff, 0xff, 0xff, 0xfa,
    0x0f, 0xff, 0xff, 0xff, 0xff, 0xff, 0xff, 0xff,
    0xff, 0xff, 0xfa, 0x0f, 0xff, 0xff, 0xff, 0xff,
    0xff, 0xff, 0xff, 0xff, 0xff, 0xfa,

    /* U+004D "M" */
    0x0f, 0xff, 0xff, 0xf0, 0x00, 0x00, 0x00, 0x00,
    0x00, 0x00, 0x00, 0x00, 0x00, 0x00, 0x1f, 0xff,
    0xff, 0xe0, 0xff, 0xff, 0xff, 0x60, 0x00, 0x00,
    0x00, 0x00, 0x00, 0x00, 0x00, 0x00, 0x00, 0x07,
    0xff, 0xff, 0xfe, 0x0f, 0xff, 0xff, 0xfc, 0x00,
    0x00, 0x00, 0x00, 0x00, 0x00, 0x00, 0x00, 0x00,
    0x00, 0xef, 0xff, 0xff, 0xe0, 0xff, 0xff, 0xff,
    0xf3, 0x00, 0x00, 0x00, 0x00, 0x00, 0x00, 0x00,
    0x00, 0x00, 0x4f, 0xff, 0xff, 0xfe, 0x0f, 0xff,
    0xff, 0xff, 0x90, 0x00, 0x00, 0x00, 0x00, 0x00,
    0x00, 0x00, 0x00, 0x0b, 0xff, 0xff, 0xff, 0xe0,
    0xff, 0xff, 0xff, 0xff, 0x00, 0x00, 0x00, 0x00,
    0x00, 0x00, 0x00, 0x00, 0x01, 0xff, 0xff, 0xff,
    0xfe, 0x0f, 0xff, 0xff, 0xff, 0xf6, 0x00, 0x00,
    0x00, 0x00, 0x00, 0x00, 0x00, 0x00, 0x8f, 0xff,
    0xff, 0xff, 0xe0, 0xff, 0xff, 0x9f, 0xff, 0xc0,
    0x00, 0x00, 0x00, 0x00, 0x00, 0x00, 0x00, 0x0e,
    0xff, 0xfa, 0xff, 0xfe, 0x0f, 0xff, 0xf4, 0xff,
    0xff, 0x30, 0x00, 0x00, 0x00, 0x00, 0x00, 0x00,
    0x05, 0xff, 0xff, 0x4f, 0xff, 0xe0, 0xff, 0xff,
    0x2c, 0xff, 0xf9, 0x00, 0x00, 0x00, 0x00, 0x00,
    0x00, 0x00, 0xbf, 0xff, 0xa3, 0xff, 0xfe, 0x0f,
    0xff, 0xf2, 0x5f, 0xff, 0xf0, 0x00, 0x00, 0x00,
    0x00, 0x00, 0x00, 0x2f, 0xff, 0xf3, 0x4f, 0xff,
    0xe0, 0xff, 0xff, 0x20, 0xef, 0xff, 0x60, 0x00,
    0x00, 0x00, 0x00, 0x00, 0x08, 0xff, 0xfd, 0x04,
    0xff, 0xfe, 0x0f, 0xff, 0xf3, 0x08, 0xff, 0xfd,
    0x00, 0x00, 0x00, 0x00, 0x00, 0x00, 0xef, 0xff,
    0x60, 0x5f, 0xff, 0xe0, 0xff, 0xff, 0x30, 0x2f,
    0xff, 0xf3, 0x00, 0x00, 0x00, 0x00, 0x00, 0x5f,
    0xff, 0xf0, 0x05, 0xff, 0xfe, 0x0f, 0xff, 0xf4,
    0x00, 0xbf, 0xff, 0xa0, 0x00, 0x00, 0x00, 0x00,
    0x0b, 0xff, 0xf9, 0x00, 0x6f, 0xff, 0xe0, 0xff,
    0xff, 0x40, 0x04, 0xff, 0xff, 0x10, 0x00, 0x00,
    0x00, 0x02, 0xff, 0xff, 0x30, 0x06, 0xff, 0xfe,
    0x0f, 0xff, 0xf5, 0x00, 0x0e, 0xff, 0xf6, 0x00,
    0x00, 0x00, 0x00, 0x8f, 0xff, 0xc0, 0x00, 0x7f,
    0xff, 0xe0, 0xff, 0xff, 0x50, 0x00, 0x7f, 0xff,
    0xd0, 0x00, 0x00, 0x00, 0x0e, 0xff, 0xf6, 0x00,
    0x07, 0xff, 0xfe, 0x0f, 0xff, 0xf6, 0x00, 0x01,
    0xff, 0xff, 0x30, 0x00, 0x00, 0x05, 0xff, 0xfe,
    0x00, 0x00, 0x8f, 0xff, 0xe0, 0xff, 0xff, 0x60,
    0x00, 0x0a, 0xff, 0xfa, 0x00, 0x00, 0x00, 0xbf,
    0xff, 0x80, 0x00, 0x08, 0xff, 0xfe, 0x0f, 0xff,
    0xf7, 0x00, 0x00, 0x4f, 0xff, 0xf1, 0x00, 0x00,
    0x2f, 0xff, 0xf2, 0x00, 0x00, 0x9f, 0xff, 0xe0,
    0xff, 0xff, 0x70, 0x00, 0x00, 0xdf, 0xff, 0x70,
    0x00, 0x08, 0xff, 0xfb, 0x00, 0x00, 0x09, 0xff,
    0xfe, 0x0f, 0xff, 0xf7, 0x00, 0x00, 0x07, 0xff,
    0xfd, 0x00, 0x00, 0xef, 0xff, 0x50, 0x00, 0x00,
    0x9f, 0xff, 0xe0, 0xff, 0xff, 0x70, 0x00, 0x00,
    0x1f, 0xff, 0xf4, 0x00, 0x5f, 0xff, 0xe0, 0x00,
    0x00, 0x09, 0xff, 0xfe, 0x0f, 0xff, 0xf7, 0x00,
    0x00, 0x00, 0xaf, 0xff, 0xa0, 0x0c, 0xff, 0xf8,
    0x00, 0x00, 0x00, 0x9f, 0xff, 0xe0, 0xff, 0xff,
    0x70, 0x00, 0x00, 0x03, 0xff, 0xff, 0x12, 0xff,
    0xff, 0x10, 0x00, 0x00, 0x09, 0xff, 0xfe, 0x0f,
    0xff, 0xf7, 0x00, 0x00, 0x00, 0x0d, 0xff, 0xf7,
    0x8f, 0xff, 0xb0, 0x00, 0x00, 0x00, 0x9f, 0xff,
    0xe0, 0xff, 0xff, 0x70, 0x00, 0x00, 0x00, 0x6f,
    0xff, 0xde, 0xff, 0xf4, 0x00, 0x00, 0x00, 0x09,
    0xff, 0xfe, 0x0f, 0xff, 0xf7, 0x00, 0x00, 0x00,
    0x00, 0xff, 0xff, 0xff, 0xfe, 0x00, 0x00, 0x00,
    0x00, 0x9f, 0xff, 0xe0, 0xff, 0xff, 0x70, 0x00,
    0x00, 0x00, 0x09, 0xff, 0xff, 0xff, 0x70, 0x00,
    0x00, 0x00, 0x09, 0xff, 0xfe, 0x0f, 0xff, 0xf7,
    0x00, 0x00, 0x00, 0x00, 0x3f, 0xff, 0xff, 0xf1,
    0x00, 0x00, 0x00, 0x00, 0x9f, 0xff, 0xe0, 0xff,
    0xff, 0x70, 0x00, 0x00, 0x00, 0x00, 0xcf, 0xff,
    0xfa, 0x00, 0x00, 0x00, 0x00, 0x09, 0xff, 0xfe,
    0x0f, 0xff, 0xf7, 0x00, 0x00, 0x00, 0x00, 0x06,
    0xff, 0xff, 0x40, 0x00, 0x00, 0x00, 0x00, 0x9f,
    0xff, 0xe0, 0xff, 0xff, 0x70, 0x00, 0x00, 0x00,
    0x00, 0x0f, 0xff, 0xd0, 0x00, 0x00, 0x00, 0x00,
    0x09, 0xff, 0xfe,

    /* U+004E "N" */
    0x0f, 0xff, 0xfc, 0x00, 0x00, 0x00, 0x00, 0x00,
    0x00, 0x00, 0x00, 0x4f, 0xff, 0xf3, 0x0f, 0xff,
    0xff, 0x70, 0x00, 0x00, 0x00, 0x00, 0x00, 0x00,
    0x00, 0x4f, 0xff, 0xf3, 0x0f, 0xff, 0xff, 0xf2,
    0x00, 0x00, 0x00, 0x00, 0x00, 0x00, 0x00, 0x4f,
    0xff, 0xf3, 0x0f, 0xff, 0xff, 0xfc, 0x00, 0x00,
    0x00, 0x00, 0x00, 0x00, 0x00, 0x4f, 0xff, 0xf3,
    0x0f, 0xff, 0xff, 0xff, 0x70, 0x00, 0x00, 0x00,
    0x00, 0x00, 0x00, 0x4f, 0xff, 0xf3, 0x0f, 0xff,
    0xff, 0xff, 0xf2, 0x00, 0x00, 0x00, 0x00, 0x00,
    0x00, 0x4f, 0xff, 0xf3, 0x0f, 0xff, 0xff, 0xff,
    0xfb, 0x00, 0x00, 0x00, 0x00, 0x00, 0x00, 0x4f,
    0xff, 0xf3, 0x0f, 0xff, 0xff, 0xff, 0xff, 0x60,
    0x00, 0x00, 0x00, 0x00, 0x00, 0x4f, 0xff, 0xf3,
    0x0f, 0xff, 0xf9, 0xff, 0xff, 0xf1, 0x00, 0x00,
    0x00, 0x00, 0x00, 0x4f, 0xff, 0xf3, 0x0f, 0xff,
    0xf7, 0x6f, 0xff, 0xfb, 0x00, 0x00, 0x00, 0x00,
    0x00, 0x4f, 0xff, 0xf3, 0x0f, 0xff, 0xf7, 0x0b,
    0xff, 0xff, 0x60, 0x00, 0x00, 0x00, 0x00, 0x4f,
    0xff, 0xf3, 0x0f, 0xff, 0xf7, 0x02, 0xff, 0xff,
    0xe1, 0x00, 0x00, 0x00, 0x00, 0x4f, 0xff, 0xf3,
    0x0f, 0xff, 0xf7, 0x00, 0x6f, 0xff, 0xfa, 0x00,
    0x00, 0x00, 0x00, 0x4f, 0xff, 0xf3, 0x0f, 0xff,
    0xf7, 0x00, 0x0c, 0xff, 0xff, 0x50, 0x00, 0x00,
    0x00, 0x4f, 0xff, 0xf3, 0x0f, 0xff, 0xf7, 0x00,
    0x02, 0xff, 0xff, 0xe1, 0x00, 0x00, 0x00, 0x4f,
    0xff, 0xf3, 0x0f, 0xff, 0xf7, 0x00, 0x00, 0x7f,
    0xff, 0xfa, 0x00, 0x00, 0x00, 0x4f, 0xff, 0xf3,
    0x0f, 0xff, 0xf7, 0x00, 0x00, 0x0c, 0xff, 0xff,
    0x50, 0x00, 0x00, 0x4f, 0xff, 0xf3, 0x0f, 0xff,
    0xf7, 0x00, 0x00, 0x02, 0xff, 0xff, 0xe1, 0x00,
    0x00, 0x4f, 0xff, 0xf3, 0x0f, 0xff, 0xf7, 0x00,
    0x00, 0x00, 0x7f, 0xff, 0xf9, 0x00, 0x00, 0x4f,
    0xff, 0xf3, 0x0f, 0xff, 0xf7, 0x00, 0x00, 0x00,
    0x0d, 0xff, 0xff, 0x40, 0x00, 0x4f, 0xff, 0xf3,
    0x0f, 0xff, 0xf7, 0x00, 0x00, 0x00, 0x03, 0xff,
    0xff, 0xe0, 0x00, 0x4f, 0xff, 0xf3, 0x0f, 0xff,
    0xf7, 0x00, 0x00, 0x00, 0x00, 0x8f, 0xff, 0xf9,
    0x00, 0x4f, 0xff, 0xf3, 0x0f, 0xff, 0xf7, 0x00,
    0x00, 0x00, 0x00, 0x0d, 0xff, 0xff, 0x30, 0x4f,
    0xff, 0xf3, 0x0f, 0xff, 0xf7, 0x00, 0x00, 0x00,
    0x00, 0x03, 0xff, 0xff, 0xd0, 0x4f, 0xff, 0xf3,
    0x0f, 0xff, 0xf7, 0x00, 0x00, 0x00, 0x00, 0x00,
    0x8f, 0xff, 0xf8, 0x4f, 0xff, 0xf3, 0x0f, 0xff,
    0xf7, 0x00, 0x00, 0x00, 0x00, 0x00, 0x0d, 0xff,
    0xff, 0x7f, 0xff, 0xf3, 0x0f, 0xff, 0xf7, 0x00,
    0x00, 0x00, 0x00, 0x00, 0x03, 0xff, 0xff, 0xff,
    0xff, 0xf3, 0x0f, 0xff, 0xf7, 0x00, 0x00, 0x00,
    0x00, 0x00, 0x00, 0x9f, 0xff, 0xff, 0xff, 0xf3,
    0x0f, 0xff, 0xf7, 0x00, 0x00, 0x00, 0x00, 0x00,
    0x00, 0x0e, 0xff, 0xff, 0xff, 0xf3, 0x0f, 0xff,
    0xf7, 0x00, 0x00, 0x00, 0x00, 0x00, 0x00, 0x04,
    0xff, 0xff, 0xff, 0xf3, 0x0f, 0xff, 0xf7, 0x00,
    0x00, 0x00, 0x00, 0x00, 0x00, 0x00, 0xaf, 0xff,
    0xff, 0xf3, 0x0f, 0xff, 0xf7, 0x00, 0x00, 0x00,
    0x00, 0x00, 0x00, 0x00, 0x1e, 0xff, 0xff, 0xf3,
    0x0f, 0xff, 0xf7, 0x00, 0x00, 0x00, 0x00, 0x00,
    0x00, 0x00, 0x05, 0xff, 0xff, 0xf3, 0x0f, 0xff,
    0xf7, 0x00, 0x00, 0x00, 0x00, 0x00, 0x00, 0x00,
    0x00, 0xaf, 0xff, 0xf3,

    /* U+004F "O" */
    0x00, 0x00, 0x00, 0x00, 0x02, 0x7b, 0xdf, 0xff,
    0xeb, 0x72, 0x00, 0x00, 0x00, 0x00, 0x00, 0x00,
    0x00, 0x00, 0x2a, 0xff, 0xff, 0xff, 0xff, 0xff,
    0xfb, 0x30, 0x00, 0x00, 0x00, 0x00, 0x00, 0x00,
    0x7f, 0xff, 0xff, 0xff, 0xff, 0xff, 0xff, 0xff,
    0x80, 0x00, 0x00, 0x00, 0x00, 0x00, 0x9f, 0xff,
    0xff, 0xff, 0xfe, 0xef, 0xff, 0xff, 0xff, 0xb0,
    0x00, 0x00, 0x00, 0x00, 0x9f, 0xff, 0xff, 0xc5,
    0x10, 0x00, 0x15, 0xbf, 0xff, 0xff, 0xa0, 0x00,
    0x00, 0x00, 0x5f, 0xff, 0xff, 0x50, 0x00, 0x00,
    0x00, 0x00, 0x4e, 0xff, 0xff, 0x60, 0x00, 0x00,
    0x0e, 0xff, 0xff, 0x40, 0x00, 0x00, 0x00, 0x00,
    0x00, 0x2e, 0xff, 0xff, 0x10, 0x00, 0x07, 0xff,
    0xff, 0x60, 0x00, 0x00, 0x00, 0x00, 0x00, 0x00,
    0x5f, 0xff, 0xf8, 0x00, 0x00, 0xef, 0xff, 0xd0,
    0x00, 0x00, 0x00, 0x00, 0x00, 0x00, 0x00, 0xbf,
    0xff, 0xf0, 0x00, 0x4f, 0xff, 0xf5, 0x00, 0x00,
    0x00, 0x00, 0x00, 0x00, 0x00, 0x04, 0xff, 0xff,
    0x50, 0x08, 0xff, 0xff, 0x00, 0x00, 0x00, 0x00,
    0x00, 0x00, 0x00, 0x00, 0x0e, 0xff, 0xf9, 0x00,
    0xcf, 0xff, 0xb0, 0x00, 0x00, 0x00, 0x00, 0x00,
    0x00, 0x00, 0x00, 0xaf, 0xff, 0xd0, 0x0f, 0xff,
    0xf8, 0x00, 0x00, 0x00, 0x00, 0x00, 0x00, 0x00,
    0x00, 0x07, 0xff, 0xff, 0x01, 0xff, 0xff, 0x60,
    0x00, 0x00, 0x00, 0x00, 0x00, 0x00, 0x00, 0x00,
    0x5f, 0xff, 0xf1, 0x2f, 0xff, 0xf5, 0x00, 0x00,
    0x00, 0x00, 0x00, 0x00, 0x00, 0x00, 0x04, 0xff,
    0xff, 0x33, 0xff, 0xff, 0x40, 0x00, 0x00, 0x00,
    0x00, 0x00, 0x00, 0x00, 0x00, 0x3f, 0xff, 0xf3,
    0x3f, 0xff, 0xf4, 0x00, 0x00, 0x00, 0x00, 0x00,
    0x00, 0x00, 0x00, 0x03, 0xff, 0xff, 0x33, 0xff,
    0xff, 0x40, 0x00, 0x00, 0x00, 0x00, 0x00, 0x00,
    0x00, 0x00, 0x3f, 0xff, 0xf3, 0x3f, 0xff, 0xf4,
    0x00, 0x00, 0x00, 0x00, 0x00, 0x00, 0x00, 0x00,
    0x03, 0xff, 0xff, 0x32, 0xff, 0xff, 0x50, 0x00,
    0x00, 0x00, 0x00, 0x00, 0x00, 0x00, 0x00, 0x4f,
    0xff, 0xf3, 0x1f, 0xff, 0xf6, 0x00, 0x00, 0x00,
    0x00, 0x00, 0x00, 0x00, 0x00, 0x05, 0xff, 0xff,
    0x10, 0xff, 0xff, 0x80, 0x00, 0x00, 0x00, 0x00,
    0x00, 0x00, 0x00, 0x00, 0x7f, 0xff, 0xf0, 0x0c,
    0xff, 0xfb, 0x00, 0x00, 0x00, 0x00, 0x00, 0x00,
    0x00, 0x00, 0x0a, 0xff, 0xfd, 0x00, 0x8f, 0xff,
    0xf0, 0x00, 0x00, 0x00, 0x00, 0x00, 0x00, 0x00,
    0x00, 0xef, 0xff, 0x90, 0x04, 0xff, 0xff, 0x50,
    0x00, 0x00, 0x00, 0x00, 0x00, 0x00, 0x00, 0x4f,
    0xff, 0xf5, 0x00, 0x0e, 0xff, 0xfd, 0x00, 0x00,
    0x00, 0x00, 0x00, 0x00, 0x00, 0x0b, 0xff, 0xff,
    0x00, 0x00, 0x7f, 0xff, 0xf6, 0x00, 0x00, 0x00,
    0x00, 0x00, 0x00, 0x04, 0xff, 0xff, 0x90, 0x00,
    0x00, 0xef, 0xff, 0xf4, 0x00, 0x00, 0x00, 0x00,
    0x00, 0x02, 0xef, 0xff, 0xf1, 0x00, 0x00, 0x04,
    0xff, 0xff, 0xf5, 0x00, 0x00, 0x00, 0x00, 0x03,
    0xef, 0xff, 0xf7, 0x00, 0x00, 0x00, 0x08, 0xff,
    0xff, 0xfc, 0x51, 0x00, 0x00, 0x4a, 0xff, 0xff,
    0xfa, 0x00, 0x00, 0x00, 0x00, 0x09, 0xff, 0xff,
    0xff, 0xfe, 0xde, 0xff, 0xff, 0xff, 0xfb, 0x00,
    0x00, 0x00, 0x00, 0x00, 0x06, 0xff, 0xff, 0xff,
    0xff, 0xff, 0xff, 0xff, 0xf9, 0x00, 0x00, 0x00,
    0x00, 0x00, 0x00, 0x02, 0xaf, 0xff, 0xff, 0xff,
    0xff, 0xff, 0xc3, 0x00, 0x00, 0x00, 0x00, 0x00,
    0x00, 0x00, 0x00, 0x17, 0xbd, 0xff, 0xfe, 0xb7,
    0x20, 0x00, 0x00, 0x00, 0x00,

    /* U+0050 "P" */
    0x0f, 0xff, 0xff, 0xff, 0xff, 0xff, 0xff, 0xfe,
    0xc9, 0x40, 0x00, 0x00, 0x00, 0x0f, 0xff, 0xff,
    0xff, 0xff, 0xff, 0xff, 0xff, 0xff, 0xfe, 0x70,
    0x00, 0x00, 0x0f, 0xff, 0xff, 0xff, 0xff, 0xff,
    0xff, 0xff, 0xff, 0xff, 0xfc, 0x10, 0x00, 0x0f,
    0xff, 0xfd, 0xbb, 0xbb, 0xbb, 0xbb, 0xce, 0xff,
    0xff, 0xff, 0xe1, 0x00, 0x0f, 0xff, 0xf7, 0x00,
    0x00, 0x00, 0x00, 0x00, 0x18, 0xff, 0xff, 0xfc,
    0x00, 0x0f, 0xff, 0xf7, 0x00, 0x00, 0x00, 0x00,
    0x00, 0x00, 0x2e, 0xff, 0xff, 0x60, 0x0f, 0xff,
    0xf7, 0x00, 0x00, 0x00, 0x00, 0x00, 0x00, 0x03,
    0xff, 0xff, 0xd0, 0x0f, 0xff, 0xf7, 0x00, 0x00,
    0x00, 0x00, 0x00, 0x00, 0x00, 0x9f, 0xff, 0xf2,
    0x0f, 0xff, 0xf7, 0x00, 0x00, 0x00, 0x00, 0x00,
    0x00, 0x00, 0x4f, 0xff, 0xf6, 0x0f, 0xff, 0xf7,
    0x00, 0x00, 0x00, 0x00, 0x00, 0x00, 0x00, 0x1f,
    0xff, 0xf7, 0x0f, 0xff, 0xf7, 0x00, 0x00, 0x00,
    0x00, 0x00, 0x00, 0x00, 0x0f, 0xff, 0xf8, 0x0f,
    0xff, 0xf7, 0x00, 0x00, 0x00, 0x00, 0x00, 0x00,
    0x00, 0x1f, 0xff, 0xf7, 0x0f, 0xff, 0xf7, 0x00,
    0x00, 0x00, 0x00, 0x00, 0x00, 0x00, 0x4f, 0xff,
    0xf5, 0x0f, 0xff, 0xf7, 0x00, 0x00, 0x00, 0x00,
    0x00, 0x00, 0x00, 0x9f, 0xff, 0xf2, 0x0f, 0xff,
    0xf7, 0x00, 0x00, 0x00, 0x00, 0x00, 0x00, 0x03,
    0xff, 0xff, 0xd0, 0x0f, 0xff, 0xf7, 0x00, 0x00,
    0x00, 0x00, 0x00, 0x00, 0x4e, 0xff, 0xff, 0x60,
    0x0f, 0xff, 0xf7, 0x00, 0x00, 0x00, 0x00, 0x02,
    0x5b, 0xff, 0xff, 0xfc, 0x00, 0x0f, 0xff, 0xff,
    0xff, 0xff, 0xff, 0xff, 0xff, 0xff, 0xff, 0xff,
    0xd1, 0x00, 0x0f, 0xff, 0xff, 0xff, 0xff, 0xff,
    0xff, 0xff, 0xff, 0xff, 0xfb, 0x10, 0x00, 0x0f,
    0xff, 0xff, 0xff, 0xff, 0xff, 0xff, 0xff, 0xff,
    0xfb, 0x40, 0x00, 0x00, 0x0f, 0xff, 0xfd, 0xbb,
    0xbb, 0xbb, 0xbb, 0xa9, 0x75, 0x10, 0x00, 0x00,
    0x00, 0x0f, 0xff, 0xf7, 0x00, 0x00, 0x00, 0x00,
    0x00, 0x00, 0x00, 0x00, 0x00, 0x00, 0x0f, 0xff,
    0xf7, 0x00, 0x00, 0x00, 0x00, 0x00, 0x00, 0x00,
    0x00, 0x00, 0x00, 0x0f, 0xff, 0xf7, 0x00, 0x00,
    0x00, 0x00, 0x00, 0x00, 0x00, 0x00, 0x00, 0x00,
    0x0f, 0xff, 0xf7, 0x00, 0x00, 0x00, 0x00, 0x00,
    0x00, 0x00, 0x00, 0x00, 0x00, 0x0f, 0xff, 0xf7,
    0x00, 0x00, 0x00, 0x00, 0x00, 0x00, 0x00, 0x00,
    0x00, 0x00, 0x0f, 0xff, 0xf7, 0x00, 0x00, 0x00,
    0x00, 0x00, 0x00, 0x00, 0x00, 0x00, 0x00, 0x0f,
    0xff, 0xf7, 0x00, 0x00, 0x00, 0x00, 0x00, 0x00,
    0x00, 0x00, 0x00, 0x00, 0x0f, 0xff, 0xf7, 0x00,
    0x00, 0x00, 0x00, 0x00, 0x00, 0x00, 0x00, 0x00,
    0x00, 0x0f, 0xff, 0xf7, 0x00, 0x00, 0x00, 0x00,
    0x00, 0x00, 0x00, 0x00, 0x00, 0x00, 0x0f, 0xff,
    0xf7, 0x00, 0x00, 0x00, 0x00, 0x00, 0x00, 0x00,
    0x00, 0x00, 0x00, 0x0f, 0xff, 0xf7, 0x00, 0x00,
    0x00, 0x00, 0x00, 0x00, 0x00, 0x00, 0x00, 0x00,
    0x0f, 0xff, 0xf7, 0x00, 0x00, 0x00, 0x00, 0x00,
    0x00, 0x00, 0x00, 0x00, 0x00, 0x0f, 0xff, 0xf7,
    0x00, 0x00, 0x00, 0x00, 0x00, 0x00, 0x00, 0x00,
    0x00, 0x00,

    /* U+0051 "Q" */
    0x00, 0x00, 0x00, 0x00, 0x03, 0x8b, 0xef, 0xff,
    0xda, 0x61, 0x00, 0x00, 0x00, 0x00, 0x00, 0x00,
    0x00, 0x00, 0x4c, 0xff, 0xff, 0xff, 0xff, 0xff,
    0xfa, 0x10, 0x00, 0x00, 0x00, 0x00, 0x00, 0x00,
    0x9f, 0xff, 0xff, 0xff, 0xff, 0xff, 0xff, 0xff,
    0x60, 0x00, 0x00, 0x00, 0x00, 0x00, 0xcf, 0xff,
    0xff, 0xff, 0xee, 0xff, 0xff, 0xff, 0xff, 0x80,
    0x00, 0x00, 0x00, 0x00, 0xcf, 0xff, 0xff, 0xb4,
    0x00, 0x00, 0x16, 0xdf, 0xff, 0xff, 0x70, 0x00,
    0x00, 0x00, 0x8f, 0xff, 0xfe, 0x40, 0x00, 0x00,
    0x00, 0x00, 0x7f, 0xff, 0xff, 0x30, 0x00, 0x00,
    0x2f, 0xff, 0xfe, 0x20, 0x00, 0x00, 0x00, 0x00,
    0x00, 0x5f, 0xff, 0xfd, 0x00, 0x00, 0x0b, 0xff,
    0xff, 0x30, 0x00, 0x00, 0x00, 0x00, 0x00, 0x00,
    0x8f, 0xff, 0xf5, 0x00, 0x02, 0xff, 0xff, 0xa0,
    0x00, 0x00, 0x00, 0x00, 0x00, 0x00, 0x00, 0xef,
    0xff, 0xc0, 0x00, 0x7f, 0xff, 0xf2, 0x00, 0x00,
    0x00, 0x00, 0x00, 0x00, 0x00, 0x07, 0xff, 0xff,
    0x10, 0x0c, 0xff, 0xfc, 0x00, 0x00, 0x00, 0x00,
    0x00, 0x00, 0x00, 0x00, 0x2f, 0xff, 0xf6, 0x00,
    0xff, 0xff, 0x80, 0x00, 0x00, 0x00, 0x00, 0x00,
    0x00, 0x00, 0x00, 0xef, 0xff, 0x90, 0x2f, 0xff,
    0xf5, 0x00, 0x00, 0x00, 0x00, 0x00, 0x00, 0x00,
    0x00, 0x0b, 0xff, 0xfc, 0x04, 0xff, 0xff, 0x30,
    0x00, 0x00, 0x00, 0x00, 0x00, 0x00, 0x00, 0x00,
    0x9f, 0xff, 0xe0, 0x6f, 0xff, 0xf1, 0x00, 0x00,
    0x00, 0x00, 0x00, 0x00, 0x00, 0x00, 0x08, 0xff,
    0xff, 0x06, 0xff, 0xff, 0x10, 0x00, 0x00, 0x00,
    0x00, 0x00, 0x00, 0x00, 0x00, 0x7f, 0xff, 0xf0,
    0x6f, 0xff, 0xf1, 0x00, 0x00, 0x00, 0x00, 0x00,
    0x00, 0x00, 0x00, 0x07, 0xff, 0xff, 0x06, 0xff,
    0xff, 0x10, 0x00, 0x00, 0x00, 0x00, 0x00, 0x00,
    0x00, 0x00, 0x7f, 0xff, 0xf0, 0x6f, 0xff, 0xf1,
    0x00, 0x00, 0x00, 0x00, 0x00, 0x00, 0x00, 0x00,
    0x07, 0xff, 0xff, 0x06, 0xff, 0xff, 0x10, 0x00,
    0x00, 0x00, 0x00, 0x00, 0x00, 0x00, 0x00, 0x8f,
    0xff, 0xf0, 0x4f, 0xff, 0xf3, 0x00, 0x00, 0x00,
    0x00, 0x00, 0x00, 0x00, 0x00, 0x09, 0xff, 0xfe,
    0x02, 0xff, 0xff, 0x50, 0x00, 0x00, 0x00, 0x00,
    0x00, 0x00, 0x00, 0x00, 0xbf, 0xff, 0xc0, 0x0f,
    0xff, 0xf8, 0x00, 0x00, 0x00, 0x00, 0x00, 0x00,
    0x00, 0x00, 0x0e, 0xff, 0xf9, 0x00, 0xcf, 0xff,
    0xc0, 0x00, 0x00, 0x00, 0x00, 0x00, 0x00, 0x00,
    0x02, 0xff, 0xff, 0x60, 0x07, 0xff, 0xff, 0x20,
    0x00, 0x00, 0x00, 0x00, 0x00, 0x00, 0x00, 0x7f,
    0xff, 0xf2, 0x00, 0x1f, 0xff, 0xf9, 0x00, 0x00,
    0x00, 0x00, 0x00, 0x00, 0x00, 0x0e, 0xff, 0xfc,
    0x00, 0x00, 0xaf, 0xff, 0xf3, 0x00, 0x00, 0x00,
    0x00, 0x00, 0x00, 0x07, 0xff, 0xff, 0x50, 0x00,
    0x02, 0xff, 0xff, 0xe2, 0x00, 0x00, 0x00, 0x00,
    0x00, 0x04, 0xff, 0xff, 0xd0, 0x00, 0x00, 0x08,
    0xff, 0xff, 0xe3, 0x00, 0x00, 0x00, 0x00, 0x05,
    0xff, 0xff, 0xf4, 0x00, 0x00, 0x00, 0x0b, 0xff,
    0xff, 0xfa, 0x40, 0x00, 0x01, 0x5c, 0xff, 0xff,
    0xf7, 0x00, 0x00, 0x00, 0x00, 0x0c, 0xff, 0xff,
    0xff, 0xfe, 0xde, 0xff, 0xff, 0xff, 0xf8, 0x00,
    0x00, 0x00, 0x00, 0x00, 0x09, 0xff, 0xff, 0xff,
    0xff, 0xff, 0xff, 0xff, 0xf8, 0x00, 0x00, 0x00,
    0x00, 0x00, 0x00, 0x03, 0xcf, 0xff, 0xff, 0xff,
    0xff, 0xff, 0xff, 0xe3, 0x00, 0x00, 0x00, 0x00,
    0x00, 0x00, 0x00, 0x27, 0xbe, 0xff, 0xfd, 0xbe,
    0xff, 0xff, 0xf6, 0x00, 0x00, 0x00, 0x00, 0x00,
    0x00, 0x00, 0x00, 0x00, 0x00, 0x00, 0x2d, 0xff,
    0xff, 0xf9, 0x00, 0x00, 0x00, 0x00, 0x00, 0x00,
    0x00, 0x00, 0x00, 0x00, 0x00, 0x0a, 0xff, 0xff,
    0xfc, 0x10, 0x00, 0x00, 0x00, 0x00, 0x00, 0x00,
    0x00, 0x00, 0x00, 0x00, 0x07, 0xff, 0xff, 0xfd,
    0x00, 0x00, 0x00, 0x00, 0x00, 0x00, 0x00, 0x00,
    0x00, 0x00, 0x00, 0x04, 0xef, 0xfe, 0x20, 0x00,
    0x00, 0x00, 0x00, 0x00, 0x00, 0x00, 0x00, 0x00,
    0x00, 0x00, 0x02, 0xdd, 0x20, 0x00, 0x00, 0x00,
    0x00, 0x00, 0x00, 0x00, 0x00, 0x00, 0x00, 0x00,
    0x00, 0x00, 0x10, 0x00,

    /* U+0052 "R" */
    0x0f, 0xff, 0xff, 0xff, 0xff, 0xff, 0xff, 0xec,
    0x94, 0x00, 0x00, 0x00, 0x00, 0x0f, 0xff, 0xff,
    0xff, 0xff, 0xff, 0xff, 0xff, 0xff, 0xe7, 0x00,
    0x00, 0x00, 0x0f, 0xff, 0xff, 0xff, 0xff, 0xff,
    0xff, 0xff, 0xff, 0xff, 0xd2, 0x00, 0x00, 0x0f,
    0xff, 0xfd, 0xbb, 0xbb, 0xbb, 0xbc, 0xef, 0xff,
    0xff, 0xfe, 0x10, 0x00, 0x0f, 0xff, 0xf7, 0x00,
    0x00, 0x00, 0x00, 0x02, 0x8f, 0xff, 0xff, 0xc0,
    0x00, 0x0f, 0xff, 0xf7, 0x00, 0x00, 0x00, 0x00,
    0x00, 0x02, 0xef, 0xff, 0xf4, 0x00, 0x0f, 0xff,
    0xf7, 0x00, 0x00, 0x00, 0x00, 0x00, 0x00, 0x3f,
    0xff, 0xfb, 0x00, 0x0f, 0xff, 0xf7, 0x00, 0x00,
    0x00, 0x00, 0x00, 0x00, 0x0b, 0xff, 0xff, 0x00,
    0x0f, 0xff, 0xf7, 0x00, 0x00, 0x00, 0x00, 0x00,
    0x00, 0x07, 0xff, 0xff, 0x10, 0x0f, 0xff, 0xf7,
    0x00, 0x00, 0x00, 0x00, 0x00, 0x00, 0x05, 0xff,
    0xff, 0x30, 0x0f, 0xff, 0xf7, 0x00, 0x00, 0x00,
    0x00, 0x00, 0x00, 0x04, 0xff, 0xff, 0x30, 0x0f,
    0xff, 0xf7, 0x00, 0x00, 0x00, 0x00, 0x00, 0x00,
    0x07, 0xff, 0xff, 0x10, 0x0f, 0xff, 0xf7, 0x00,
    0x00, 0x00, 0x00, 0x00, 0x00, 0x0c, 0xff, 0xfe,
    0x00, 0x0f, 0xff, 0xf7, 0x00, 0x00, 0x00, 0x00,
    0x00, 0x00, 0x4f, 0xff, 0xf9, 0x00, 0x0f, 0xff,
    0xf7, 0x00, 0x00, 0x00, 0x00, 0x00, 0x03, 0xff,
    0xff, 0xf2, 0x00, 0x0f, 0xff, 0xf7, 0x00, 0x00,
    0x00, 0x00, 0x02, 0x9f, 0xff, 0xff, 0x80, 0x00,
    0x0f, 0xff, 0xfd, 0xbb, 0xbb, 0xbb, 0xbc, 0xef,
    0xff, 0xff, 0xfa, 0x00, 0x00, 0x0f, 0xff, 0xff,
    0xff, 0xff, 0xff, 0xff, 0xff, 0xff, 0xff, 0x80,
    0x00, 0x00, 0x0f, 0xff, 0xff, 0xff, 0xff, 0xff,
    0xff, 0xff, 0xff, 0xb3, 0x00, 0x00, 0x00, 0x0f,
    0xff, 0xff, 0xff, 0xff, 0xff, 0xff, 0xff, 0xfe,
    0x00, 0x00, 0x00, 0x00, 0x0f, 0xff, 0xf7, 0x00,
    0x00, 0x00, 0x04, 0xff, 0xff, 0x70, 0x00, 0x00,
    0x00, 0x0f, 0xff, 0xf7, 0x00, 0x00, 0x00, 0x00,
    0xbf, 0xff, 0xf1, 0x00, 0x00, 0x00, 0x0f, 0xff,
    0xf7, 0x00, 0x00, 0x00, 0x00, 0x3f, 0xff, 0xf8,
    0x00, 0x00, 0x00, 0x0f, 0xff, 0xf7, 0x00, 0x00,
    0x00, 0x00, 0x0a, 0xff, 0xff, 0x10, 0x00, 0x00,
    0x0f, 0xff, 0xf7, 0x00, 0x00, 0x00, 0x00, 0x02,
    0xff, 0xff, 0xa0, 0x00, 0x00, 0x0f, 0xff, 0xf7,
    0x00, 0x00, 0x00, 0x00, 0x00, 0x9f, 0xff, 0xf2,
    0x00, 0x00, 0x0f, 0xff, 0xf7, 0x00, 0x00, 0x00,
    0x00, 0x00, 0x1f, 0xff, 0xfb, 0x00, 0x00, 0x0f,
    0xff, 0xf7, 0x00, 0x00, 0x00, 0x00, 0x00, 0x08,
    0xff, 0xff, 0x30, 0x00, 0x0f, 0xff, 0xf7, 0x00,
    0x00, 0x00, 0x00, 0x00, 0x01, 0xff, 0xff, 0xc0,
    0x00, 0x0f, 0xff, 0xf7, 0x00, 0x00, 0x00, 0x00,
    0x00, 0x00, 0x7f, 0xff, 0xf5, 0x00, 0x0f, 0xff,
    0xf7, 0x00, 0x00, 0x00, 0x00, 0x00, 0x00, 0x0e,
    0xff, 0xfd, 0x00, 0x0f, 0xff, 0xf7, 0x00, 0x00,
    0x00, 0x00, 0x00, 0x00, 0x06, 0xff, 0xff, 0x60,
    0x0f, 0xff, 0xf7, 0x00, 0x00, 0x00, 0x00, 0x00,
    0x00, 0x00, 0xdf, 0xff, 0xe0, 0x0f, 0xff, 0xf7,
    0x00, 0x00, 0x00, 0x00, 0x00, 0x00, 0x00, 0x5f,
    0xff, 0xf7,

    /* U+0053 "S" */
    0x00, 0x00, 0x00, 0x00, 0x38, 0xbd, 0xff, 0xfe,
    0xc8, 0x40, 0x00, 0x00, 0x00, 0x00, 0x00, 0x00,
    0x5c, 0xff, 0xff, 0xff, 0xff, 0xff, 0xfd, 0x50,
    0x00, 0x00, 0x00, 0x00, 0x0a, 0xff, 0xff, 0xff,
    0xff, 0xff, 0xff, 0xff, 0xfb, 0x10, 0x00, 0x00,
    0x00, 0xcf, 0xff, 0xff, 0xfe, 0xcb, 0xce, 0xff,
    0xff, 0xff, 0xd1, 0x00, 0x00, 0x0a, 0xff, 0xff,
    0xf7, 0x20, 0x00, 0x00, 0x16, 0xef, 0xff, 0xfb,
    0x00, 0x00, 0x3f, 0xff, 0xfd, 0x20, 0x00, 0x00,
    0x00, 0x00, 0x1b, 0xff, 0xff, 0x60, 0x00, 0xaf,
    0xff, 0xf3, 0x00, 0x00, 0x00, 0x00, 0x00, 0x00,
    0xdf, 0xff, 0xd0, 0x00, 0xef, 0xff, 0xc0, 0x00,
    0x00, 0x00, 0x00, 0x00, 0x00, 0x6f, 0xff, 0xf3,
    0x00, 0xff, 0xff, 0x80, 0x00, 0x00, 0x00, 0x00,
    0x00, 0x00, 0x1f, 0xff, 0xf7, 0x00, 0xff, 0xff,
    0x80, 0x00, 0x00, 0x00, 0x00, 0x00, 0x00, 0x0e,
    0xff, 0xf9, 0x00, 0xdf, 0xff, 0xc0, 0x00, 0x00,
    0x00, 0x00, 0x00, 0x00, 0x01, 0x11, 0x10, 0x00,
    0x9f, 0xff, 0xf5, 0x00, 0x00, 0x00, 0x00, 0x00,
    0x00, 0x00, 0x00, 0x00, 0x00, 0x2f, 0xff, 0xff,
    0x60, 0x00, 0x00, 0x00, 0x00, 0x00, 0x00, 0x00,
    0x00, 0x00, 0x08, 0xff, 0xff, 0xfc, 0x40, 0x00,
    0x00, 0x00, 0x00, 0x00, 0x00, 0x00, 0x00, 0x00,
    0x9f, 0xff, 0xff, 0xfe, 0x83, 0x00, 0x00, 0x00,
    0x00, 0x00, 0x00, 0x00, 0x00, 0x06, 0xff, 0xff,
    0xff, 0xff, 0xfa, 0x50, 0x00, 0x00, 0x00, 0x00,
    0x00, 0x00, 0x00, 0x19, 0xff, 0xff, 0xff, 0xff,
    0xff, 0x93, 0x00, 0x00, 0x00, 0x00, 0x00, 0x00,
    0x00, 0x17, 0xdf, 0xff, 0xff, 0xff, 0xff, 0xb2,
    0x00, 0x00, 0x00, 0x00, 0x00, 0x00, 0x00, 0x03,
    0x8d, 0xff, 0xff, 0xff, 0xff, 0x60, 0x00, 0x00,
    0x00, 0x00, 0x00, 0x00, 0x00, 0x00, 0x27, 0xdf,
    0xff, 0xff, 0xf8, 0x00, 0x00, 0x00, 0x00, 0x00,
    0x00, 0x00, 0x00, 0x00, 0x03, 0xbf, 0xff, 0xff,
    0x50, 0x00, 0x00, 0x00, 0x00, 0x00, 0x00, 0x00,
    0x00, 0x00, 0x06, 0xff, 0xff, 0xe0, 0x00, 0x00,
    0x00, 0x00, 0x00, 0x00, 0x00, 0x00, 0x00, 0x00,
    0x8f, 0xff, 0xf5, 0x01, 0x11, 0x10, 0x00, 0x00,
    0x00, 0x00, 0x00, 0x00, 0x00, 0x1f, 0xff, 0xf8,
    0x1f, 0xff, 0xf7, 0x00, 0x00, 0x00, 0x00, 0x00,
    0x00, 0x00, 0x0e, 0xff, 0xfa, 0x0f, 0xff, 0xf9,
    0x00, 0x00, 0x00, 0x00, 0x00, 0x00, 0x00, 0x0e,
    0xff, 0xfa, 0x0b, 0xff, 0xfe, 0x00, 0x00, 0x00,
    0x00, 0x00, 0x00, 0x00, 0x1f, 0xff, 0xf9, 0x05,
    0xff, 0xff, 0x90, 0x00, 0x00, 0x00, 0x00, 0x00,
    0x00, 0x7f, 0xff, 0xf6, 0x00, 0xdf, 0xff, 0xf9,
    0x00, 0x00, 0x00, 0x00, 0x00, 0x05, 0xff, 0xff,
    0xf0, 0x00, 0x2f, 0xff, 0xff, 0xe7, 0x10, 0x00,
    0x00, 0x03, 0xaf, 0xff, 0xff, 0x70, 0x00, 0x03,
    0xff, 0xff, 0xff, 0xfe, 0xcb, 0xbc, 0xff, 0xff,
    0xff, 0xfa, 0x00, 0x00, 0x00, 0x2c, 0xff, 0xff,
    0xff, 0xff, 0xff, 0xff, 0xff, 0xff, 0x80, 0x00,
    0x00, 0x00, 0x00, 0x5c, 0xff, 0xff, 0xff, 0xff,
    0xff, 0xff, 0xb3, 0x00, 0x00, 0x00, 0x00, 0x00,
    0x00, 0x27, 0xad, 0xff, 0xfe, 0xda, 0x61, 0x00,
    0x00, 0x00,

    /* U+0054 "T" */
    0xdf, 0xff, 0xff, 0xff, 0xff, 0xff, 0xff, 0xff,
    0xff, 0xff, 0xff, 0xff, 0xff, 0x8d, 0xff, 0xff,
    0xff, 0xff, 0xff, 0xff, 0xff, 0xff, 0xff, 0xff,
    0xff, 0xff, 0xf8, 0xdf, 0xff, 0xff, 0xff, 0xff,
    0xff, 0xff, 0xff, 0xff, 0xff, 0xff, 0xff, 0xff,
    0x89, 0xbb, 0xbb, 0xbb, 0xbb, 0xbb, 0xff, 0xff,
    0xeb, 0xbb, 0xbb, 0xbb, 0xbb, 0xb6, 0x00, 0x00,
    0x00, 0x00, 0x00, 0x0e, 0xff, 0xf9, 0x00, 0x00,
    0x00, 0x00, 0x00, 0x00, 0x00, 0x00, 0x00, 0x00,
    0x00, 0xef, 0xff, 0x90, 0x00, 0x00, 0x00, 0x00,
    0x00, 0x00, 0x00, 0x00, 0x00, 0x00, 0x0e, 0xff,
    0xf9, 0x00, 0x00, 0x00, 0x00, 0x00, 0x00, 0x00,
    0x00, 0x00, 0x00, 0x00, 0xef, 0xff, 0x90, 0x00,
    0x00, 0x00, 0x00, 0x00, 0x00, 0x00, 0x00, 0x00,
    0x00, 0x0e, 0xff, 0xf9, 0x00, 0x00, 0x00, 0x00,
    0x00, 0x00, 0x00, 0x00, 0x00, 0x00, 0x00, 0xef,
    0xff, 0x90, 0x00, 0x00, 0x00, 0x00, 0x00, 0x00,
    0x00, 0x00, 0x00, 0x00, 0x0e, 0xff, 0xf9, 0x00,
    0x00, 0x00, 0x00, 0x00, 0x00, 0x00, 0x00, 0x00,
    0x00, 0x00, 0xef, 0xff, 0x90, 0x00, 0x00, 0x00,
    0x00, 0x00, 0x00, 0x00, 0x00, 0x00, 0x00, 0x0e,
    0xff, 0xf9, 0x00, 0x00, 0x00, 0x00, 0x00, 0x00,
    0x00, 0x00, 0x00, 0x00, 0x00, 0xef, 0xff, 0x90,
    0x00, 0x00, 0x00, 0x00, 0x00, 0x00, 0x00, 0x00,
    0x00, 0x00, 0x0e, 0xff, 0xf9, 0x00, 0x00, 0x00,
    0x00, 0x00, 0x00, 0x00, 0x00, 0x00, 0x00, 0x00,
    0xef, 0xff, 0x90, 0x00, 0x00, 0x00, 0x00, 0x00,
    0x00, 0x00, 0x00, 0x00, 0x00, 0x0e, 0xff, 0xf9,
    0x00, 0x00, 0x00, 0x00, 0x00, 0x00, 0x00, 0x00,
    0x00, 0x00, 0x00, 0xef, 0xff, 0x90, 0x00, 0x00,
    0x00, 0x00, 0x00, 0x00, 0x00, 0x00, 0x00, 0x00,
    0x0e, 0xff, 0xf9, 0x00, 0x00, 0x00, 0x00, 0x00,
    0x00, 0x00, 0x00, 0x00, 0x00, 0x00, 0xef, 0xff,
    0x90, 0x00, 0x00, 0x00, 0x00, 0x00, 0x00, 0x00,
    0x00, 0x00, 0x00, 0x0e, 0xff, 0xf9, 0x00, 0x00,
    0x00, 0x00, 0x00, 0x00, 0x00, 0x00, 0x00, 0x00,
    0x00, 0xef, 0xff, 0x90, 0x00, 0x00, 0x00, 0x00,
    0x00, 0x00, 0x00, 0x00, 0x00, 0x00, 0x0e, 0xff,
    0xf9, 0x00, 0x00, 0x00, 0x00, 0x00, 0x00, 0x00,
    0x00, 0x00, 0x00, 0x00, 0xef, 0xff, 0x90, 0x00,
    0x00, 0x00, 0x00, 0x00, 0x00, 0x00, 0x00, 0x00,
    0x00, 0x0e, 0xff, 0xf9, 0x00, 0x00, 0x00, 0x00,
    0x00, 0x00, 0x00, 0x00, 0x00, 0x00, 0x00, 0xef,
    0xff, 0x90, 0x00, 0x00, 0x00, 0x00, 0x00, 0x00,
    0x00, 0x00, 0x00, 0x00, 0x0e, 0xff, 0xf9, 0x00,
    0x00, 0x00, 0x00, 0x00, 0x00, 0x00, 0x00, 0x00,
    0x00, 0x00, 0xef, 0xff, 0x90, 0x00, 0x00, 0x00,
    0x00, 0x00, 0x00, 0x00, 0x00, 0x00, 0x00, 0x0e,
    0xff, 0xf9, 0x00, 0x00, 0x00, 0x00, 0x00, 0x00,
    0x00, 0x00, 0x00, 0x00, 0x00, 0xef, 0xff, 0x90,
    0x00, 0x00, 0x00, 0x00, 0x00, 0x00, 0x00, 0x00,
    0x00, 0x00, 0x0e, 0xff, 0xf9, 0x00, 0x00, 0x00,
    0x00, 0x00, 0x00, 0x00, 0x00, 0x00, 0x00, 0x00,
    0xef, 0xff, 0x90, 0x00, 0x00, 0x00, 0x00, 0x00,
    0x00, 0x00, 0x00, 0x00, 0x00, 0x0e, 0xff, 0xf9,
    0x00, 0x00, 0x00, 0x00, 0x00, 0x00, 0x00, 0x00,
    0x00, 0x00, 0x00, 0xef, 0xff, 0x90, 0x00, 0x00,
    0x00, 0x00, 0x00,

    /* U+0055 "U" */
    0xbf, 0xff, 0xc0, 0x00, 0x00, 0x00, 0x00, 0x00,
    0x00, 0x00, 0x8f, 0xff, 0xfb, 0xff, 0xfc, 0x00,
    0x00, 0x00, 0x00, 0x00, 0x00, 0x00, 0x08, 0xff,
    0xff, 0xbf, 0xff, 0xc0, 0x00, 0x00, 0x00, 0x00,
    0x00, 0x00, 0x00, 0x8f, 0xff, 0xfb, 0xff, 0xfc,
    0x00, 0x00, 0x00, 0x00, 0x00, 0x00, 0x00, 0x08,
    0xff, 0xff, 0xbf, 0xff, 0xc0, 0x00, 0x00, 0x00,
    0x00, 0x00, 0x00, 0x00, 0x8f, 0xff, 0xfb, 0xff,
    0xfc, 0x00, 0x00, 0x00, 0x00, 0x00, 0x00, 0x00,
    0x08, 0xff, 0xff, 0xbf, 0xff, 0xc0, 0x00, 0x00,
    0x00, 0x00, 0x00, 0x00, 0x00, 0x8f, 0xff, 0xfb,
    0xff, 0xfc, 0x00, 0x00, 0x00, 0x00, 0x00, 0x00,
    0x00, 0x08, 0xff, 0xff, 0xbf, 0xff, 0xc0, 0x00,
    0x00, 0x00, 0x00, 0x00, 0x00, 0x00, 0x8f, 0xff,
    0xfb, 0xff, 0xfc, 0x00, 0x00, 0x00, 0x00, 0x00,
    0x00, 0x00, 0x08, 0xff, 0xff, 0xbf, 0xff, 0xc0,
    0x00, 0x00, 0x00, 0x00, 0x00, 0x00, 0x00, 0x8f,
    0xff, 0xfb, 0xff, 0xfc, 0x00, 0x00, 0x00, 0x00,
    0x00, 0x00, 0x00, 0x08, 0xff, 0xff, 0xbf, 0xff,
    0xc0, 0x00, 0x00, 0x00, 0x00, 0x00, 0x00, 0x00,
    0x8f, 0xff, 0xfb, 0xff, 0xfc, 0x00, 0x00, 0x00,
    0x00, 0x00, 0x00, 0x00, 0x08, 0xff, 0xff, 0xbf,
    0xff, 0xc0, 0x00, 0x00, 0x00, 0x00, 0x00, 0x00,
    0x00, 0x8f, 0xff, 0xfb, 0xff, 0xfc, 0x00, 0x00,
    0x00, 0x00, 0x00, 0x00, 0x00, 0x08, 0xff, 0xff,
    0xbf, 0xff, 0xc0, 0x00, 0x00, 0x00, 0x00, 0x00,
    0x00, 0x00, 0x8f, 0xff, 0xfb, 0xff, 0xfc, 0x00,
    0x00, 0x00, 0x00, 0x00, 0x00, 0x00, 0x08, 0xff,
    0xff, 0xbf, 0xff, 0xc0, 0x00, 0x00, 0x00, 0x00,
    0x00, 0x00, 0x00, 0x8f, 0xff, 0xfb, 0xff, 0xfc,
    0x00, 0x00, 0x00, 0x00, 0x00, 0x00, 0x00, 0x08,
    0xff, 0xff, 0xbf, 0xff, 0xc0, 0x00, 0x00, 0x00,
    0x00, 0x00, 0x00, 0x00, 0x8f, 0xff, 0xfb, 0xff,
    0xfc, 0x00, 0x00, 0x00, 0x00, 0x00, 0x00, 0x00,
    0x08, 0xff, 0xff, 0xbf, 0xff, 0xc0, 0x00, 0x00,
    0x00, 0x00, 0x00, 0x00, 0x00, 0x8f, 0xff, 0xfb,
    0xff, 0xfc, 0x00, 0x00, 0x00, 0x00, 0x00, 0x00,
    0x00, 0x08, 0xff, 0xff, 0x9f, 0xff, 0xe0, 0x00,
    0x00, 0x00, 0x00, 0x00, 0x00, 0x00, 0xaf, 0xff,
    0xd7, 0xff, 0xff, 0x20, 0x00, 0x00, 0x00, 0x00,
    0x00, 0x00, 0x0e, 0xff, 0xfb, 0x3f, 0xff, 0xf8,
    0x00, 0x00, 0x00, 0x00, 0x00, 0x00, 0x04, 0xff,
    0xff, 0x70, 0xdf, 0xff, 0xf2, 0x00, 0x00, 0x00,
    0x00, 0x00, 0x00, 0xdf, 0xff, 0xf1, 0x05, 0xff,
    0xff, 0xe2, 0x00, 0x00, 0x00, 0x00, 0x01, 0xbf,
    0xff, 0xf9, 0x00, 0x0b, 0xff, 0xff, 0xf8, 0x20,
    0x00, 0x00, 0x17, 0xef, 0xff, 0xfd, 0x00, 0x00,
    0x1c, 0xff, 0xff, 0xff, 0xec, 0xbb, 0xdf, 0xff,
    0xff, 0xfe, 0x20, 0x00, 0x00, 0x1b, 0xff, 0xff,
    0xff, 0xff, 0xff, 0xff, 0xff, 0xfc, 0x10, 0x00,
    0x00, 0x00, 0x05, 0xcf, 0xff, 0xff, 0xff, 0xff,
    0xff, 0xd5, 0x00, 0x00, 0x00, 0x00, 0x00, 0x00,
    0x37, 0xbe, 0xff, 0xfe, 0xb8, 0x30, 0x00, 0x00,
    0x00,

    /* U+0056 "V" */
    0x2f, 0xff, 0xfc, 0x00, 0x00, 0x00, 0x00, 0x00,
    0x00, 0x00, 0x00, 0x00, 0x2f, 0xff, 0xfc, 0x0c,
    0xff, 0xff, 0x10, 0x00, 0x00, 0x00, 0x00, 0x00,
    0x00, 0x00, 0x00, 0x7f, 0xff, 0xf6, 0x06, 0xff,
    0xff, 0x70, 0x00, 0x00, 0x00, 0x00, 0x00, 0x00,
    0x00, 0x00, 0xdf, 0xff, 0xf0, 0x00, 0xff, 0xff,
    0xc0, 0x00, 0x00, 0x00, 0x00, 0x00, 0x00, 0x00,
    0x03, 0xff, 0xff, 0xa0, 0x00, 0xaf, 0xff, 0xf2,
    0x00, 0x00, 0x00, 0x00, 0x00, 0x00, 0x00, 0x08,
    0xff, 0xff, 0x40, 0x00, 0x4f, 0xff, 0xf7, 0x00,
    0x00, 0x00, 0x00, 0x00, 0x00, 0x00, 0x0e, 0xff,
    0xfe, 0x00, 0x00, 0x0e, 0xff, 0xfd, 0x00, 0x00,
    0x00, 0x00, 0x00, 0x00, 0x00, 0x3f, 0xff, 0xf8,
    0x00, 0x00, 0x08, 0xff, 0xff, 0x20, 0x00, 0x00,
    0x00, 0x00, 0x00, 0x00, 0x9f, 0xff, 0xf2, 0x00,
    0x00, 0x02, 0xff, 0xff, 0x80, 0x00, 0x00, 0x00,
    0x00, 0x00, 0x00, 0xef, 0xff, 0xc0, 0x00, 0x00,
    0x00, 0xcf, 0xff, 0xd0, 0x00, 0x00, 0x00, 0x00,
    0x00, 0x04, 0xff, 0xff, 0x60, 0x00, 0x00, 0x00,
    0x6f, 0xff, 0xf3, 0x00, 0x00, 0x00, 0x00, 0x00,
    0x0a, 0xff, 0xff, 0x10, 0x00, 0x00, 0x00, 0x1f,
    0xff, 0xf8, 0x00, 0x00, 0x00, 0x00, 0x00, 0x0f,
    0xff, 0xfa, 0x00, 0x00, 0x00, 0x00, 0x0a, 0xff,
    0xfe, 0x00, 0x00, 0x00, 0x00, 0x00, 0x5f, 0xff,
    0xf4, 0x00, 0x00, 0x00, 0x00, 0x05, 0xff, 0xff,
    0x30, 0x00, 0x00, 0x00, 0x00, 0xaf, 0xff, 0xe0,
    0x00, 0x00, 0x00, 0x00, 0x00, 0xef, 0xff, 0x90,
    0x00, 0x00, 0x00, 0x00, 0xff, 0xff, 0x80, 0x00,
    0x00, 0x00, 0x00, 0x00, 0x9f, 0xff, 0xe0, 0x00,
    0x00, 0x00, 0x05, 0xff, 0xff, 0x20, 0x00, 0x00,
    0x00, 0x00, 0x00, 0x3f, 0xff, 0xf4, 0x00, 0x00,
    0x00, 0x0b, 0xff, 0xfc, 0x00, 0x00, 0x00, 0x00,
    0x00, 0x00, 0x0d, 0xff, 0xfa, 0x00, 0x00, 0x00,
    0x1f, 0xff, 0xf6, 0x00, 0x00, 0x00, 0x00, 0x00,
    0x00, 0x07, 0xff, 0xff, 0x00, 0x00, 0x00, 0x6f,
    0xff, 0xf1, 0x00, 0x00, 0x00, 0x00, 0x00, 0x00,
    0x01, 0xff, 0xff, 0x50, 0x00, 0x00, 0xcf, 0xff,
    0xb0, 0x00, 0x00, 0x00, 0x00, 0x00, 0x00, 0x00,
    0xbf, 0xff, 0xa0, 0x00, 0x01, 0xff, 0xff, 0x50,
    0x00, 0x00, 0x00, 0x00, 0x00, 0x00, 0x00, 0x5f,
    0xff, 0xf0, 0x00, 0x07, 0xff, 0xfe, 0x00, 0x00,
    0x00, 0x00, 0x00, 0x00, 0x00, 0x00, 0x0f, 0xff,
    0xf5, 0x00, 0x0d, 0xff, 0xf9, 0x00, 0x00, 0x00,
    0x00, 0x00, 0x00, 0x00, 0x00, 0x09, 0xff, 0xfb,
    0x00, 0x2f, 0xff, 0xf3, 0x00, 0x00, 0x00, 0x00,
    0x00, 0x00, 0x00, 0x00, 0x03, 0xff, 0xff, 0x10,
    0x8f, 0xff, 0xd0, 0x00, 0x00, 0x00, 0x00, 0x00,
    0x00, 0x00, 0x00, 0x00, 0xdf, 0xff, 0x60, 0xdf,
    0xff, 0x70, 0x00, 0x00, 0x00, 0x00, 0x00, 0x00,
    0x00, 0x00, 0x00, 0x7f, 0xff, 0xb3, 0xff, 0xff,
    0x10, 0x00, 0x00, 0x00, 0x00, 0x00, 0x00, 0x00,
    0x00, 0x00, 0x1f, 0xff, 0xfa, 0xff, 0xfb, 0x00,
    0x00, 0x00, 0x00, 0x00, 0x00, 0x00, 0x00, 0x00,
    0x00, 0x0b, 0xff, 0xff, 0xff, 0xf5, 0x00, 0x00,
    0x00, 0x00, 0x00, 0x00, 0x00, 0x00, 0x00, 0x00,
    0x06, 0xff, 0xff, 0xff, 0xf0, 0x00, 0x00, 0x00,
    0x00, 0x00, 0x00, 0x00, 0x00, 0x00, 0x00, 0x00,
    0xff, 0xff, 0xff, 0x90, 0x00, 0x00, 0x00, 0x00,
    0x00, 0x00, 0x00, 0x00, 0x00, 0x00, 0x00, 0xaf,
    0xff, 0xff, 0x30, 0x00, 0x00, 0x00, 0x00, 0x00,
    0x00, 0x00, 0x00, 0x00, 0x00, 0x00, 0x4f, 0xff,
    0xfd, 0x00, 0x00, 0x00, 0x00, 0x00, 0x00, 0x00,
    0x00, 0x00, 0x00, 0x00, 0x00, 0x0e, 0xff, 0xf7,
    0x00, 0x00, 0x00, 0x00, 0x00, 0x00,

    /* U+0057 "W" */
    0x7f, 0xff, 0xf1, 0x00, 0x00, 0x00, 0x00, 0x00,
    0x00, 0x6f, 0xff, 0x90, 0x00, 0x00, 0x00, 0x00,
    0x00, 0x01, 0xff, 0xff, 0x73, 0xff, 0xff, 0x40,
    0x00, 0x00, 0x00, 0x00, 0x00, 0x0b, 0xff, 0xfe,
    0x00, 0x00, 0x00, 0x00, 0x00, 0x00, 0x4f, 0xff,
    0xf3, 0x0f, 0xff, 0xf8, 0x00, 0x00, 0x00, 0x00,
    0x00, 0x00, 0xff, 0xff, 0xf2, 0x00, 0x00, 0x00,
    0x00, 0x00, 0x08, 0xff, 0xff, 0x00, 0xbf, 0xff,
    0xb0, 0x00, 0x00, 0x00, 0x00, 0x00, 0x4f, 0xff,
    0xff, 0x70, 0x00, 0x00, 0x00, 0x00, 0x00, 0xcf,
    0xff, 0xb0, 0x07, 0xff, 0xff, 0x00, 0x00, 0x00,
    0x00, 0x00, 0x09, 0xff, 0xff, 0xfb, 0x00, 0x00,
    0x00, 0x00, 0x00, 0x0f, 0xff, 0xf7, 0x00, 0x3f,
    0xff, 0xf3, 0x00, 0x00, 0x00, 0x00, 0x00, 0xdf,
    0xff, 0xff, 0xf0, 0x00, 0x00, 0x00, 0x00, 0x03,
    0xff, 0xff, 0x30, 0x00, 0xff, 0xff, 0x70, 0x00,
    0x00, 0x00, 0x00, 0x2f, 0xff, 0xff, 0xff, 0x40,
    0x00, 0x00, 0x00, 0x00, 0x7f, 0xff, 0xf0, 0x00,
    0x0b, 0xff, 0xfa, 0x00, 0x00, 0x00, 0x00, 0x06,
    0xff, 0xfa, 0xff, 0xf9, 0x00, 0x00, 0x00, 0x00,
    0x0a, 0xff, 0xfb, 0x00, 0x00, 0x8f, 0xff, 0xe0,
    0x00, 0x00, 0x00, 0x00, 0xbf, 0xff, 0x4f, 0xff,
    0xd0, 0x00, 0x00, 0x00, 0x00, 0xef, 0xff, 0x80,
    0x00, 0x04, 0xff, 0xff, 0x20, 0x00, 0x00, 0x00,
    0x0f, 0xff, 0xf0, 0xbf, 0xff, 0x10, 0x00, 0x00,
    0x00, 0x1f, 0xff, 0xf4, 0x00, 0x00, 0x0f, 0xff,
    0xf5, 0x00, 0x00, 0x00, 0x04, 0xff, 0xfb, 0x07,
    0xff, 0xf6, 0x00, 0x00, 0x00, 0x05, 0xff, 0xff,
    0x00, 0x00, 0x00, 0xcf, 0xff, 0x90, 0x00, 0x00,
    0x00, 0x9f, 0xff, 0x60, 0x3f, 0xff, 0xa0, 0x00,
    0x00, 0x00, 0x9f, 0xff, 0xc0, 0x00, 0x00, 0x08,
    0xff, 0xfd, 0x00, 0x00, 0x00, 0x0d, 0xff, 0xf2,
    0x00, 0xef, 0xff, 0x00, 0x00, 0x00, 0x0c, 0xff,
    0xf8, 0x00, 0x00, 0x00, 0x4f, 0xff, 0xf1, 0x00,
    0x00, 0x02, 0xff, 0xfd, 0x00, 0x09, 0xff, 0xf3,
    0x00, 0x00, 0x00, 0xff, 0xff, 0x40, 0x00, 0x00,
    0x00, 0xff, 0xff, 0x40, 0x00, 0x00, 0x6f, 0xff,
    0x80, 0x00, 0x5f, 0xff, 0x80, 0x00, 0x00, 0x4f,
    0xff, 0xf0, 0x00, 0x00, 0x00, 0x0c, 0xff, 0xf8,
    0x00, 0x00, 0x0b, 0xff, 0xf4, 0x00, 0x01, 0xff,
    0xfc, 0x00, 0x00, 0x07, 0xff, 0xfc, 0x00, 0x00,
    0x00, 0x00, 0x8f, 0xff, 0xc0, 0x00, 0x00, 0xff,
    0xff, 0x00, 0x00, 0x0c, 0xff, 0xf1, 0x00, 0x00,
    0xbf, 0xff, 0x90, 0x00, 0x00, 0x00, 0x05, 0xff,
    0xff, 0x00, 0x00, 0x4f, 0xff, 0xa0, 0x00, 0x00,
    0x7f, 0xff, 0x50, 0x00, 0x0e, 0xff, 0xf5, 0x00,
    0x00, 0x00, 0x00, 0x1f, 0xff, 0xf3, 0x00, 0x09,
    0xff, 0xf5, 0x00, 0x00, 0x03, 0xff, 0xfa, 0x00,
    0x02, 0xff, 0xff, 0x10, 0x00, 0x00, 0x00, 0x00,
    0xdf, 0xff, 0x70, 0x00, 0xdf, 0xff, 0x10, 0x00,
    0x00, 0x0e, 0xff, 0xe0, 0x00, 0x6f, 0xff, 0xd0,
    0x00, 0x00, 0x00, 0x00, 0x09, 0xff, 0xfb, 0x00,
    0x2f, 0xff, 0xc0, 0x00, 0x00, 0x00, 0xaf, 0xff,
    0x20, 0x09, 0xff, 0xf9, 0x00, 0x00, 0x00, 0x00,
    0x00, 0x5f, 0xff, 0xe0, 0x06, 0xff, 0xf7, 0x00,
    0x00, 0x00, 0x05, 0xff, 0xf7, 0x00, 0xdf, 0xff,
    0x50, 0x00, 0x00, 0x00, 0x00, 0x01, 0xff, 0xff,
    0x20, 0xbf, 0xff, 0x30, 0x00, 0x00, 0x00, 0x1f,
    0xff, 0xb0, 0x1f, 0xff, 0xf1, 0x00, 0x00, 0x00,
    0x00, 0x00, 0x0d, 0xff, 0xf5, 0x0f, 0xff, 0xe0,
    0x00, 0x00, 0x00, 0x00, 0xcf, 0xff, 0x04, 0xff,
    0xfd, 0x00, 0x00, 0x00, 0x00, 0x00, 0x00, 0x9f,
    0xff, 0x83, 0xff, 0xf9, 0x00, 0x00, 0x00, 0x00,
    0x07, 0xff, 0xf4, 0x6f, 0xff, 0x90, 0x00, 0x00,
    0x00, 0x00, 0x00, 0x05, 0xff, 0xfa, 0x7f, 0xff,
    0x50, 0x00, 0x00, 0x00, 0x00, 0x3f, 0xff, 0x79,
    0xff, 0xf6, 0x00, 0x00, 0x00, 0x00, 0x00, 0x00,
    0x2f, 0xff, 0xdb, 0xff, 0xf0, 0x00, 0x00, 0x00,
    0x00, 0x00, 0xef, 0xfb, 0xcf, 0xff, 0x20, 0x00,
    0x00, 0x00, 0x00, 0x00, 0x00, 0xef, 0xff, 0xef,
    0xfb, 0x00, 0x00, 0x00, 0x00, 0x00, 0x0a, 0xff,
    0xfe, 0xff, 0xe0, 0x00, 0x00, 0x00, 0x00, 0x00,
    0x00, 0x0a, 0xff, 0xff, 0xff, 0x60, 0x00, 0x00,
    0x00, 0x00, 0x00, 0x5f, 0xff, 0xff, 0xfa, 0x00,
    0x00, 0x00, 0x00, 0x00, 0x00, 0x00, 0x6f, 0xff,
    0xff, 0xf2, 0x00, 0x00, 0x00, 0x00, 0x00, 0x01,
    0xff, 0xff, 0xff, 0x60, 0x00, 0x00, 0x00, 0x00,
    0x00, 0x00, 0x02, 0xff, 0xff, 0xfd, 0x00, 0x00,
    0x00, 0x00, 0x00, 0x00, 0x0c, 0xff, 0xff, 0xf2,
    0x00, 0x00, 0x00, 0x00, 0x00, 0x00, 0x00, 0x0e,
    0xff, 0xff, 0x80, 0x00, 0x00, 0x00, 0x00, 0x00,
    0x00, 0x8f, 0xff, 0xfe, 0x00, 0x00, 0x00, 0x00,
    0x00, 0x00, 0x00, 0x00, 0xaf, 0xff, 0xf4, 0x00,
    0x00, 0x00, 0x00, 0x00, 0x00, 0x03, 0xff, 0xff,
    0xa0, 0x00, 0x00, 0x00, 0x00, 0x00, 0x00, 0x00,
    0x06, 0xff, 0xff, 0x00, 0x00, 0x00, 0x00, 0x00,
    0x00, 0x00, 0x0e, 0xff, 0xf7, 0x00, 0x00, 0x00,
    0x00,

    /* U+0058 "X" */
    0x1f, 0xff, 0xff, 0x30, 0x00, 0x00, 0x00, 0x00,
    0x00, 0x00, 0x01, 0xef, 0xff, 0xf4, 0x06, 0xff,
    0xff, 0xd0, 0x00, 0x00, 0x00, 0x00, 0x00, 0x00,
    0x0a, 0xff, 0xff, 0x90, 0x00, 0xcf, 0xff, 0xf7,
    0x00, 0x00, 0x00, 0x00, 0x00, 0x00, 0x4f, 0xff,
    0xfe, 0x10, 0x00, 0x2f, 0xff, 0xff, 0x20, 0x00,
    0x00, 0x00, 0x00, 0x00, 0xdf, 0xff, 0xf5, 0x00,
    0x00, 0x07, 0xff, 0xff, 0xb0, 0x00, 0x00, 0x00,
    0x00, 0x08, 0xff, 0xff, 0xb0, 0x00, 0x00, 0x00,
    0xdf, 0xff, 0xf5, 0x00, 0x00, 0x00, 0x00, 0x3f,
    0xff, 0xff, 0x10, 0x00, 0x00, 0x00, 0x3f, 0xff,
    0xfe, 0x10, 0x00, 0x00, 0x00, 0xcf, 0xff, 0xf6,
    0x00, 0x00, 0x00, 0x00, 0x09, 0xff, 0xff, 0x90,
    0x00, 0x00, 0x06, 0xff, 0xff, 0xc0, 0x00, 0x00,
    0x00, 0x00, 0x00, 0xef, 0xff, 0xf3, 0x00, 0x00,
    0x1f, 0xff, 0xff, 0x20, 0x00, 0x00, 0x00, 0x00,
    0x00, 0x4f, 0xff, 0xfd, 0x00, 0x00, 0xaf, 0xff,
    0xf8, 0x00, 0x00, 0x00, 0x00, 0x00, 0x00, 0x0a,
    0xff, 0xff, 0x80, 0x05, 0xff, 0xff, 0xd0, 0x00,
    0x00, 0x00, 0x00, 0x00, 0x00, 0x01, 0xef, 0xff,
    0xf2, 0x0e, 0xff, 0xff, 0x30, 0x00, 0x00, 0x00,
    0x00, 0x00, 0x00, 0x00, 0x6f, 0xff, 0xfc, 0x9f,
    0xff, 0xf9, 0x00, 0x00, 0x00, 0x00, 0x00, 0x00,
    0x00, 0x00, 0x0b, 0xff, 0xff, 0xff, 0xff, 0xe0,
    0x00, 0x00, 0x00, 0x00, 0x00, 0x00, 0x00, 0x00,
    0x02, 0xff, 0xff, 0xff, 0xff, 0x40, 0x00, 0x00,
    0x00, 0x00, 0x00, 0x00, 0x00, 0x00, 0x00, 0x7f,
    0xff, 0xff, 0xfa, 0x00, 0x00, 0x00, 0x00, 0x00,
    0x00, 0x00, 0x00, 0x00, 0x00, 0x0d, 0xff, 0xff,
    0xf1, 0x00, 0x00, 0x00, 0x00, 0x00, 0x00, 0x00,
    0x00, 0x00, 0x00, 0x1e, 0xff, 0xff, 0xf3, 0x00,
    0x00, 0x00, 0x00, 0x00, 0x00, 0x00, 0x00, 0x00,
    0x00, 0xaf, 0xff, 0xff, 0xfd, 0x00, 0x00, 0x00,
    0x00, 0x00, 0x00, 0x00, 0x00, 0x00, 0x04, 0xff,
    0xff, 0xff, 0xff, 0x80, 0x00, 0x00, 0x00, 0x00,
    0x00, 0x00, 0x00, 0x00, 0x0e, 0xff, 0xff, 0xff,
    0xff, 0xf2, 0x00, 0x00, 0x00, 0x00, 0x00, 0x00,
    0x00, 0x00, 0x9f, 0xff, 0xf9, 0x6f, 0xff, 0xfc,
    0x00, 0x00, 0x00, 0x00, 0x00, 0x00, 0x00, 0x03,
    0xff, 0xff, 0xe1, 0x0c, 0xff, 0xff, 0x60, 0x00,
    0x00, 0x00, 0x00, 0x00, 0x00, 0x0d, 0xff, 0xff,
    0x50, 0x02, 0xff, 0xff, 0xf1, 0x00, 0x00, 0x00,
    0x00, 0x00, 0x00, 0x8f, 0xff, 0xfb, 0x00, 0x00,
    0x8f, 0xff, 0xfb, 0x00, 0x00, 0x00, 0x00, 0x00,
    0x03, 0xff, 0xff, 0xf1, 0x00, 0x00, 0x0d, 0xff,
    0xff, 0x50, 0x00, 0x00, 0x00, 0x00, 0x0c, 0xff,
    0xff, 0x60, 0x00, 0x00, 0x03, 0xff, 0xff, 0xe1,
    0x00, 0x00, 0x00, 0x00, 0x7f, 0xff, 0xfc, 0x00,
    0x00, 0x00, 0x00, 0x9f, 0xff, 0xfa, 0x00, 0x00,
    0x00, 0x02, 0xff, 0xff, 0xf3, 0x00, 0x00, 0x00,
    0x00, 0x1e, 0xff, 0xff, 0x40, 0x00, 0x00, 0x0b,
    0xff, 0xff, 0x80, 0x00, 0x00, 0x00, 0x00, 0x05,
    0xff, 0xff, 0xe0, 0x00, 0x00, 0x6f, 0xff, 0xfd,
    0x00, 0x00, 0x00, 0x00, 0x00, 0x00, 0xbf, 0xff,
    0xf9, 0x00, 0x01, 0xff, 0xff, 0xf4, 0x00, 0x00,
    0x00, 0x00, 0x00, 0x00, 0x1f, 0xff, 0xff, 0x30,
    0x0a, 0xff, 0xff, 0xa0, 0x00, 0x00, 0x00, 0x00,
    0x00, 0x00, 0x07, 0xff, 0xff, 0xd0, 0x5f, 0xff,
    0xfe, 0x10, 0x00, 0x00, 0x00, 0x00, 0x00, 0x00,
    0x00, 0xcf, 0xff, 0xf8,

    /* U+0059 "Y" */
    0x5f, 0xff, 0xfc, 0x00, 0x00, 0x00, 0x00, 0x00,
    0x00, 0x00, 0x00, 0x0e, 0xff, 0xff, 0x20, 0xcf,
    0xff, 0xf4, 0x00, 0x00, 0x00, 0x00, 0x00, 0x00,
    0x00, 0x08, 0xff, 0xff, 0x90, 0x04, 0xff, 0xff,
    0xd0, 0x00, 0x00, 0x00, 0x00, 0x00, 0x00, 0x01,
    0xff, 0xff, 0xf1, 0x00, 0x0b, 0xff, 0xff, 0x50,
    0x00, 0x00, 0x00, 0x00, 0x00, 0x00, 0x8f, 0xff,
    0xf7, 0x00, 0x00, 0x2f, 0xff, 0xfd, 0x00, 0x00,
    0x00, 0x00, 0x00, 0x00, 0x1f, 0xff, 0xfe, 0x00,
    0x00, 0x00, 0x9f, 0xff, 0xf6, 0x00, 0x00, 0x00,
    0x00, 0x00, 0x09, 0xff, 0xff, 0x50, 0x00, 0x00,
    0x01, 0xff, 0xff, 0xe0, 0x00, 0x00, 0x00, 0x00,
    0x02, 0xff, 0xff, 0xc0, 0x00, 0x00, 0x00, 0x07,
    0xff, 0xff, 0x60, 0x00, 0x00, 0x00, 0x00, 0xaf,
    0xff, 0xf4, 0x00, 0x00, 0x00, 0x00, 0x0e, 0xff,
    0xfe, 0x00, 0x00, 0x00, 0x00, 0x2f, 0xff, 0xfb,
    0x00, 0x00, 0x00, 0x00, 0x00, 0x6f, 0xff, 0xf7,
    0x00, 0x00, 0x00, 0x0a, 0xff, 0xff, 0x20, 0x00,
    0x00, 0x00, 0x00, 0x00, 0xdf, 0xff, 0xe0, 0x00,
    0x00, 0x03, 0xff, 0xff, 0x90, 0x00, 0x00, 0x00,
    0x00, 0x00, 0x04, 0xff, 0xff, 0x80, 0x00, 0x00,
    0xbf, 0xff, 0xf1, 0x00, 0x00, 0x00, 0x00, 0x00,
    0x00, 0x0b, 0xff, 0xff, 0x10, 0x00, 0x3f, 0xff,
    0xf8, 0x00, 0x00, 0x00, 0x00, 0x00, 0x00, 0x00,
    0x3f, 0xff, 0xf8, 0x00, 0x0c, 0xff, 0xfe, 0x00,
    0x00, 0x00, 0x00, 0x00, 0x00, 0x00, 0x00, 0xaf,
    0xff, 0xf1, 0x04, 0xff, 0xff, 0x60, 0x00, 0x00,
    0x00, 0x00, 0x00, 0x00, 0x00, 0x01, 0xff, 0xff,
    0x90, 0xcf, 0xff, 0xd0, 0x00, 0x00, 0x00, 0x00,
    0x00, 0x00, 0x00, 0x00, 0x08, 0xff, 0xff, 0x6f,
    0xff, 0xf4, 0x00, 0x00, 0x00, 0x00, 0x00, 0x00,
    0x00, 0x00, 0x00, 0x0e, 0xff, 0xff, 0xff, 0xfb,
    0x00, 0x00, 0x00, 0x00, 0x00, 0x00, 0x00, 0x00,
    0x00, 0x00, 0x6f, 0xff, 0xff, 0xff, 0x30, 0x00,
    0x00, 0x00, 0x00, 0x00, 0x00, 0x00, 0x00, 0x00,
    0x00, 0xdf, 0xff, 0xff, 0xa0, 0x00, 0x00, 0x00,
    0x00, 0x00, 0x00, 0x00, 0x00, 0x00, 0x00, 0x05,
    0xff, 0xff, 0xf1, 0x00, 0x00, 0x00, 0x00, 0x00,
    0x00, 0x00, 0x00, 0x00, 0x00, 0x00, 0x0e, 0xff,
    0xfa, 0x00, 0x00, 0x00, 0x00, 0x00, 0x00, 0x00,
    0x00, 0x00, 0x00, 0x00, 0x00, 0xef, 0xff, 0xa0,
    0x00, 0x00, 0x00, 0x00, 0x00, 0x00, 0x00, 0x00,
    0x00, 0x00, 0x00, 0x0e, 0xff, 0xfa, 0x00, 0x00,
    0x00, 0x00, 0x00, 0x00, 0x00, 0x00, 0x00, 0x00,
    0x00, 0x00, 0xef, 0xff, 0xa0, 0x00, 0x00, 0x00,
    0x00, 0x00, 0x00, 0x00, 0x00, 0x00, 0x00, 0x00,
    0x0e, 0xff, 0xfa, 0x00, 0x00, 0x00, 0x00, 0x00,
    0x00, 0x00, 0x00, 0x00, 0x00, 0x00, 0x00, 0xef,
    0xff, 0xa0, 0x00, 0x00, 0x00, 0x00, 0x00, 0x00,
    0x00, 0x00, 0x00, 0x00, 0x00, 0x0e, 0xff, 0xfa,
    0x00, 0x00, 0x00, 0x00, 0x00, 0x00, 0x00, 0x00,
    0x00, 0x00, 0x00, 0x00, 0xef, 0xff, 0xa0, 0x00,
    0x00, 0x00, 0x00, 0x00, 0x00, 0x00, 0x00, 0x00,
    0x00, 0x00, 0x0e, 0xff, 0xfa, 0x00, 0x00, 0x00,
    0x00, 0x00, 0x00, 0x00, 0x00, 0x00, 0x00, 0x00,
    0x00, 0xef, 0xff, 0xa0, 0x00, 0x00, 0x00, 0x00,
    0x00, 0x00, 0x00, 0x00, 0x00, 0x00, 0x00, 0x0e,
    0xff, 0xfa, 0x00, 0x00, 0x00, 0x00, 0x00, 0x00,
    0x00, 0x00, 0x00, 0x00, 0x00, 0x00, 0xef, 0xff,
    0xa0, 0x00, 0x00, 0x00, 0x00, 0x00, 0x00, 0x00,
    0x00, 0x00, 0x00, 0x00, 0x0e, 0xff, 0xfa, 0x00,
    0x00, 0x00, 0x00, 0x00, 0x00,

    /* U+005A "Z" */
    0xaf, 0xff, 0xff, 0xff, 0xff, 0xff, 0xff, 0xff,
    0xff, 0xff, 0xff, 0xff, 0x1a, 0xff, 0xff, 0xff,
    0xff, 0xff, 0xff, 0xff, 0xff, 0xff, 0xff, 0xff,
    0xf1, 0xaf, 0xff, 0xff, 0xff, 0xff, 0xff, 0xff,
    0xff, 0xff, 0xff, 0xff, 0xff, 0x17, 0xbb, 0xbb,
    0xbb, 0xbb, 0xbb, 0xbb, 0xbb, 0xbb, 0xbd, 0xff,
    0xff, 0xe0, 0x00, 0x00, 0x00, 0x00, 0x00, 0x00,
    0x00, 0x00, 0x00, 0xcf, 0xff, 0xf4, 0x00, 0x00,
    0x00, 0x00, 0x00, 0x00, 0x00, 0x00, 0x00, 0x8f,
    0xff, 0xf9, 0x00, 0x00, 0x00, 0x00, 0x00, 0x00,
    0x00, 0x00, 0x00, 0x3f, 0xff, 0xfd, 0x00, 0x00,
    0x00, 0x00, 0x00, 0x00, 0x00, 0x00, 0x00, 0x0d,
    0xff, 0xff, 0x30, 0x00, 0x00, 0x00, 0x00, 0x00,
    0x00, 0x00, 0x00, 0x09, 0xff, 0xff, 0x80, 0x00,
    0x00, 0x00, 0x00, 0x00, 0x00, 0x00, 0x00, 0x04,
    0xff, 0xff, 0xc0, 0x00, 0x00, 0x00, 0x00, 0x00,
    0x00, 0x00, 0x00, 0x01, 0xef, 0xff, 0xf2, 0x00,
    0x00, 0x00, 0x00, 0x00, 0x00, 0x00, 0x00, 0x00,
    0xaf, 0xff, 0xf6, 0x00, 0x00, 0x00, 0x00, 0x00,
    0x00, 0x00, 0x00, 0x00, 0x6f, 0xff, 0xfb, 0x00,
    0x00, 0x00, 0x00, 0x00, 0x00, 0x00, 0x00, 0x00,
    0x2f, 0xff, 0xfe, 0x10, 0x00, 0x00, 0x00, 0x00,
    0x00, 0x00, 0x00, 0x00, 0x0c, 0xff, 0xff, 0x50,
    0x00, 0x00, 0x00, 0x00, 0x00, 0x00, 0x00, 0x00,
    0x07, 0xff, 0xff, 0xa0, 0x00, 0x00, 0x00, 0x00,
    0x00, 0x00, 0x00, 0x00, 0x02, 0xff, 0xff, 0xe1,
    0x00, 0x00, 0x00, 0x00, 0x00, 0x00, 0x00, 0x00,
    0x00, 0xdf, 0xff, 0xf4, 0x00, 0x00, 0x00, 0x00,
    0x00, 0x00, 0x00, 0x00, 0x00, 0x8f, 0xff, 0xf9,
    0x00, 0x00, 0x00, 0x00, 0x00, 0x00, 0x00, 0x00,
    0x00, 0x4f, 0xff, 0xfd, 0x00, 0x00, 0x00, 0x00,
    0x00, 0x00, 0x00, 0x00, 0x00, 0x0e, 0xff, 0xff,
    0x30, 0x00, 0x00, 0x00, 0x00, 0x00, 0x00, 0x00,
    0x00, 0x0a, 0xff, 0xff, 0x70, 0x00, 0x00, 0x00,
    0x00, 0x00, 0x00, 0x00, 0x00, 0x05, 0xff, 0xff,
    0xc0, 0x00, 0x00, 0x00, 0x00, 0x00, 0x00, 0x00,
    0x00, 0x01, 0xef, 0xff, 0xf2, 0x00, 0x00, 0x00,
    0x00, 0x00, 0x00, 0x00, 0x00, 0x00, 0xbf, 0xff,
    0xf6, 0x00, 0x00, 0x00, 0x00, 0x00, 0x00, 0x00,
    0x00, 0x00, 0x6f, 0xff, 0xfb, 0x00, 0x00, 0x00,
    0x00, 0x00, 0x00, 0x00, 0x00, 0x00, 0x2f, 0xff,
    0xfe, 0x10, 0x00, 0x00, 0x00, 0x00, 0x00, 0x00,
    0x00, 0x00, 0x0c, 0xff, 0xff, 0x50, 0x00, 0x00,
    0x00, 0x00, 0x00, 0x00, 0x00, 0x00, 0x07, 0xff,
    0xff, 0xa0, 0x00, 0x00, 0x00, 0x00, 0x00, 0x00,
    0x00, 0x00, 0x03, 0xff, 0xff, 0xe1, 0x00, 0x00,
    0x00, 0x00, 0x00, 0x00, 0x00, 0x00, 0x00, 0xdf,
    0xff, 0xfd, 0xbb, 0xbb, 0xbb, 0xbb, 0xbb, 0xbb,
    0xbb, 0xbb, 0xbb, 0x9f, 0xff, 0xff, 0xff, 0xff,
    0xff, 0xff, 0xff, 0xff, 0xff, 0xff, 0xff, 0xfd,
    0xff, 0xff, 0xff, 0xff, 0xff, 0xff, 0xff, 0xff,
    0xff, 0xff, 0xff, 0xff, 0xdf, 0xff, 0xff, 0xff,
    0xff, 0xff, 0xff, 0xff, 0xff, 0xff, 0xff, 0xff,
    0xfd,

    /* U+005B "[" */
    0x59, 0x99, 0x99, 0x99, 0x92, 0x8f, 0xff, 0xff,
    0xff, 0xf4, 0x8f, 0xff, 0xff, 0xff, 0xf4, 0x8f,
    0xff, 0xff, 0xff, 0xf4, 0x8f, 0xff, 0xc0, 0x00,
    0x00, 0x8f, 0xff, 0xc0, 0x00, 0x00, 0x8f, 0xff,
    0xc0, 0x00, 0x00, 0x8f, 0xff, 0xc0, 0x00, 0x00,
    0x8f, 0xff, 0xc0, 0x00, 0x00, 0x8f, 0xff, 0xc0,
    0x00, 0x00, 0x8f, 0xff, 0xc0, 0x00, 0x00, 0x8f,
    0xff, 0xc0, 0x00, 0x00, 0x8f, 0xff, 0xc0, 0x00,
    0x00, 0x8f, 0xff, 0xc0, 0x00, 0x00, 0x8f, 0xff,
    0xc0, 0x00, 0x00, 0x8f, 0xff, 0xc0, 0x00, 0x00,
    0x8f, 0xff, 0xc0, 0x00, 0x00, 0x8f, 0xff, 0xc0,
    0x00, 0x00, 0x8f, 0xff, 0xc0, 0x00, 0x00, 0x8f,
    0xff, 0xc0, 0x00, 0x00, 0x8f, 0xff, 0xc0, 0x00,
    0x00, 0x8f, 0xff, 0xc0, 0x00, 0x00, 0x8f, 0xff,
    0xc0, 0x00, 0x00, 0x8f, 0xff, 0xc0, 0x00, 0x00,
    0x8f, 0xff, 0xc0, 0x00, 0x00, 0x8f, 0xff, 0xc0,
    0x00, 0x00, 0x8f, 0xff, 0xc0, 0x00, 0x00, 0x8f,
    0xff, 0xc0, 0x00, 0x00, 0x8f, 0xff, 0xc0, 0x00,
    0x00, 0x8f, 0xff, 0xc0, 0x00, 0x00, 0x8f, 0xff,
    0xc0, 0x00, 0x00, 0x8f, 0xff, 0xc0, 0x00, 0x00,
    0x8f, 0xff, 0xc0, 0x00, 0x00, 0x8f, 0xff, 0xc0,
    0x00, 0x00, 0x8f, 0xff, 0xc0, 0x00, 0x00, 0x8f,
    0xff, 0xc0, 0x00, 0x00, 0x8f, 0xff, 0xc0, 0x00,
    0x00, 0x8f, 0xff, 0xc0, 0x00, 0x00, 0x8f, 0xff,
    0xc0, 0x00, 0x00, 0x8f, 0xff, 0xc0, 0x00, 0x00,
    0x8f, 0xff, 0xc0, 0x00, 0x00, 0x8f, 0xff, 0xc0,
    0x00, 0x00, 0x8f, 0xff, 0xc0, 0x00, 0x00, 0x8f,
    0xff, 0xe9, 0x99, 0x92, 0x8f, 0xff, 0xff, 0xff,
    0xf4, 0x8f, 0xff, 0xff, 0xff, 0xf4, 0x8f, 0xff,
    0xff, 0xff, 0xf4,

    /* U+005C "\\" */
    0x0d, 0xff, 0xf4, 0x00, 0x00, 0x00, 0x00, 0x00,
    0x00, 0x00, 0x07, 0xff, 0xfa, 0x00, 0x00, 0x00,
    0x00, 0x00, 0x00, 0x00, 0x01, 0xff, 0xff, 0x10,
    0x00, 0x00, 0x00, 0x00, 0x00, 0x00, 0x00, 0xbf,
    0xff, 0x60, 0x00, 0x00, 0x00, 0x00, 0x00, 0x00,
    0x00, 0x5f, 0xff, 0xc0, 0x00, 0x00, 0x00, 0x00,
    0x00, 0x00, 0x00, 0x0e, 0xff, 0xf3, 0x00, 0x00,
    0x00, 0x00, 0x00, 0x00, 0x00, 0x09, 0xff, 0xf9,
    0x00, 0x00, 0x00, 0x00, 0x00, 0x00, 0x00, 0x02,
    0xff, 0xfe, 0x00, 0x00, 0x00, 0x00, 0x00, 0x00,
    0x00, 0x00, 0xcf, 0xff, 0x50, 0x00, 0x00, 0x00,
    0x00, 0x00, 0x00, 0x00, 0x6f, 0xff, 0xb0, 0x00,
    0x00, 0x00, 0x00, 0x00, 0x00, 0x00, 0x1f, 0xff,
    0xf1, 0x00, 0x00, 0x00, 0x00, 0x00, 0x00, 0x00,
    0x0a, 0xff, 0xf7, 0x00, 0x00, 0x00, 0x00, 0x00,
    0x00, 0x00, 0x04, 0xff, 0xfd, 0x00, 0x00, 0x00,
    0x00, 0x00, 0x00, 0x00, 0x00, 0xef, 0xff, 0x30,
    0x00, 0x00, 0x00, 0x00, 0x00, 0x00, 0x00, 0x8f,
    0xff, 0x90, 0x00, 0x00, 0x00, 0x00, 0x00, 0x00,
    0x00, 0x2f, 0xff, 0xf0, 0x00, 0x00, 0x00, 0x00,
    0x00, 0x00, 0x00, 0x0c, 0xff, 0xf5, 0x00, 0x00,
    0x00, 0x00, 0x00, 0x00, 0x00, 0x06, 0xff, 0xfb,
    0x00, 0x00, 0x00, 0x00, 0x00, 0x00, 0x00, 0x00,
    0xff, 0xff, 0x20, 0x00, 0x00, 0x00, 0x00, 0x00,
    0x00, 0x00, 0x9f, 0xff, 0x80, 0x00, 0x00, 0x00,
    0x00, 0x00, 0x00, 0x00, 0x3f, 0xff, 0xe0, 0x00,
    0x00, 0x00, 0x00, 0x00, 0x00, 0x00, 0x0d, 0xff,
    0xf4, 0x00, 0x00, 0x00, 0x00, 0x00, 0x00, 0x00,
    0x07, 0xff, 0xfa, 0x00, 0x00, 0x00, 0x00, 0x00,
    0x00, 0x00, 0x01, 0xff, 0xff, 0x10, 0x00, 0x00,
    0x00, 0x00, 0x00, 0x00, 0x00, 0xbf, 0xff, 0x60,
    0x00, 0x00, 0x00, 0x00, 0x00, 0x00, 0x00, 0x5f,
    0xff, 0xc0, 0x00, 0x00, 0x00, 0x00, 0x00, 0x00,
    0x00, 0x0e, 0xff, 0xf2, 0x00, 0x00, 0x00, 0x00,
    0x00, 0x00, 0x00, 0x09, 0xff, 0xf8, 0x00, 0x00,
    0x00, 0x00, 0x00, 0x00, 0x00, 0x03, 0xff, 0xfe,
    0x00, 0x00, 0x00, 0x00, 0x00, 0x00, 0x00, 0x00,
    0xdf, 0xff, 0x40, 0x00, 0x00, 0x00, 0x00, 0x00,
    0x00, 0x00, 0x7f, 0xff, 0xb0, 0x00, 0x00, 0x00,
    0x00, 0x00, 0x00, 0x00, 0x1f, 0xff, 0xf1, 0x00,
    0x00, 0x00, 0x00, 0x00, 0x00, 0x00, 0x0a, 0xff,
    0xf7, 0x00, 0x00, 0x00, 0x00, 0x00, 0x00, 0x00,
    0x04, 0xff, 0xfd, 0x00, 0x00, 0x00, 0x00, 0x00,
    0x00, 0x00, 0x00, 0xef, 0xff, 0x30, 0x00, 0x00,
    0x00, 0x00, 0x00, 0x00, 0x00, 0x8f, 0xff, 0x90,
    0x00, 0x00, 0x00, 0x00, 0x00, 0x00, 0x00, 0x2f,
    0xff, 0xf0, 0x00, 0x00, 0x00, 0x00, 0x00, 0x00,
    0x00, 0x07, 0x88, 0x82,

    /* U+005D "]" */
    0x79, 0x99, 0x99, 0x99, 0x90, 0xcf, 0xff, 0xff,
    0xff, 0xf1, 0xcf, 0xff, 0xff, 0xff, 0xf1, 0xcf,
    0xff, 0xff, 0xff, 0xf1, 0x00, 0x00, 0x4f, 0xff,
    0xf1, 0x00, 0x00, 0x4f, 0xff, 0xf1, 0x00, 0x00,
    0x4f, 0xff, 0xf1, 0x00, 0x00, 0x4f, 0xff, 0xf1,
    0x00, 0x00, 0x4f, 0xff, 0xf1, 0x00, 0x00, 0x4f,
    0xff, 0xf1, 0x00, 0x00, 0x4f, 0xff, 0xf1, 0x00,
    0x00, 0x4f, 0xff, 0xf1, 0x00, 0x00, 0x4f, 0xff,
    0xf1, 0x00, 0x00, 0x4f, 0xff, 0xf1, 0x00, 0x00,
    0x4f, 0xff, 0xf1, 0x00, 0x00, 0x4f, 0xff, 0xf1,
    0x00, 0x00, 0x4f, 0xff, 0xf1, 0x00, 0x00, 0x4f,
    0xff, 0xf1, 0x00, 0x00, 0x4f, 0xff, 0xf1, 0x00,
    0x00, 0x4f, 0xff, 0xf1, 0x00, 0x00, 0x4f, 0xff,
    0xf1, 0x00, 0x00, 0x4f, 0xff, 0xf1, 0x00, 0x00,
    0x4f, 0xff, 0xf1, 0x00, 0x00, 0x4f, 0xff, 0xf1,
    0x00, 0x00, 0x4f, 0xff, 0xf1, 0x00, 0x00, 0x4f,
    0xff, 0xf1, 0x00, 0x00, 0x4f, 0xff, 0xf1, 0x00,
    0x00, 0x4f, 0xff, 0xf1, 0x00, 0x00, 0x4f, 0xff,
    0xf1, 0x00, 0x00, 0x4f, 0xff, 0xf1, 0x00, 0x00,
    0x4f, 0xff, 0xf1, 0x00, 0x00, 0x4f, 0xff, 0xf1,
    0x00, 0x00, 0x4f, 0xff, 0xf1, 0x00, 0x00, 0x4f,
    0xff, 0xf1, 0x00, 0x00, 0x4f, 0xff, 0xf1, 0x00,
    0x00, 0x4f, 0xff, 0xf1, 0x00, 0x00, 0x4f, 0xff,
    0xf1, 0x00, 0x00, 0x4f, 0xff, 0xf1, 0x00, 0x00,
    0x4f, 0xff, 0xf1, 0x00, 0x00, 0x4f, 0xff, 0xf1,
    0x00, 0x00, 0x4f, 0xff, 0xf1, 0x00, 0x00, 0x4f,
    0xff, 0xf1, 0x00, 0x00, 0x4f, 0xff, 0xf1, 0x79,
    0x99, 0xbf, 0xff, 0xf1, 0xcf, 0xff, 0xff, 0xff,
    0xf1, 0xcf, 0xff, 0xff, 0xff, 0xf1, 0xcf, 0xff,
    0xff, 0xff, 0xf1,

    /* U+005E "^" */
    0x00, 0x00, 0x00, 0x0b, 0xff, 0xb0, 0x00, 0x00,
    0x00, 0x00, 0x00, 0x00, 0x1f, 0xff, 0xf2, 0x00,
    0x00, 0x00, 0x00, 0x00, 0x00, 0x8f, 0xff, 0xf8,
    0x00, 0x00, 0x00, 0x00, 0x00, 0x00, 0xef, 0xff,
    0xfe, 0x00, 0x00, 0x00, 0x00, 0x00, 0x05, 0xff,
    0xff, 0xff, 0x50, 0x00, 0x00, 0x00, 0x00, 0x0c,
    0xff, 0xff, 0xff, 0xc0, 0x00, 0x00, 0x00, 0x00,
    0x2f, 0xff, 0xba, 0xff, 0xf3, 0x00, 0x00, 0x00,
    0x00, 0x9f, 0xff, 0x44, 0xff, 0xf9, 0x00, 0x00,
    0x00, 0x00, 0xff, 0xfe, 0x00, 0xef, 0xff, 0x00,
    0x00, 0x00, 0x06, 0xff, 0xf8, 0x00, 0x7f, 0xff,
    0x60, 0x00, 0x00, 0x0d, 0xff, 0xf2, 0x00, 0x1f,
    0xff, 0xd0, 0x00, 0x00, 0x3f, 0xff, 0xb0, 0x00,
    0x0b, 0xff, 0xf3, 0x00, 0x00, 0xaf, 0xff, 0x50,
    0x00, 0x04, 0xff, 0xfa, 0x00, 0x01, 0xff, 0xfe,
    0x00, 0x00, 0x00, 0xef, 0xff, 0x10, 0x07, 0xff,
    0xf8, 0x00, 0x00, 0x00, 0x8f, 0xff, 0x70, 0x0d,
    0xff, 0xf2, 0x00, 0x00, 0x00, 0x2f, 0xff, 0xd0,
    0x4f, 0xff, 0xb0, 0x00, 0x00, 0x00, 0x0b, 0xff,
    0xf4,

    /* U+005F "_" */
    0x89, 0x99, 0x99, 0x99, 0x99, 0x99, 0x99, 0x99,
    0x99, 0x99, 0x95, 0xef, 0xff, 0xff, 0xff, 0xff,
    0xff, 0xff, 0xff, 0xff, 0xff, 0xf9, 0xef, 0xff,
    0xff, 0xff, 0xff, 0xff, 0xff, 0xff, 0xff, 0xff,
    0xf9, 0xef, 0xff, 0xff, 0xff, 0xff, 0xff, 0xff,
    0xff, 0xff, 0xff, 0xf9,

    /* U+0060 "`" */
    0x3f, 0xff, 0xfd, 0x00, 0x00, 0x00, 0x5f, 0xff,
    0xf9, 0x00, 0x00, 0x00, 0x8f, 0xff, 0xf3, 0x00,
    0x00, 0x00, 0xaf, 0xff, 0xd0, 0x00, 0x00, 0x00,
    0xbf, 0xff, 0x70, 0x00, 0x00, 0x01, 0xdf, 0xff,
    0x20, 0x00, 0x00, 0x02, 0xef, 0xfc, 0x00,

    /* U+0061 "a" */
    0x00, 0x00, 0x00, 0x28, 0xce, 0xff, 0xec, 0x94,
    0x00, 0x00, 0x00, 0x00, 0x00, 0x3b, 0xff, 0xff,
    0xff, 0xff, 0xff, 0xd3, 0x00, 0x00, 0x00, 0x06,
    0xff, 0xff, 0xff, 0xff, 0xff, 0xff, 0xff, 0x60,
    0x00, 0x00, 0x6f, 0xff, 0xff, 0xea, 0x88, 0xae,
    0xff, 0xff, 0xf3, 0x00, 0x02, 0xff, 0xff, 0xe5,
    0x00, 0x00, 0x00, 0x8f, 0xff, 0xfc, 0x00, 0x09,
    0xff, 0xff, 0x20, 0x00, 0x00, 0x00, 0x08, 0xff,
    0xff, 0x30, 0x0d, 0xff, 0xf9, 0x00, 0x00, 0x00,
    0x00, 0x01, 0xff, 0xff, 0x60, 0x03, 0x44, 0x41,
    0x00, 0x00, 0x00, 0x00, 0x00, 0xcf, 0xff, 0x80,
    0x00, 0x00, 0x00, 0x00, 0x00, 0x00, 0x00, 0x00,
    0xbf, 0xff, 0x90, 0x00, 0x00, 0x00, 0x00, 0x00,
    0x00, 0x00, 0x00, 0xbf, 0xff, 0x90, 0x00, 0x00,
    0x00, 0x38, 0xbd, 0xff, 0xff, 0xff, 0xff, 0xff,
    0x90, 0x00, 0x00, 0x5d, 0xff, 0xff, 0xff, 0xff,
    0xff, 0xff, 0xff, 0x90, 0x00, 0x0b, 0xff, 0xff,
    0xff, 0xff, 0xff, 0xff, 0xff, 0xff, 0x90, 0x00,
    0xcf, 0xff, 0xfe, 0x95, 0x31, 0x11, 0x11, 0xcf,
    0xff, 0x90, 0x07, 0xff, 0xff, 0x90, 0x00, 0x00,
    0x00, 0x00, 0xbf, 0xff, 0x90, 0x0e, 0xff, 0xf9,
    0x00, 0x00, 0x00, 0x00, 0x00, 0xbf, 0xff, 0x90,
    0x3f, 0xff, 0xf2, 0x00, 0x00, 0x00, 0x00, 0x00,
    0xbf, 0xff, 0x90, 0x6f, 0xff, 0xf0, 0x00, 0x00,
    0x00, 0x00, 0x00, 0xbf, 0xff, 0x90, 0x6f, 0xff,
    0xf0, 0x00, 0x00, 0x00, 0x00, 0x00, 0xdf, 0xff,
    0x90, 0x5f, 0xff, 0xf3, 0x00, 0x00, 0x00, 0x00,
    0x08, 0xff, 0xff, 0x90, 0x2f, 0xff, 0xfc, 0x00,
    0x00, 0x00, 0x00, 0x8f, 0xff, 0xff, 0x90, 0x0c,
    0xff, 0xff, 0xc3, 0x00, 0x00, 0x5c, 0xff, 0xff,
    0xff, 0xa0, 0x03, 0xff, 0xff, 0xff, 0xed, 0xdf,
    0xff, 0xff, 0xff, 0xff, 0xc0, 0x00, 0x6f, 0xff,
    0xff, 0xff, 0xff, 0xff, 0xfa, 0x9f, 0xff, 0xf0,
    0x00, 0x04, 0xdf, 0xff, 0xff, 0xff, 0xfe, 0x60,
    0x5f, 0xff, 0xf3, 0x00, 0x00, 0x05, 0xbe, 0xff,
    0xeb, 0x60, 0x00, 0x18, 0x88, 0x84,

    /* U+0062 "b" */
    0x23, 0x33, 0x20, 0x00, 0x00, 0x00, 0x00, 0x00,
    0x00, 0x00, 0x00, 0xbf, 0xff, 0xa0, 0x00, 0x00,
    0x00, 0x00, 0x00, 0x00, 0x00, 0x00, 0xbf, 0xff,
    0xa0, 0x00, 0x00, 0x00, 0x00, 0x00, 0x00, 0x00,
    0x00, 0xbf, 0xff, 0xa0, 0x00, 0x00, 0x00, 0x00,
    0x00, 0x00, 0x00, 0x00, 0xbf, 0xff, 0xa0, 0x00,
    0x00, 0x00, 0x00, 0x00, 0x00, 0x00, 0x00, 0xbf,
    0xff, 0xa0, 0x00, 0x00, 0x00, 0x00, 0x00, 0x00,
    0x00, 0x00, 0xbf, 0xff, 0xa0, 0x00, 0x00, 0x00,
    0x00, 0x00, 0x00, 0x00, 0x00, 0xbf, 0xff, 0xa0,
    0x00, 0x00, 0x00, 0x00, 0x00, 0x00, 0x00, 0x00,
    0xbf, 0xff, 0xa0, 0x00, 0x00, 0x00, 0x00, 0x00,
    0x00, 0x00, 0x00, 0xbf, 0xff, 0xa0, 0x00, 0x00,
    0x00, 0x00, 0x00, 0x00, 0x00, 0x00, 0xbf, 0xff,
    0xa0, 0x00, 0x00, 0x00, 0x00, 0x00, 0x00, 0x00,
    0x00, 0xbf, 0xff, 0xa0, 0x01, 0x7c, 0xef, 0xfd,
    0xa5, 0x00, 0x00, 0x00, 0xbf, 0xff, 0xa0, 0x8f,
    0xff, 0xff, 0xff, 0xff, 0xd3, 0x00, 0x00, 0xbf,
    0xff, 0xab, 0xff, 0xff, 0xff, 0xff, 0xff, 0xff,
    0x50, 0x00, 0xbf, 0xff, 0xff, 0xff, 0xfc, 0xbb,
    0xef, 0xff, 0xff, 0xf3, 0x00, 0xbf, 0xff, 0xff,
    0xf7, 0x00, 0x00, 0x03, 0xcf, 0xff, 0xfd, 0x00,
    0xbf, 0xff, 0xfe, 0x30, 0x00, 0x00, 0x00, 0x0b,
    0xff, 0xff, 0x50, 0xbf, 0xff, 0xf4, 0x00, 0x00,
    0x00, 0x00, 0x01, 0xef, 0xff, 0xc0, 0xbf, 0xff,
    0xc0, 0x00, 0x00, 0x00, 0x00, 0x00, 0x7f, 0xff,
    0xf1, 0xbf, 0xff, 0xa0, 0x00, 0x00, 0x00, 0x00,
    0x00, 0x2f, 0xff, 0xf5, 0xbf, 0xff, 0xa0, 0x00,
    0x00, 0x00, 0x00, 0x00, 0x0e, 0xff, 0xf8, 0xbf,
    0xff, 0xa0, 0x00, 0x00, 0x00, 0x00, 0x00, 0x0b,
    0xff, 0xfa, 0xbf, 0xff, 0xa0, 0x00, 0x00, 0x00,
    0x00, 0x00, 0x0a, 0xff, 0xfb, 0xbf, 0xff, 0xa0,
    0x00, 0x00, 0x00, 0x00, 0x00, 0x09, 0xff, 0xfc,
    0xbf, 0xff, 0xa0, 0x00, 0x00, 0x00, 0x00, 0x00,
    0x09, 0xff, 0xfc, 0xbf, 0xff, 0xa0, 0x00, 0x00,
    0x00, 0x00, 0x00, 0x0a, 0xff, 0xfb, 0xbf, 0xff,
    0xa0, 0x00, 0x00, 0x00, 0x00, 0x00, 0x0b, 0xff,
    0xfa, 0xbf, 0xff, 0xa0, 0x00, 0x00, 0x00, 0x00,
    0x00, 0x0e, 0xff, 0xf8, 0xbf, 0xff, 0xa0, 0x00,
    0x00, 0x00, 0x00, 0x00, 0x2f, 0xff, 0xf5, 0xbf,
    0xff, 0xc0, 0x00, 0x00, 0x00, 0x00, 0x00, 0x8f,
    0xff, 0xf1, 0xbf, 0xff, 0xf5, 0x00, 0x00, 0x00,
    0x00, 0x01, 0xff, 0xff, 0xb0, 0xbf, 0xff, 0xff,
    0x40, 0x00, 0x00, 0x00, 0x0c, 0xff, 0xff, 0x40,
    0xbf, 0xff, 0xff, 0xf8, 0x10, 0x00, 0x03, 0xdf,
    0xff, 0xfc, 0x00, 0xbf, 0xff, 0xff, 0xff, 0xfd,
    0xbb, 0xef, 0xff, 0xff, 0xf2, 0x00, 0xbf, 0xff,
    0x7b, 0xff, 0xff, 0xff, 0xff, 0xff, 0xff, 0x40,
    0x00, 0xbf, 0xff, 0x50, 0x8f, 0xff, 0xff, 0xff,
    0xff, 0xc2, 0x00, 0x00, 0xbf, 0xff, 0x40, 0x01,
    0x7c, 0xef, 0xfd, 0xa5, 0x00, 0x00, 0x00,

    /* U+0063 "c" */
    0x00, 0x00, 0x00, 0x06, 0xad, 0xff, 0xfd, 0xa5,
    0x00, 0x00, 0x00, 0x00, 0x00, 0x07, 0xff, 0xff,
    0xff, 0xff, 0xff, 0xd4, 0x00, 0x00, 0x00, 0x01,
    0xcf, 0xff, 0xff, 0xff, 0xff, 0xff, 0xff, 0x70,
    0x00, 0x00, 0x0c, 0xff, 0xff, 0xfd, 0xa9, 0xae,
    0xff, 0xff, 0xf7, 0x00, 0x00, 0x9f, 0xff, 0xfc,
    0x30, 0x00, 0x00, 0x6e, 0xff, 0xff, 0x30, 0x03,
    0xff, 0xff, 0xb0, 0x00, 0x00, 0x00, 0x02, 0xef,
    0xff, 0xb0, 0x0a, 0xff, 0xfe, 0x00, 0x00, 0x00,
    0x00, 0x00, 0x5f, 0xff, 0xf1, 0x1f, 0xff, 0xf7,
    0x00, 0x00, 0x00, 0x00, 0x00, 0x0e, 0xff, 0xf5,
    0x5f, 0xff, 0xf1, 0x00, 0x00, 0x00, 0x00, 0x00,
    0x0a, 0xff, 0xf8, 0x8f, 0xff, 0xd0, 0x00, 0x00,
    0x00, 0x00, 0x00, 0x01, 0x11, 0x11, 0xbf, 0xff,
    0xa0, 0x00, 0x00, 0x00, 0x00, 0x00, 0x00, 0x00,
    0x00, 0xcf, 0xff, 0x80, 0x00, 0x00, 0x00, 0x00,
    0x00, 0x00, 0x00, 0x00, 0xcf, 0xff, 0x80, 0x00,
    0x00, 0x00, 0x00, 0x00, 0x00, 0x00, 0x00, 0xcf,
    0xff, 0x80, 0x00, 0x00, 0x00, 0x00, 0x00, 0x00,
    0x00, 0x00, 0xcf, 0xff, 0x80, 0x00, 0x00, 0x00,
    0x00, 0x00, 0x00, 0x00, 0x00, 0xbf, 0xff, 0xa0,
    0x00, 0x00, 0x00, 0x00, 0x00, 0x00, 0x00, 0x00,
    0x8f, 0xff, 0xc0, 0x00, 0x00, 0x00, 0x00, 0x00,
    0x00, 0x00, 0x00, 0x5f, 0xff, 0xf1, 0x00, 0x00,
    0x00, 0x00, 0x00, 0x03, 0x66, 0x63, 0x1f, 0xff,
    0xf6, 0x00, 0x00, 0x00, 0x00, 0x00, 0x0b, 0xff,
    0xf7, 0x0a, 0xff, 0xfe, 0x00, 0x00, 0x00, 0x00,
    0x00, 0x2f, 0xff, 0xf3, 0x03, 0xff, 0xff, 0xa0,
    0x00, 0x00, 0x00, 0x01, 0xdf, 0xff, 0xc0, 0x00,
    0x9f, 0xff, 0xfc, 0x20, 0x00, 0x00, 0x5e, 0xff,
    0xff, 0x30, 0x00, 0x0c, 0xff, 0xff, 0xfd, 0xa9,
    0xae, 0xff, 0xff, 0xf6, 0x00, 0x00, 0x01, 0xcf,
    0xff, 0xff, 0xff, 0xff, 0xff, 0xff, 0x60, 0x00,
    0x00, 0x00, 0x07, 0xff, 0xff, 0xff, 0xff, 0xff,
    0xc2, 0x00, 0x00, 0x00, 0x00, 0x00, 0x06, 0xad,
    0xff, 0xfd, 0x93, 0x00, 0x00, 0x00,

    /* U+0064 "d" */
    0x00, 0x00, 0x00, 0x00, 0x00, 0x00, 0x00, 0x00,
    0x02, 0x33, 0x32, 0x00, 0x00, 0x00, 0x00, 0x00,
    0x00, 0x00, 0x00, 0x0b, 0xff, 0xfa, 0x00, 0x00,
    0x00, 0x00, 0x00, 0x00, 0x00, 0x00, 0x0b, 0xff,
    0xfa, 0x00, 0x00, 0x00, 0x00, 0x00, 0x00, 0x00,
    0x00, 0x0b, 0xff, 0xfa, 0x00, 0x00, 0x00, 0x00,
    0x00, 0x00, 0x00, 0x00, 0x0b, 0xff, 0xfa, 0x00,
    0x00, 0x00, 0x00, 0x00, 0x00, 0x00, 0x00, 0x0b,
    0xff, 0xfa, 0x00, 0x00, 0x00, 0x00, 0x00, 0x00,
    0x00, 0x00, 0x0b, 0xff, 0xfa, 0x00, 0x00, 0x00,
    0x00, 0x00, 0x00, 0x00, 0x00, 0x0b, 0xff, 0xfa,
    0x00, 0x00, 0x00, 0x00, 0x00, 0x00, 0x00, 0x00,
    0x0b, 0xff, 0xfa, 0x00, 0x00, 0x00, 0x00, 0x00,
    0x00, 0x00, 0x00, 0x0b, 0xff, 0xfa, 0x00, 0x00,
    0x00, 0x00, 0x00, 0x00, 0x00, 0x00, 0x0b, 0xff,
    0xfa, 0x00, 0x00, 0x00, 0x39, 0xdf, 0xfe, 0xc8,
    0x20, 0x0b, 0xff, 0xfa, 0x00, 0x00, 0x1b, 0xff,
    0xff, 0xff, 0xff, 0xf9, 0x0b, 0xff, 0xfa, 0x00,
    0x02, 0xef, 0xff, 0xff, 0xff, 0xff, 0xff, 0xcc,
    0xff, 0xfa, 0x00, 0x1e, 0xff, 0xff, 0xfe, 0xcb,
    0xcf, 0xff, 0xff, 0xff, 0xfa, 0x00, 0xaf, 0xff,
    0xfe, 0x50, 0x00, 0x00, 0x6e, 0xff, 0xff, 0xfa,
    0x03, 0xff, 0xff, 0xd1, 0x00, 0x00, 0x00, 0x02,
    0xef, 0xff, 0xfa, 0x0a, 0xff, 0xff, 0x20, 0x00,
    0x00, 0x00, 0x00, 0x3f, 0xff, 0xfa, 0x0f, 0xff,
    0xf9, 0x00, 0x00, 0x00, 0x00, 0x00, 0x0b, 0xff,
    0xfa, 0x4f, 0xff, 0xf3, 0x00, 0x00, 0x00, 0x00,
    0x00, 0x0b, 0xff, 0xfa, 0x7f, 0xff, 0xe0, 0x00,
    0x00, 0x00, 0x00, 0x00, 0x0b, 0xff, 0xfa, 0xaf,
    0xff, 0xc0, 0x00, 0x00, 0x00, 0x00, 0x00, 0x0b,
    0xff, 0xfa, 0xbf, 0xff, 0xa0, 0x00, 0x00, 0x00,
    0x00, 0x00, 0x0b, 0xff, 0xfa, 0xcf, 0xff, 0x90,
    0x00, 0x00, 0x00, 0x00, 0x00, 0x0b, 0xff, 0xfa,
    0xcf, 0xff, 0x90, 0x00, 0x00, 0x00, 0x00, 0x00,
    0x0b, 0xff, 0xfa, 0xbf, 0xff, 0xa0, 0x00, 0x00,
    0x00, 0x00, 0x00, 0x0b, 0xff, 0xfa, 0xaf, 0xff,
    0xb0, 0x00, 0x00, 0x00, 0x00, 0x00, 0x0b, 0xff,
    0xfa, 0x7f, 0xff, 0xe0, 0x00, 0x00, 0x00, 0x00,
    0x00, 0x0b, 0xff, 0xfa, 0x4f, 0xff, 0xf3, 0x00,
    0x00, 0x00, 0x00, 0x00, 0x0b, 0xff, 0xfa, 0x0f,
    0xff, 0xf9, 0x00, 0x00, 0x00, 0x00, 0x00, 0x0c,
    0xff, 0xfa, 0x0a, 0xff, 0xff, 0x20, 0x00, 0x00,
    0x00, 0x00, 0x3f, 0xff, 0xfa, 0x03, 0xff, 0xff,
    0xd1, 0x00, 0x00, 0x00, 0x02, 0xef, 0xff, 0xfa,
    0x00, 0x9f, 0xff, 0xfd, 0x40, 0x00, 0x00, 0x6f,
    0xff, 0xff, 0xfa, 0x00, 0x0d, 0xff, 0xff, 0xfe,
    0xcb, 0xcf, 0xff, 0xff, 0xff, 0xfa, 0x00, 0x02,
    0xdf, 0xff, 0xff, 0xff, 0xff, 0xff, 0xc8, 0xff,
    0xfa, 0x00, 0x00, 0x1a, 0xff, 0xff, 0xff, 0xff,
    0xf9, 0x06, 0xff, 0xfa, 0x00, 0x00, 0x00, 0x39,
    0xdf, 0xfe, 0xc8, 0x20, 0x05, 0xff, 0xfa,

    /* U+0065 "e" */
    0x00, 0x00, 0x00, 0x04, 0x9d, 0xff, 0xfd, 0x94,
    0x00, 0x00, 0x00, 0x00, 0x00, 0x03, 0xcf, 0xff,
    0xff, 0xff, 0xff, 0xc3, 0x00, 0x00, 0x00, 0x00,
    0x7f, 0xff, 0xff, 0xff, 0xff, 0xff, 0xff, 0x50,
    0x00, 0x00, 0x08, 0xff, 0xff, 0xfd, 0xa9, 0xbe,
    0xff, 0xff, 0xf3, 0x00, 0x00, 0x5f, 0xff, 0xfd,
    0x40, 0x00, 0x00, 0x6f, 0xff, 0xfd, 0x00, 0x00,
    0xef, 0xff, 0xc0, 0x00, 0x00, 0x00, 0x04, 0xff,
    0xff, 0x60, 0x07, 0xff, 0xff, 0x20, 0x00, 0x00,
    0x00, 0x00, 0x9f, 0xff, 0xd0, 0x0e, 0xff, 0xf9,
    0x00, 0x00, 0x00, 0x00, 0x00, 0x2f, 0xff, 0xf2,
    0x3f, 0xff, 0xf2, 0x00, 0x00, 0x00, 0x00, 0x00,
    0x0e, 0xff, 0xf5, 0x7f, 0xff, 0xe0, 0x00, 0x00,
    0x00, 0x00, 0x00, 0x0b, 0xff, 0xf8, 0xaf, 0xff,
    0xe9, 0x99, 0x99, 0x99, 0x99, 0x99, 0x9d, 0xff,
    0xfa, 0xcf, 0xff, 0xff, 0xff, 0xff, 0xff, 0xff,
    0xff, 0xff, 0xff, 0xfb, 0xcf, 0xff, 0xff, 0xff,
    0xff, 0xff, 0xff, 0xff, 0xff, 0xff, 0xfb, 0xdf,
    0xff, 0xff, 0xff, 0xff, 0xff, 0xff, 0xff, 0xff,
    0xff, 0xfb, 0xcf, 0xff, 0x90, 0x00, 0x00, 0x00,
    0x00, 0x00, 0x00, 0x00, 0x00, 0xbf, 0xff, 0xa0,
    0x00, 0x00, 0x00, 0x00, 0x00, 0x00, 0x00, 0x00,
    0x9f, 0xff, 0xd0, 0x00, 0x00, 0x00, 0x00, 0x00,
    0x00, 0x00, 0x00, 0x5f, 0xff, 0xf2, 0x00, 0x00,
    0x00, 0x00, 0x00, 0x00, 0x00, 0x00, 0x1f, 0xff,
    0xf9, 0x00, 0x00, 0x00, 0x00, 0x00, 0x00, 0x00,
    0x00, 0x0a, 0xff, 0xff, 0x30, 0x00, 0x00, 0x00,
    0x00, 0x00, 0xa6, 0x00, 0x02, 0xff, 0xff, 0xe2,
    0x00, 0x00, 0x00, 0x00, 0x0a, 0xff, 0x90, 0x00,
    0x8f, 0xff, 0xff, 0x70, 0x00, 0x00, 0x04, 0xdf,
    0xff, 0xf1, 0x00, 0x0b, 0xff, 0xff, 0xff, 0xb9,
    0x9a, 0xef, 0xff, 0xff, 0x40, 0x00, 0x00, 0x9f,
    0xff, 0xff, 0xff, 0xff, 0xff, 0xff, 0xf4, 0x00,
    0x00, 0x00, 0x05, 0xdf, 0xff, 0xff, 0xff, 0xff,
    0xfb, 0x20, 0x00, 0x00, 0x00, 0x00, 0x04, 0x9c,
    0xef, 0xfe, 0xc8, 0x20, 0x00, 0x00,

    /* U+0066 "f" */
    0x00, 0x00, 0x00, 0x00, 0x03, 0x8a, 0xbb, 0x95,
    0x00, 0x00, 0x00, 0x03, 0xdf, 0xff, 0xff, 0xfb,
    0x00, 0x00, 0x00, 0x5f, 0xff, 0xff, 0xff, 0xfa,
    0x00, 0x00, 0x03, 0xff, 0xff, 0xff, 0xff, 0xf9,
    0x00, 0x00, 0x0b, 0xff, 0xff, 0xc4, 0x00, 0x01,
    0x00, 0x00, 0x1f, 0xff, 0xfb, 0x00, 0x00, 0x00,
    0x00, 0x00, 0x5f, 0xff, 0xf2, 0x00, 0x00, 0x00,
    0x00, 0x00, 0x7f, 0xff, 0xe0, 0x00, 0x00, 0x00,
    0x00, 0x00, 0x8f, 0xff, 0xc0, 0x00, 0x00, 0x00,
    0x00, 0x00, 0x9f, 0xff, 0xc0, 0x00, 0x00, 0x00,
    0x00, 0x00, 0x9f, 0xff, 0xc0, 0x00, 0x00, 0x00,
    0x9f, 0xff, 0xff, 0xff, 0xff, 0xff, 0xff, 0x20,
    0x9f, 0xff, 0xff, 0xff, 0xff, 0xff, 0xff, 0x20,
    0x9f, 0xff, 0xff, 0xff, 0xff, 0xff, 0xff, 0x20,
    0x35, 0x55, 0xbf, 0xff, 0xd5, 0x55, 0x55, 0x10,
    0x00, 0x00, 0x9f, 0xff, 0xc0, 0x00, 0x00, 0x00,
    0x00, 0x00, 0x9f, 0xff, 0xc0, 0x00, 0x00, 0x00,
    0x00, 0x00, 0x9f, 0xff, 0xc0, 0x00, 0x00, 0x00,
    0x00, 0x00, 0x9f, 0xff, 0xc0, 0x00, 0x00, 0x00,
    0x00, 0x00, 0x9f, 0xff, 0xc0, 0x00, 0x00, 0x00,
    0x00, 0x00, 0x9f, 0xff, 0xc0, 0x00, 0x00, 0x00,
    0x00, 0x00, 0x9f, 0xff, 0xc0, 0x00, 0x00, 0x00,
    0x00, 0x00, 0x9f, 0xff, 0xc0, 0x00, 0x00, 0x00,
    0x00, 0x00, 0x9f, 0xff, 0xc0, 0x00, 0x00, 0x00,
    0x00, 0x00, 0x9f, 0xff, 0xc0, 0x00, 0x00, 0x00,
    0x00, 0x00, 0x9f, 0xff, 0xc0, 0x00, 0x00, 0x00,
    0x00, 0x00, 0x9f, 0xff, 0xc0, 0x00, 0x00, 0x00,
    0x00, 0x00, 0x9f, 0xff, 0xc0, 0x00, 0x00, 0x00,
    0x00, 0x00, 0x9f, 0xff, 0xc0, 0x00, 0x00, 0x00,
    0x00, 0x00, 0x9f, 0xff, 0xc0, 0x00, 0x00, 0x00,
    0x00, 0x00, 0x9f, 0xff, 0xc0, 0x00, 0x00, 0x00,
    0x00, 0x00, 0x9f, 0xff, 0xc0, 0x00, 0x00, 0x00,
    0x00, 0x00, 0x9f, 0xff, 0xc0, 0x00, 0x00, 0x00,
    0x00, 0x00, 0x9f, 0xff, 0xc0, 0x00, 0x00, 0x00,
    0x00, 0x00, 0x9f, 0xff, 0xc0, 0x00, 0x00, 0x00,
    0x00, 0x00, 0x9f, 0xff, 0xc0, 0x00, 0x00, 0x00,
    0x00, 0x00, 0x9f, 0xff, 0xc0, 0x00, 0x00, 0x00,

    /* U+0067 "g" */
    0x00, 0x00, 0x00, 0x39, 0xdf, 0xfe, 0xc8, 0x20,
    0x04, 0xff, 0xfa, 0x00, 0x00, 0x1b, 0xff, 0xff,
    0xff, 0xff, 0xf9, 0x05, 0xff, 0xfa, 0x00, 0x03,
    0xef, 0xff, 0xff, 0xff, 0xff, 0xff, 0xc7, 0xff,
    0xfa, 0x00, 0x1e, 0xff, 0xff, 0xfe, 0xcb, 0xcf,
    0xff, 0xff, 0xff, 0xfa, 0x00, 0xbf, 0xff, 0xfe,
    0x50, 0x00, 0x00, 0x6e, 0xff, 0xff, 0xfa, 0x03,
    0xff, 0xff, 0xd1, 0x00, 0x00, 0x00, 0x01, 0xdf,
    0xff, 0xfa, 0x0a, 0xff, 0xff, 0x20, 0x00, 0x00,
    0x00, 0x00, 0x2f, 0xff, 0xfa, 0x0f, 0xff, 0xf9,
    0x00, 0x00, 0x00, 0x00, 0x00, 0x0b, 0xff, 0xfa,
    0x4f, 0xff, 0xf3, 0x00, 0x00, 0x00, 0x00, 0x00,
    0x0a, 0xff, 0xfa, 0x7f, 0xff, 0xf0, 0x00, 0x00,
    0x00, 0x00, 0x00, 0x0a, 0xff, 0xfa, 0x9f, 0xff,
    0xc0, 0x00, 0x00, 0x00, 0x00, 0x00, 0x0a, 0xff,
    0xfa, 0xaf, 0xff, 0xa0, 0x00, 0x00, 0x00, 0x00,
    0x00, 0x0a, 0xff, 0xfa, 0xbf, 0xff, 0x90, 0x00,
    0x00, 0x00, 0x00, 0x00, 0x0a, 0xff, 0xfa, 0xbf,
    0xff, 0x90, 0x00, 0x00, 0x00, 0x00, 0x00, 0x0a,
    0xff, 0xfa, 0xaf, 0xff, 0xa0, 0x00, 0x00, 0x00,
    0x00, 0x00, 0x0a, 0xff, 0xfa, 0x9f, 0xff, 0xc0,
    0x00, 0x00, 0x00, 0x00, 0x00, 0x0a, 0xff, 0xfa,
    0x7f, 0xff, 0xf0, 0x00, 0x00, 0x00, 0x00, 0x00,
    0x0a, 0xff, 0xfa, 0x4f, 0xff, 0xf3, 0x00, 0x00,
    0x00, 0x00, 0x00, 0x0a, 0xff, 0xfa, 0x0f, 0xff,
    0xf9, 0x00, 0x00, 0x00, 0x00, 0x00, 0x0b, 0xff,
    0xfa, 0x0a, 0xff, 0xff, 0x20, 0x00, 0x00, 0x00,
    0x00, 0x3f, 0xff, 0xfa, 0x03, 0xff, 0xff, 0xd1,
    0x00, 0x00, 0x00, 0x02, 0xef, 0xff, 0xfa, 0x00,
    0x9f, 0xff, 0xfd, 0x40, 0x00, 0x00, 0x6f, 0xff,
    0xff, 0xfa, 0x00, 0x1d, 0xff, 0xff, 0xfe, 0xcb,
    0xcf, 0xff, 0xff, 0xff, 0xfa, 0x00, 0x02, 0xdf,
    0xff, 0xff, 0xff, 0xff, 0xff, 0xcb, 0xff, 0xfa,
    0x00, 0x00, 0x1a, 0xff, 0xff, 0xff, 0xff, 0xf9,
    0x0a, 0xff, 0xfa, 0x00, 0x00, 0x00, 0x39, 0xdf,
    0xfe, 0xc8, 0x20, 0x0a, 0xff, 0xfa, 0x00, 0x00,
    0x00, 0x00, 0x00, 0x00, 0x00, 0x00, 0x0a, 0xff,
    0xfa, 0x00, 0x00, 0x00, 0x00, 0x00, 0x00, 0x00,
    0x00, 0x0c, 0xff, 0xf8, 0x00, 0x00, 0x00, 0x00,
    0x00, 0x00, 0x00, 0x00, 0x0f, 0xff, 0xf6, 0x00,
    0x09, 0x30, 0x00, 0x00, 0x00, 0x00, 0x00, 0x5f,
    0xff, 0xf2, 0x00, 0x5f, 0xe2, 0x00, 0x00, 0x00,
    0x00, 0x01, 0xef, 0xff, 0xc0, 0x02, 0xff, 0xff,
    0x50, 0x00, 0x00, 0x00, 0x2d, 0xff, 0xff, 0x40,
    0x01, 0xef, 0xff, 0xfc, 0x63, 0x12, 0x49, 0xff,
    0xff, 0xfa, 0x00, 0x00, 0x3e, 0xff, 0xff, 0xff,
    0xff, 0xff, 0xff, 0xff, 0xc0, 0x00, 0x00, 0x01,
    0xbf, 0xff, 0xff, 0xff, 0xff, 0xff, 0xfa, 0x00,
    0x00, 0x00, 0x00, 0x03, 0xaf, 0xff, 0xff, 0xff,
    0xfb, 0x30, 0x00, 0x00, 0x00, 0x00, 0x00, 0x00,
    0x36, 0x77, 0x64, 0x00, 0x00, 0x00, 0x00,

    /* U+0068 "h" */
    0xbf, 0xff, 0xa0, 0x00, 0x00, 0x00, 0x00, 0x00,
    0x00, 0x00, 0x0b, 0xff, 0xfa, 0x00, 0x00, 0x00,
    0x00, 0x00, 0x00, 0x00, 0x00, 0xbf, 0xff, 0xa0,
    0x00, 0x00, 0x00, 0x00, 0x00, 0x00, 0x00, 0x0b,
    0xff, 0xfa, 0x00, 0x00, 0x00, 0x00, 0x00, 0x00,
    0x00, 0x00, 0xbf, 0xff, 0xa0, 0x00, 0x00, 0x00,
    0x00, 0x00, 0x00, 0x00, 0x0b, 0xff, 0xfa, 0x00,
    0x00, 0x00, 0x00, 0x00, 0x00, 0x00, 0x00, 0xbf,
    0xff, 0xa0, 0x00, 0x00, 0x00, 0x00, 0x00, 0x00,
    0x00, 0x0b, 0xff, 0xfa, 0x00, 0x00, 0x00, 0x00,
    0x00, 0x00, 0x00, 0x00, 0xbf, 0xff, 0xa0, 0x00,
    0x00, 0x00, 0x00, 0x00, 0x00, 0x00, 0x0b, 0xff,
    0xfa, 0x00, 0x00, 0x00, 0x00, 0x00, 0x00, 0x00,
    0x00, 0xbf, 0xff, 0xa0, 0x00, 0x4a, 0xdf, 0xfe,
    0xc7, 0x10, 0x00, 0x0b, 0xff, 0xfa, 0x03, 0xdf,
    0xff, 0xff, 0xff, 0xff, 0x60, 0x00, 0xbf, 0xff,
    0xa5, 0xff, 0xff, 0xff, 0xff, 0xff, 0xff, 0x50,
    0x0b, 0xff, 0xfd, 0xff, 0xff, 0xdb, 0xbe, 0xff,
    0xff, 0xff, 0x10, 0xbf, 0xff, 0xff, 0xf9, 0x20,
    0x00, 0x03, 0xdf, 0xff, 0xf8, 0x0b, 0xff, 0xff,
    0xf5, 0x00, 0x00, 0x00, 0x01, 0xef, 0xff, 0xd0,
    0xbf, 0xff, 0xf7, 0x00, 0x00, 0x00, 0x00, 0x08,
    0xff, 0xff, 0x0b, 0xff, 0xfd, 0x00, 0x00, 0x00,
    0x00, 0x00, 0x4f, 0xff, 0xf2, 0xbf, 0xff, 0xa0,
    0x00, 0x00, 0x00, 0x00, 0x02, 0xff, 0xff, 0x3b,
    0xff, 0xfa, 0x00, 0x00, 0x00, 0x00, 0x00, 0x1f,
    0xff, 0xf4, 0xbf, 0xff, 0xa0, 0x00, 0x00, 0x00,
    0x00, 0x01, 0xff, 0xff, 0x4b, 0xff, 0xfa, 0x00,
    0x00, 0x00, 0x00, 0x00, 0x1f, 0xff, 0xf4, 0xbf,
    0xff, 0xa0, 0x00, 0x00, 0x00, 0x00, 0x01, 0xff,
    0xff, 0x4b, 0xff, 0xfa, 0x00, 0x00, 0x00, 0x00,
    0x00, 0x1f, 0xff, 0xf4, 0xbf, 0xff, 0xa0, 0x00,
    0x00, 0x00, 0x00, 0x01, 0xff, 0xff, 0x4b, 0xff,
    0xfa, 0x00, 0x00, 0x00, 0x00, 0x00, 0x1f, 0xff,
    0xf4, 0xbf, 0xff, 0xa0, 0x00, 0x00, 0x00, 0x00,
    0x01, 0xff, 0xff, 0x4b, 0xff, 0xfa, 0x00, 0x00,
    0x00, 0x00, 0x00, 0x1f, 0xff, 0xf4, 0xbf, 0xff,
    0xa0, 0x00, 0x00, 0x00, 0x00, 0x01, 0xff, 0xff,
    0x4b, 0xff, 0xfa, 0x00, 0x00, 0x00, 0x00, 0x00,
    0x1f, 0xff, 0xf4, 0xbf, 0xff, 0xa0, 0x00, 0x00,
    0x00, 0x00, 0x01, 0xff, 0xff, 0x4b, 0xff, 0xfa,
    0x00, 0x00, 0x00, 0x00, 0x00, 0x1f, 0xff, 0xf4,
    0xbf, 0xff, 0xa0, 0x00, 0x00, 0x00, 0x00, 0x01,
    0xff, 0xff, 0x4b, 0xff, 0xfa, 0x00, 0x00, 0x00,
    0x00, 0x00, 0x1f, 0xff, 0xf4, 0xbf, 0xff, 0xa0,
    0x00, 0x00, 0x00, 0x00, 0x01, 0xff, 0xff, 0x4b,
    0xff, 0xfa, 0x00, 0x00, 0x00, 0x00, 0x00, 0x1f,
    0xff, 0xf4,

    /* U+0069 "i" */
    0x0a, 0xfe, 0x70, 0x7f, 0xff, 0xf4, 0xaf, 0xff,
    0xf7, 0x7f, 0xff, 0xf4, 0x0a, 0xfe, 0x70, 0x00,
    0x00, 0x00, 0x00, 0x00, 0x00, 0x00, 0x00, 0x00,
    0x5f, 0xff, 0xf0, 0x5f, 0xff, 0xf0, 0x5f, 0xff,
    0xf0, 0x5f, 0xff, 0xf0, 0x5f, 0xff, 0xf0, 0x5f,
    0xff, 0xf0, 0x5f, 0xff, 0xf0, 0x5f, 0xff, 0xf0,
    0x5f, 0xff, 0xf0, 0x5f, 0xff, 0xf0, 0x5f, 0xff,
    0xf0, 0x5f, 0xff, 0xf0, 0x5f, 0xff, 0xf0, 0x5f,
    0xff, 0xf0, 0x5f, 0xff, 0xf0, 0x5f, 0xff, 0xf0,
    0x5f, 0xff, 0xf0, 0x5f, 0xff, 0xf0, 0x5f, 0xff,
    0xf0, 0x5f, 0xff, 0xf0, 0x5f, 0xff, 0xf0, 0x5f,
    0xff, 0xf0, 0x5f, 0xff, 0xf0, 0x5f, 0xff, 0xf0,
    0x5f, 0xff, 0xf0, 0x5f, 0xff, 0xf0,

    /* U+006A "j" */
    0x00, 0x00, 0x02, 0xcf, 0xd3, 0x00, 0x00, 0x00,
    0xcf, 0xff, 0xe0, 0x00, 0x00, 0x0f, 0xff, 0xff,
    0x10, 0x00, 0x00, 0xdf, 0xff, 0xe0, 0x00, 0x00,
    0x02, 0xcf, 0xd3, 0x00, 0x00, 0x00, 0x00, 0x00,
    0x00, 0x00, 0x00, 0x00, 0x00, 0x00, 0x00, 0x00,
    0x00, 0x00, 0x00, 0x00, 0x00, 0x00, 0x09, 0xff,
    0xfc, 0x00, 0x00, 0x00, 0x9f, 0xff, 0xc0, 0x00,
    0x00, 0x09, 0xff, 0xfc, 0x00, 0x00, 0x00, 0x9f,
    0xff, 0xc0, 0x00, 0x00, 0x09, 0xff, 0xfc, 0x00,
    0x00, 0x00, 0x9f, 0xff, 0xc0, 0x00, 0x00, 0x09,
    0xff, 0xfc, 0x00, 0x00, 0x00, 0x9f, 0xff, 0xc0,
    0x00, 0x00, 0x09, 0xff, 0xfc, 0x00, 0x00, 0x00,
    0x9f, 0xff, 0xc0, 0x00, 0x00, 0x09, 0xff, 0xfc,
    0x00, 0x00, 0x00, 0x9f, 0xff, 0xc0, 0x00, 0x00,
    0x09, 0xff, 0xfc, 0x00, 0x00, 0x00, 0x9f, 0xff,
    0xc0, 0x00, 0x00, 0x09, 0xff, 0xfc, 0x00, 0x00,
    0x00, 0x9f, 0xff, 0xc0, 0x00, 0x00, 0x09, 0xff,
    0xfc, 0x00, 0x00, 0x00, 0x9f, 0xff, 0xc0, 0x00,
    0x00, 0x09, 0xff, 0xfc, 0x00, 0x00, 0x00, 0x9f,
    0xff, 0xc0, 0x00, 0x00, 0x09, 0xff, 0xfc, 0x00,
    0x00, 0x00, 0x9f, 0xff, 0xc0, 0x00, 0x00, 0x09,
    0xff, 0xfc, 0x00, 0x00, 0x00, 0x9f, 0xff, 0xc0,
    0x00, 0x00, 0x09, 0xff, 0xfc, 0x00, 0x00, 0x00,
    0x9f, 0xff, 0xc0, 0x00, 0x00, 0x09, 0xff, 0xfc,
    0x00, 0x00, 0x00, 0x9f, 0xff, 0xc0, 0x00, 0x00,
    0x09, 0xff, 0xfc, 0x00, 0x00, 0x00, 0x9f, 0xff,
    0xc0, 0x00, 0x00, 0x0b, 0xff, 0xfb, 0x00, 0x00,
    0x01, 0xff, 0xff, 0x80, 0x34, 0x35, 0xdf, 0xff,
    0xf4, 0x08, 0xff, 0xff, 0xff, 0xfd, 0x00, 0x8f,
    0xff, 0xff, 0xff, 0x30, 0x08, 0xff, 0xff, 0xfc,
    0x30, 0x00, 0x15, 0x77, 0x63, 0x00, 0x00, 0x00,

    /* U+006B "k" */
    0x23, 0x33, 0x20, 0x00, 0x00, 0x00, 0x00, 0x00,
    0x00, 0x00, 0x00, 0xbf, 0xff, 0xa0, 0x00, 0x00,
    0x00, 0x00, 0x00, 0x00, 0x00, 0x00, 0xbf, 0xff,
    0xa0, 0x00, 0x00, 0x00, 0x00, 0x00, 0x00, 0x00,
    0x00, 0xbf, 0xff, 0xa0, 0x00, 0x00, 0x00, 0x00,
    0x00, 0x00, 0x00, 0x00, 0xbf, 0xff, 0xa0, 0x00,
    0x00, 0x00, 0x00, 0x00, 0x00, 0x00, 0x00, 0xbf,
    0xff, 0xa0, 0x00, 0x00, 0x00, 0x00, 0x00, 0x00,
    0x00, 0x00, 0xbf, 0xff, 0xa0, 0x00, 0x00, 0x00,
    0x00, 0x00, 0x00, 0x00, 0x00, 0xbf, 0xff, 0xa0,
    0x00, 0x00, 0x00, 0x00, 0x00, 0x00, 0x00, 0x00,
    0xbf, 0xff, 0xa0, 0x00, 0x00, 0x00, 0x00, 0x00,
    0x00, 0x00, 0x00, 0xbf, 0xff, 0xa0, 0x00, 0x00,
    0x00, 0x00, 0x00, 0x00, 0x00, 0x00, 0xbf, 0xff,
    0xa0, 0x00, 0x00, 0x00, 0x00, 0x00, 0x00, 0x00,
    0x00, 0xbf, 0xff, 0xa0, 0x00, 0x00, 0x00, 0x00,
    0x9f, 0xff, 0xfb, 0x00, 0xbf, 0xff, 0xa0, 0x00,
    0x00, 0x00, 0x08, 0xff, 0xff, 0xc0, 0x00, 0xbf,
    0xff, 0xa0, 0x00, 0x00, 0x00, 0x7f, 0xff, 0xfd,
    0x10, 0x00, 0xbf, 0xff, 0xa0, 0x00, 0x00, 0x05,
    0xff, 0xff, 0xd1, 0x00, 0x00, 0xbf, 0xff, 0xa0,
    0x00, 0x00, 0x4f, 0xff, 0xfe, 0x20, 0x00, 0x00,
    0xbf, 0xff, 0xa0, 0x00, 0x03, 0xff, 0xff, 0xf3,
    0x00, 0x00, 0x00, 0xbf, 0xff, 0xa0, 0x00, 0x2f,
    0xff, 0xff, 0x40, 0x00, 0x00, 0x00, 0xbf, 0xff,
    0xa0, 0x02, 0xef, 0xff, 0xf5, 0x00, 0x00, 0x00,
    0x00, 0xbf, 0xff, 0xa0, 0x1d, 0xff, 0xff, 0x60,
    0x00, 0x00, 0x00, 0x00, 0xbf, 0xff, 0xa0, 0xcf,
    0xff, 0xf8, 0x00, 0x00, 0x00, 0x00, 0x00, 0xbf,
    0xff, 0xa9, 0xff, 0xff, 0x90, 0x00, 0x00, 0x00,
    0x00, 0x00, 0xbf, 0xff, 0xff, 0xff, 0xff, 0xb0,
    0x00, 0x00, 0x00, 0x00, 0x00, 0xbf, 0xff, 0xff,
    0xff, 0xff, 0xf7, 0x00, 0x00, 0x00, 0x00, 0x00,
    0xbf, 0xff, 0xff, 0xff, 0xff, 0xff, 0x30, 0x00,
    0x00, 0x00, 0x00, 0xbf, 0xff, 0xff, 0xd4, 0xff,
    0xff, 0xe1, 0x00, 0x00, 0x00, 0x00, 0xbf, 0xff,
    0xfd, 0x10, 0x7f, 0xff, 0xfa, 0x00, 0x00, 0x00,
    0x00, 0xbf, 0xff, 0xe1, 0x00, 0x0b, 0xff, 0xff,
    0x60, 0x00, 0x00, 0x00, 0xbf, 0xff, 0xa0, 0x00,
    0x01, 0xef, 0xff, 0xf2, 0x00, 0x00, 0x00, 0xbf,
    0xff, 0xa0, 0x00, 0x00, 0x4f, 0xff, 0xfd, 0x00,
    0x00, 0x00, 0xbf, 0xff, 0xa0, 0x00, 0x00, 0x08,
    0xff, 0xff, 0x90, 0x00, 0x00, 0xbf, 0xff, 0xa0,
    0x00, 0x00, 0x00, 0xcf, 0xff, 0xf5, 0x00, 0x00,
    0xbf, 0xff, 0xa0, 0x00, 0x00, 0x00, 0x2f, 0xff,
    0xfe, 0x10, 0x00, 0xbf, 0xff, 0xa0, 0x00, 0x00,
    0x00, 0x05, 0xff, 0xff, 0xc0, 0x00, 0xbf, 0xff,
    0xa0, 0x00, 0x00, 0x00, 0x00, 0x9f, 0xff, 0xf7,
    0x00, 0xbf, 0xff, 0xa0, 0x00, 0x00, 0x00, 0x00,
    0x0d, 0xff, 0xff, 0x30, 0xbf, 0xff, 0xa0, 0x00,
    0x00, 0x00, 0x00, 0x03, 0xff, 0xff, 0xe1,

    /* U+006C "l" */
    0x13, 0x33, 0x30, 0x5f, 0xff, 0xf0, 0x5f, 0xff,
    0xf0, 0x5f, 0xff, 0xf0, 0x5f, 0xff, 0xf0, 0x5f,
    0xff, 0xf0, 0x5f, 0xff, 0xf0, 0x5f, 0xff, 0xf0,
    0x5f, 0xff, 0xf0, 0x5f, 0xff, 0xf0, 0x5f, 0xff,
    0xf0, 0x5f, 0xff, 0xf0, 0x5f, 0xff, 0xf0, 0x5f,
    0xff, 0xf0, 0x5f, 0xff, 0xf0, 0x5f, 0xff, 0xf0,
    0x5f, 0xff, 0xf0, 0x5f, 0xff, 0xf0, 0x5f, 0xff,
    0xf0, 0x5f, 0xff, 0xf0, 0x5f, 0xff, 0xf0, 0x5f,
    0xff, 0xf0, 0x5f, 0xff, 0xf0, 0x5f, 0xff, 0xf0,
    0x5f, 0xff, 0xf0, 0x5f, 0xff, 0xf0, 0x5f, 0xff,
    0xf0, 0x5f, 0xff, 0xf0, 0x5f, 0xff, 0xf0, 0x5f,
    0xff, 0xf0, 0x5f, 0xff, 0xf0, 0x5f, 0xff, 0xf0,
    0x5f, 0xff, 0xf0, 0x5f, 0xff, 0xf0, 0x5f, 0xff,
    0xf0, 0x5f, 0xff, 0xf0, 0x5f, 0xff, 0xf0,

    /* U+006D "m" */
    0xbf, 0xff, 0x60, 0x01, 0x7b, 0xef, 0xfe, 0xb6,
    0x00, 0x00, 0x00, 0x05, 0xad, 0xff, 0xfd, 0x93,
    0x00, 0x00, 0xbf, 0xff, 0x70, 0x8f, 0xff, 0xff,
    0xff, 0xff, 0xe4, 0x00, 0x04, 0xdf, 0xff, 0xff,
    0xff, 0xff, 0xb1, 0x00, 0xbf, 0xff, 0x9c, 0xff,
    0xff, 0xff, 0xff, 0xff, 0xff, 0x40, 0x7f, 0xff,
    0xff, 0xff, 0xff, 0xff, 0xfd, 0x00, 0xbf, 0xff,
    0xff, 0xff, 0xeb, 0xbc, 0xff, 0xff, 0xff, 0xe6,
    0xff, 0xff, 0xdb, 0xbc, 0xff, 0xff, 0xff, 0x90,
    0xbf, 0xff, 0xff, 0xc3, 0x00, 0x00, 0x05, 0xef,
    0xff, 0xff, 0xff, 0xb3, 0x00, 0x00, 0x07, 0xff,
    0xff, 0xf1, 0xbf, 0xff, 0xfa, 0x00, 0x00, 0x00,
    0x00, 0x2f, 0xff, 0xff, 0xfa, 0x00, 0x00, 0x00,
    0x00, 0x6f, 0xff, 0xf6, 0xbf, 0xff, 0xe0, 0x00,
    0x00, 0x00, 0x00, 0x09, 0xff, 0xff, 0xe0, 0x00,
    0x00, 0x00, 0x00, 0x0e, 0xff, 0xf9, 0xbf, 0xff,
    0xa0, 0x00, 0x00, 0x00, 0x00, 0x04, 0xff, 0xff,
    0x70, 0x00, 0x00, 0x00, 0x00, 0x0a, 0xff, 0xfc,
    0xbf, 0xff, 0xa0, 0x00, 0x00, 0x00, 0x00, 0x02,
    0xff, 0xff, 0x40, 0x00, 0x00, 0x00, 0x00, 0x08,
    0xff, 0xfd, 0xbf, 0xff, 0xa0, 0x00, 0x00, 0x00,
    0x00, 0x02, 0xff, 0xff, 0x30, 0x00, 0x00, 0x00,
    0x00, 0x08, 0xff, 0xfd, 0xbf, 0xff, 0xa0, 0x00,
    0x00, 0x00, 0x00, 0x02, 0xff, 0xff, 0x30, 0x00,
    0x00, 0x00, 0x00, 0x08, 0xff, 0xfd, 0xbf, 0xff,
    0xa0, 0x00, 0x00, 0x00, 0x00, 0x02, 0xff, 0xff,
    0x30, 0x00, 0x00, 0x00, 0x00, 0x08, 0xff, 0xfd,
    0xbf, 0xff, 0xa0, 0x00, 0x00, 0x00, 0x00, 0x02,
    0xff, 0xff, 0x30, 0x00, 0x00, 0x00, 0x00, 0x08,
    0xff, 0xfd, 0xbf, 0xff, 0xa0, 0x00, 0x00, 0x00,
    0x00, 0x02, 0xff, 0xff, 0x30, 0x00, 0x00, 0x00,
    0x00, 0x08, 0xff, 0xfd, 0xbf, 0xff, 0xa0, 0x00,
    0x00, 0x00, 0x00, 0x02, 0xff, 0xff, 0x30, 0x00,
    0x00, 0x00, 0x00, 0x08, 0xff, 0xfd, 0xbf, 0xff,
    0xa0, 0x00, 0x00, 0x00, 0x00, 0x02, 0xff, 0xff,
    0x30, 0x00, 0x00, 0x00, 0x00, 0x08, 0xff, 0xfd,
    0xbf, 0xff, 0xa0, 0x00, 0x00, 0x00, 0x00, 0x02,
    0xff, 0xff, 0x30, 0x00, 0x00, 0x00, 0x00, 0x08,
    0xff, 0xfd, 0xbf, 0xff, 0xa0, 0x00, 0x00, 0x00,
    0x00, 0x02, 0xff, 0xff, 0x30, 0x00, 0x00, 0x00,
    0x00, 0x08, 0xff, 0xfd, 0xbf, 0xff, 0xa0, 0x00,
    0x00, 0x00, 0x00, 0x02, 0xff, 0xff, 0x30, 0x00,
    0x00, 0x00, 0x00, 0x08, 0xff, 0xfd, 0xbf, 0xff,
    0xa0, 0x00, 0x00, 0x00, 0x00, 0x02, 0xff, 0xff,
    0x30, 0x00, 0x00, 0x00, 0x00, 0x08, 0xff, 0xfd,
    0xbf, 0xff, 0xa0, 0x00, 0x00, 0x00, 0x00, 0x02,
    0xff, 0xff, 0x30, 0x00, 0x00, 0x00, 0x00, 0x08,
    0xff, 0xfd, 0xbf, 0xff, 0xa0, 0x00, 0x00, 0x00,
    0x00, 0x02, 0xff, 0xff, 0x30, 0x00, 0x00, 0x00,
    0x00, 0x08, 0xff, 0xfd, 0xbf, 0xff, 0xa0, 0x00,
    0x00, 0x00, 0x00, 0x02, 0xff, 0xff, 0x30, 0x00,
    0x00, 0x00, 0x00, 0x08, 0xff, 0xfd, 0xbf, 0xff,
    0xa0, 0x00, 0x00, 0x00, 0x00, 0x02, 0xff, 0xff,
    0x30, 0x00, 0x00, 0x00, 0x00, 0x08, 0xff, 0xfd,
    0xbf, 0xff, 0xa0, 0x00, 0x00, 0x00, 0x00, 0x02,
    0xff, 0xff, 0x30, 0x00, 0x00, 0x00, 0x00, 0x08,
    0xff, 0xfd, 0xbf, 0xff, 0xa0, 0x00, 0x00, 0x00,
    0x00, 0x02, 0xff, 0xff, 0x30, 0x00, 0x00, 0x00,
    0x00, 0x08, 0xff, 0xfd,

    /* U+006E "n" */
    0xbf, 0xff, 0x60, 0x00, 0x5a, 0xdf, 0xfe, 0xc7,
    0x10, 0x00, 0x0b, 0xff, 0xf7, 0x04, 0xdf, 0xff,
    0xff, 0xff, 0xff, 0x60, 0x00, 0xbf, 0xff, 0x87,
    0xff, 0xff, 0xff, 0xff, 0xff, 0xff, 0x50, 0x0b,
    0xff, 0xfe, 0xff, 0xff, 0xdb, 0xbe, 0xff, 0xff,
    0xff, 0x10, 0xbf, 0xff, 0xff, 0xf8, 0x10, 0x00,
    0x03, 0xdf, 0xff, 0xf8, 0x0b, 0xff, 0xff, 0xf4,
    0x00, 0x00, 0x00, 0x01, 0xef, 0xff, 0xd0, 0xbf,
    0xff, 0xf5, 0x00, 0x00, 0x00, 0x00, 0x08, 0xff,
    0xff, 0x0b, 0xff, 0xfc, 0x00, 0x00, 0x00, 0x00,
    0x00, 0x4f, 0xff, 0xf2, 0xbf, 0xff, 0xa0, 0x00,
    0x00, 0x00, 0x00, 0x02, 0xff, 0xff, 0x3b, 0xff,
    0xfa, 0x00, 0x00, 0x00, 0x00, 0x00, 0x1f, 0xff,
    0xf4, 0xbf, 0xff, 0xa0, 0x00, 0x00, 0x00, 0x00,
    0x01, 0xff, 0xff, 0x4b, 0xff, 0xfa, 0x00, 0x00,
    0x00, 0x00, 0x00, 0x1f, 0xff, 0xf4, 0xbf, 0xff,
    0xa0, 0x00, 0x00, 0x00, 0x00, 0x01, 0xff, 0xff,
    0x4b, 0xff, 0xfa, 0x00, 0x00, 0x00, 0x00, 0x00,
    0x1f, 0xff, 0xf4, 0xbf, 0xff, 0xa0, 0x00, 0x00,
    0x00, 0x00, 0x01, 0xff, 0xff, 0x4b, 0xff, 0xfa,
    0x00, 0x00, 0x00, 0x00, 0x00, 0x1f, 0xff, 0xf4,
    0xbf, 0xff, 0xa0, 0x00, 0x00, 0x00, 0x00, 0x01,
    0xff, 0xff, 0x4b, 0xff, 0xfa, 0x00, 0x00, 0x00,
    0x00, 0x00, 0x1f, 0xff, 0xf4, 0xbf, 0xff, 0xa0,
    0x00, 0x00, 0x00, 0x00, 0x01, 0xff, 0xff, 0x4b,
    0xff, 0xfa, 0x00, 0x00, 0x00, 0x00, 0x00, 0x1f,
    0xff, 0xf4, 0xbf, 0xff, 0xa0, 0x00, 0x00, 0x00,
    0x00, 0x01, 0xff, 0xff, 0x4b, 0xff, 0xfa, 0x00,
    0x00, 0x00, 0x00, 0x00, 0x1f, 0xff, 0xf4, 0xbf,
    0xff, 0xa0, 0x00, 0x00, 0x00, 0x00, 0x01, 0xff,
    0xff, 0x4b, 0xff, 0xfa, 0x00, 0x00, 0x00, 0x00,
    0x00, 0x1f, 0xff, 0xf4, 0xbf, 0xff, 0xa0, 0x00,
    0x00, 0x00, 0x00, 0x01, 0xff, 0xff, 0x4b, 0xff,
    0xfa, 0x00, 0x00, 0x00, 0x00, 0x00, 0x1f, 0xff,
    0xf4,

    /* U+006F "o" */
    0x00, 0x00, 0x00, 0x04, 0x9d, 0xff, 0xfd, 0xa6,
    0x10, 0x00, 0x00, 0x00, 0x00, 0x00, 0x04, 0xdf,
    0xff, 0xff, 0xff, 0xff, 0xf7, 0x00, 0x00, 0x00,
    0x00, 0x00, 0x8f, 0xff, 0xff, 0xff, 0xff, 0xff,
    0xff, 0xd1, 0x00, 0x00, 0x00, 0x09, 0xff, 0xff,
    0xfe, 0xb9, 0xad, 0xff, 0xff, 0xfe, 0x10, 0x00,
    0x00, 0x6f, 0xff, 0xfe, 0x50, 0x00, 0x00, 0x3c,
    0xff, 0xff, 0xc0, 0x00, 0x01, 0xff, 0xff, 0xe2,
    0x00, 0x00, 0x00, 0x00, 0xaf, 0xff, 0xf7, 0x00,
    0x08, 0xff, 0xff, 0x30, 0x00, 0x00, 0x00, 0x00,
    0x0d, 0xff, 0xfe, 0x00, 0x0f, 0xff, 0xf9, 0x00,
    0x00, 0x00, 0x00, 0x00, 0x04, 0xff, 0xff, 0x50,
    0x4f, 0xff, 0xf3, 0x00, 0x00, 0x00, 0x00, 0x00,
    0x00, 0xdf, 0xff, 0xb0, 0x8f, 0xff, 0xe0, 0x00,
    0x00, 0x00, 0x00, 0x00, 0x00, 0x8f, 0xff, 0xe0,
    0xbf, 0xff, 0xb0, 0x00, 0x00, 0x00, 0x00, 0x00,
    0x00, 0x4f, 0xff, 0xf1, 0xcf, 0xff, 0x90, 0x00,
    0x00, 0x00, 0x00, 0x00, 0x00, 0x2f, 0xff, 0xf3,
    0xdf, 0xff, 0x80, 0x00, 0x00, 0x00, 0x00, 0x00,
    0x00, 0x1f, 0xff, 0xf3, 0xdf, 0xff, 0x80, 0x00,
    0x00, 0x00, 0x00, 0x00, 0x00, 0x1f, 0xff, 0xf3,
    0xcf, 0xff, 0x80, 0x00, 0x00, 0x00, 0x00, 0x00,
    0x00, 0x2f, 0xff, 0xf3, 0xbf, 0xff, 0xa0, 0x00,
    0x00, 0x00, 0x00, 0x00, 0x00, 0x4f, 0xff, 0xf1,
    0x8f, 0xff, 0xe0, 0x00, 0x00, 0x00, 0x00, 0x00,
    0x00, 0x8f, 0xff, 0xe0, 0x4f, 0xff, 0xf2, 0x00,
    0x00, 0x00, 0x00, 0x00, 0x00, 0xdf, 0xff, 0xb0,
    0x0f, 0xff, 0xf9, 0x00, 0x00, 0x00, 0x00, 0x00,
    0x03, 0xff, 0xff, 0x50, 0x08, 0xff, 0xff, 0x30,
    0x00, 0x00, 0x00, 0x00, 0x0c, 0xff, 0xfe, 0x00,
    0x01, 0xff, 0xff, 0xd1, 0x00, 0x00, 0x00, 0x00,
    0x9f, 0xff, 0xf7, 0x00, 0x00, 0x6f, 0xff, 0xfe,
    0x50, 0x00, 0x00, 0x2b, 0xff, 0xff, 0xc0, 0x00,
    0x00, 0x09, 0xff, 0xff, 0xfe, 0xa9, 0xac, 0xff,
    0xff, 0xfe, 0x10, 0x00, 0x00, 0x00, 0x8f, 0xff,
    0xff, 0xff, 0xff, 0xff, 0xff, 0xd1, 0x00, 0x00,
    0x00, 0x00, 0x04, 0xdf, 0xff, 0xff, 0xff, 0xff,
    0xf8, 0x00, 0x00, 0x00, 0x00, 0x00, 0x00, 0x04,
    0x9c, 0xff, 0xfd, 0xb6, 0x10, 0x00, 0x00, 0x00,

    /* U+0070 "p" */
    0xbf, 0xff, 0x40, 0x02, 0x8c, 0xef, 0xfd, 0xa5,
    0x00, 0x00, 0x00, 0xbf, 0xff, 0x50, 0x9f, 0xff,
    0xff, 0xff, 0xff, 0xd3, 0x00, 0x00, 0xbf, 0xff,
    0x8c, 0xff, 0xff, 0xff, 0xff, 0xff, 0xff, 0x40,
    0x00, 0xbf, 0xff, 0xff, 0xff, 0xfc, 0xbc, 0xff,
    0xff, 0xff, 0xf2, 0x00, 0xbf, 0xff, 0xff, 0xe5,
    0x00, 0x00, 0x05, 0xef, 0xff, 0xfc, 0x00, 0xbf,
    0xff, 0xfd, 0x10, 0x00, 0x00, 0x00, 0x2e, 0xff,
    0xff, 0x50, 0xbf, 0xff, 0xf1, 0x00, 0x00, 0x00,
    0x00, 0x03, 0xff, 0xff, 0xb0, 0xbf, 0xff, 0xa0,
    0x00, 0x00, 0x00, 0x00, 0x00, 0xaf, 0xff, 0xf1,
    0xbf, 0xff, 0xa0, 0x00, 0x00, 0x00, 0x00, 0x00,
    0x4f, 0xff, 0xf4, 0xbf, 0xff, 0xa0, 0x00, 0x00,
    0x00, 0x00, 0x00, 0x0f, 0xff, 0xf7, 0xbf, 0xff,
    0xa0, 0x00, 0x00, 0x00, 0x00, 0x00, 0x0c, 0xff,
    0xf9, 0xbf, 0xff, 0xa0, 0x00, 0x00, 0x00, 0x00,
    0x00, 0x0a, 0xff, 0xfb, 0xbf, 0xff, 0xa0, 0x00,
    0x00, 0x00, 0x00, 0x00, 0x0a, 0xff, 0xfb, 0xbf,
    0xff, 0xa0, 0x00, 0x00, 0x00, 0x00, 0x00, 0x0a,
    0xff, 0xfb, 0xbf, 0xff, 0xa0, 0x00, 0x00, 0x00,
    0x00, 0x00, 0x0a, 0xff, 0xfb, 0xbf, 0xff, 0xa0,
    0x00, 0x00, 0x00, 0x00, 0x00, 0x0c, 0xff, 0xf9,
    0xbf, 0xff, 0xa0, 0x00, 0x00, 0x00, 0x00, 0x00,
    0x0f, 0xff, 0xf7, 0xbf, 0xff, 0xa0, 0x00, 0x00,
    0x00, 0x00, 0x00, 0x3f, 0xff, 0xf4, 0xbf, 0xff,
    0xa0, 0x00, 0x00, 0x00, 0x00, 0x00, 0x9f, 0xff,
    0xf0, 0xbf, 0xff, 0xe1, 0x00, 0x00, 0x00, 0x00,
    0x02, 0xff, 0xff, 0xb0, 0xbf, 0xff, 0xfb, 0x00,
    0x00, 0x00, 0x00, 0x1d, 0xff, 0xff, 0x40, 0xbf,
    0xff, 0xff, 0xd3, 0x00, 0x00, 0x04, 0xdf, 0xff,
    0xfb, 0x00, 0xbf, 0xff, 0xff, 0xff, 0xda, 0x9a,
    0xdf, 0xff, 0xff, 0xe2, 0x00, 0xbf, 0xff, 0xbd,
    0xff, 0xff, 0xff, 0xff, 0xff, 0xff, 0x30, 0x00,
    0xbf, 0xff, 0xa1, 0xaf, 0xff, 0xff, 0xff, 0xff,
    0xc2, 0x00, 0x00, 0xbf, 0xff, 0xa0, 0x02, 0x8c,
    0xef, 0xfd, 0xa4, 0x00, 0x00, 0x00, 0xbf, 0xff,
    0xa0, 0x00, 0x00, 0x00, 0x00, 0x00, 0x00, 0x00,
    0x00, 0xbf, 0xff, 0xa0, 0x00, 0x00, 0x00, 0x00,
    0x00, 0x00, 0x00, 0x00, 0xbf, 0xff, 0xa0, 0x00,
    0x00, 0x00, 0x00, 0x00, 0x00, 0x00, 0x00, 0xbf,
    0xff, 0xa0, 0x00, 0x00, 0x00, 0x00, 0x00, 0x00,
    0x00, 0x00, 0xbf, 0xff, 0xa0, 0x00, 0x00, 0x00,
    0x00, 0x00, 0x00, 0x00, 0x00, 0xbf, 0xff, 0xa0,
    0x00, 0x00, 0x00, 0x00, 0x00, 0x00, 0x00, 0x00,
    0xbf, 0xff, 0xa0, 0x00, 0x00, 0x00, 0x00, 0x00,
    0x00, 0x00, 0x00, 0xbf, 0xff, 0xa0, 0x00, 0x00,
    0x00, 0x00, 0x00, 0x00, 0x00, 0x00, 0xbf, 0xff,
    0xa0, 0x00, 0x00, 0x00, 0x00, 0x00, 0x00, 0x00,
    0x00, 0xbf, 0xff, 0xa0, 0x00, 0x00, 0x00, 0x00,
    0x00, 0x00, 0x00, 0x00,

    /* U+0071 "q" */
    0x00, 0x00, 0x00, 0x49, 0xdf, 0xfe, 0xc8, 0x30,
    0x06, 0xff, 0xfa, 0x00, 0x00, 0x2c, 0xff, 0xff,
    0xff, 0xff, 0xfa, 0x17, 0xff, 0xfa, 0x00, 0x03,
    0xef, 0xff, 0xff, 0xff, 0xff, 0xff, 0xda, 0xff,
    0xfa, 0x00, 0x2e, 0xff, 0xff, 0xfd, 0xa9, 0xae,
    0xff, 0xff, 0xff, 0xfa, 0x00, 0xcf, 0xff, 0xfd,
    0x40, 0x00, 0x00, 0x4d, 0xff, 0xff, 0xfa, 0x04,
    0xff, 0xff, 0xd1, 0x00, 0x00, 0x00, 0x00, 0xcf,
    0xff, 0xfa, 0x0b, 0xff, 0xff, 0x20, 0x00, 0x00,
    0x00, 0x00, 0x1e, 0xff, 0xfa, 0x1f, 0xff, 0xf9,
    0x00, 0x00, 0x00, 0x00, 0x00, 0x0b, 0xff, 0xfa,
    0x5f, 0xff, 0xf3, 0x00, 0x00, 0x00, 0x00, 0x00,
    0x0b, 0xff, 0xfa, 0x8f, 0xff, 0xf0, 0x00, 0x00,
    0x00, 0x00, 0x00, 0x0b, 0xff, 0xfa, 0xaf, 0xff,
    0xc0, 0x00, 0x00, 0x00, 0x00, 0x00, 0x0b, 0xff,
    0xfa, 0xbf, 0xff, 0xa0, 0x00, 0x00, 0x00, 0x00,
    0x00, 0x0b, 0xff, 0xfa, 0xcf, 0xff, 0x90, 0x00,
    0x00, 0x00, 0x00, 0x00, 0x0b, 0xff, 0xfa, 0xcf,
    0xff, 0x90, 0x00, 0x00, 0x00, 0x00, 0x00, 0x0b,
    0xff, 0xfa, 0xbf, 0xff, 0xa0, 0x00, 0x00, 0x00,
    0x00, 0x00, 0x0b, 0xff, 0xfa, 0xaf, 0xff, 0xc0,
    0x00, 0x00, 0x00, 0x00, 0x00, 0x0b, 0xff, 0xfa,
    0x7f, 0xff, 0xe0, 0x00, 0x00, 0x00, 0x00, 0x00,
    0x0b, 0xff, 0xfa, 0x4f, 0xff, 0xf3, 0x00, 0x00,
    0x00, 0x00, 0x00, 0x0b, 0xff, 0xfa, 0x0f, 0xff,
    0xf9, 0x00, 0x00, 0x00, 0x00, 0x00, 0x0b, 0xff,
    0xfa, 0x0a, 0xff, 0xff, 0x20, 0x00, 0x00, 0x00,
    0x00, 0x1e, 0xff, 0xfa, 0x03, 0xff, 0xff, 0xc0,
    0x00, 0x00, 0x00, 0x00, 0xcf, 0xff, 0xfa, 0x00,
    0xaf, 0xff, 0xfd, 0x30, 0x00, 0x00, 0x4d, 0xff,
    0xff, 0xfa, 0x00, 0x1e, 0xff, 0xff, 0xfd, 0xa9,
    0xad, 0xff, 0xff, 0xff, 0xfa, 0x00, 0x02, 0xef,
    0xff, 0xff, 0xff, 0xff, 0xff, 0xdd, 0xff, 0xfa,
    0x00, 0x00, 0x1b, 0xff, 0xff, 0xff, 0xff, 0xfa,
    0x1b, 0xff, 0xfa, 0x00, 0x00, 0x00, 0x39, 0xdf,
    0xfe, 0xc8, 0x30, 0x0b, 0xff, 0xfa, 0x00, 0x00,
    0x00, 0x00, 0x00, 0x00, 0x00, 0x00, 0x0b, 0xff,
    0xfa, 0x00, 0x00, 0x00, 0x00, 0x00, 0x00, 0x00,
    0x00, 0x0b, 0xff, 0xfa, 0x00, 0x00, 0x00, 0x00,
    0x00, 0x00, 0x00, 0x00, 0x0b, 0xff, 0xfa, 0x00,
    0x00, 0x00, 0x00, 0x00, 0x00, 0x00, 0x00, 0x0b,
    0xff, 0xfa, 0x00, 0x00, 0x00, 0x00, 0x00, 0x00,
    0x00, 0x00, 0x0b, 0xff, 0xfa, 0x00, 0x00, 0x00,
    0x00, 0x00, 0x00, 0x00, 0x00, 0x0b, 0xff, 0xfa,
    0x00, 0x00, 0x00, 0x00, 0x00, 0x00, 0x00, 0x00,
    0x0b, 0xff, 0xfa, 0x00, 0x00, 0x00, 0x00, 0x00,
    0x00, 0x00, 0x00, 0x0b, 0xff, 0xfa, 0x00, 0x00,
    0x00, 0x00, 0x00, 0x00, 0x00, 0x00, 0x0b, 0xff,
    0xfa, 0x00, 0x00, 0x00, 0x00, 0x00, 0x00, 0x00,
    0x00, 0x0b, 0xff, 0xfa,

    /* U+0072 "r" */
    0xbf, 0xff, 0x80, 0x05, 0xbe, 0xfe, 0x6b, 0xff,
    0xf9, 0x0b, 0xff, 0xff, 0xf9, 0xbf, 0xff, 0x9b,
    0xff, 0xff, 0xff, 0x8b, 0xff, 0xff, 0xff, 0xff,
    0xff, 0xf8, 0xbf, 0xff, 0xff, 0xfc, 0x74, 0x33,
    0x3b, 0xff, 0xff, 0xf6, 0x00, 0x00, 0x00, 0xbf,
    0xff, 0xf7, 0x00, 0x00, 0x00, 0x0b, 0xff, 0xfd,
    0x00, 0x00, 0x00, 0x00, 0xbf, 0xff, 0xa0, 0x00,
    0x00, 0x00, 0x0b, 0xff, 0xfa, 0x00, 0x00, 0x00,
    0x00, 0xbf, 0xff, 0xa0, 0x00, 0x00, 0x00, 0x0b,
    0xff, 0xfa, 0x00, 0x00, 0x00, 0x00, 0xbf, 0xff,
    0xa0, 0x00, 0x00, 0x00, 0x0b, 0xff, 0xfa, 0x00,
    0x00, 0x00, 0x00, 0xbf, 0xff, 0xa0, 0x00, 0x00,
    0x00, 0x0b, 0xff, 0xfa, 0x00, 0x00, 0x00, 0x00,
    0xbf, 0xff, 0xa0, 0x00, 0x00, 0x00, 0x0b, 0xff,
    0xfa, 0x00, 0x00, 0x00, 0x00, 0xbf, 0xff, 0xa0,
    0x00, 0x00, 0x00, 0x0b, 0xff, 0xfa, 0x00, 0x00,
    0x00, 0x00, 0xbf, 0xff, 0xa0, 0x00, 0x00, 0x00,
    0x0b, 0xff, 0xfa, 0x00, 0x00, 0x00, 0x00, 0xbf,
    0xff, 0xa0, 0x00, 0x00, 0x00, 0x0b, 0xff, 0xfa,
    0x00, 0x00, 0x00, 0x00, 0xbf, 0xff, 0xa0, 0x00,
    0x00, 0x00, 0x0b, 0xff, 0xfa, 0x00, 0x00, 0x00,
    0x00,

    /* U+0073 "s" */
    0x00, 0x00, 0x00, 0x5a, 0xdf, 0xff, 0xda, 0x61,
    0x00, 0x00, 0x00, 0x00, 0x06, 0xef, 0xff, 0xff,
    0xff, 0xff, 0xf7, 0x00, 0x00, 0x00, 0x0a, 0xff,
    0xff, 0xff, 0xff, 0xff, 0xff, 0xfb, 0x00, 0x00,
    0x09, 0xff, 0xff, 0xfd, 0xa9, 0xae, 0xff, 0xff,
    0xfa, 0x00, 0x03, 0xff, 0xff, 0xd3, 0x00, 0x00,
    0x05, 0xef, 0xff, 0xf5, 0x00, 0xaf, 0xff, 0xe1,
    0x00, 0x00, 0x00, 0x02, 0xff, 0xff, 0xc0, 0x0d,
    0xff, 0xf8, 0x00, 0x00, 0x00, 0x00, 0x07, 0xff,
    0xff, 0x00, 0xef, 0xff, 0x70, 0x00, 0x00, 0x00,
    0x00, 0x3d, 0xdd, 0xd1, 0x0c, 0xff, 0xfb, 0x00,
    0x00, 0x00, 0x00, 0x00, 0x00, 0x00, 0x00, 0x7f,
    0xff, 0xf9, 0x10, 0x00, 0x00, 0x00, 0x00, 0x00,
    0x00, 0x00, 0xef, 0xff, 0xff, 0xa5, 0x10, 0x00,
    0x00, 0x00, 0x00, 0x00, 0x02, 0xef, 0xff, 0xff,
    0xff, 0xd9, 0x50, 0x00, 0x00, 0x00, 0x00, 0x01,
    0x9f, 0xff, 0xff, 0xff, 0xff, 0xf9, 0x20, 0x00,
    0x00, 0x00, 0x00, 0x17, 0xdf, 0xff, 0xff, 0xff,
    0xff, 0x90, 0x00, 0x00, 0x00, 0x00, 0x00, 0x15,
    0x9c, 0xff, 0xff, 0xff, 0xc0, 0x00, 0x00, 0x00,
    0x00, 0x00, 0x00, 0x01, 0x6e, 0xff, 0xff, 0x90,
    0x00, 0x00, 0x00, 0x00, 0x00, 0x00, 0x00, 0x1c,
    0xff, 0xff, 0x12, 0x33, 0x32, 0x00, 0x00, 0x00,
    0x00, 0x00, 0x2f, 0xff, 0xf4, 0xbf, 0xff, 0xb0,
    0x00, 0x00, 0x00, 0x00, 0x00, 0xff, 0xff, 0x68,
    0xff, 0xff, 0x00, 0x00, 0x00, 0x00, 0x00, 0x0f,
    0xff, 0xf5, 0x3f, 0xff, 0xfa, 0x00, 0x00, 0x00,
    0x00, 0x07, 0xff, 0xff, 0x20, 0xbf, 0xff, 0xfb,
    0x20, 0x00, 0x00, 0x08, 0xff, 0xff, 0xc0, 0x01,
    0xef, 0xff, 0xff, 0xda, 0x99, 0xcf, 0xff, 0xff,
    0xf2, 0x00, 0x02, 0xdf, 0xff, 0xff, 0xff, 0xff,
    0xff, 0xff, 0xf4, 0x00, 0x00, 0x00, 0x9f, 0xff,
    0xff, 0xff, 0xff, 0xff, 0xa2, 0x00, 0x00, 0x00,
    0x00, 0x16, 0xbd, 0xff, 0xfe, 0xb7, 0x20, 0x00,
    0x00,

    /* U+0074 "t" */
    0x00, 0x00, 0x2f, 0xff, 0xf3, 0x00, 0x00, 0x00,
    0x00, 0x02, 0xff, 0xff, 0x30, 0x00, 0x00, 0x00,
    0x00, 0x2f, 0xff, 0xf3, 0x00, 0x00, 0x00, 0x00,
    0x02, 0xff, 0xff, 0x30, 0x00, 0x00, 0x00, 0x00,
    0x2f, 0xff, 0xf3, 0x00, 0x00, 0x00, 0x00, 0x02,
    0xff, 0xff, 0x30, 0x00, 0x00, 0xcf, 0xff, 0xff,
    0xff, 0xff, 0xff, 0xfe, 0x0c, 0xff, 0xff, 0xff,
    0xff, 0xff, 0xff, 0xe0, 0xcf, 0xff, 0xff, 0xff,
    0xff, 0xff, 0xfe, 0x04, 0x55, 0x57, 0xff, 0xff,
    0x75, 0x55, 0x50, 0x00, 0x00, 0x2f, 0xff, 0xf3,
    0x00, 0x00, 0x00, 0x00, 0x02, 0xff, 0xff, 0x30,
    0x00, 0x00, 0x00, 0x00, 0x2f, 0xff, 0xf3, 0x00,
    0x00, 0x00, 0x00, 0x02, 0xff, 0xff, 0x30, 0x00,
    0x00, 0x00, 0x00, 0x2f, 0xff, 0xf3, 0x00, 0x00,
    0x00, 0x00, 0x02, 0xff, 0xff, 0x30, 0x00, 0x00,
    0x00, 0x00, 0x2f, 0xff, 0xf3, 0x00, 0x00, 0x00,
    0x00, 0x02, 0xff, 0xff, 0x30, 0x00, 0x00, 0x00,
    0x00, 0x2f, 0xff, 0xf3, 0x00, 0x00, 0x00, 0x00,
    0x02, 0xff, 0xff, 0x30, 0x00, 0x00, 0x00, 0x00,
    0x2f, 0xff, 0xf3, 0x00, 0x00, 0x00, 0x00, 0x02,
    0xff, 0xff, 0x30, 0x00, 0x00, 0x00, 0x00, 0x2f,
    0xff, 0xf3, 0x00, 0x00, 0x00, 0x00, 0x02, 0xff,
    0xff, 0x30, 0x00, 0x00, 0x00, 0x00, 0x2f, 0xff,
    0xf3, 0x00, 0x00, 0x00, 0x00, 0x02, 0xff, 0xff,
    0x30, 0x00, 0x00, 0x00, 0x00, 0x1f, 0xff, 0xf5,
    0x00, 0x00, 0x00, 0x00, 0x00, 0xff, 0xff, 0xc1,
    0x00, 0x00, 0x00, 0x00, 0x0a, 0xff, 0xff, 0xfc,
    0xce, 0x00, 0x00, 0x00, 0x3f, 0xff, 0xff, 0xff,
    0xf0, 0x00, 0x00, 0x00, 0x7f, 0xff, 0xff, 0xff,
    0x00, 0x00, 0x00, 0x00, 0x3a, 0xef, 0xfe, 0xa0,

    /* U+0075 "u" */
    0xcf, 0xff, 0x80, 0x00, 0x00, 0x00, 0x00, 0x02,
    0xff, 0xff, 0x3c, 0xff, 0xf8, 0x00, 0x00, 0x00,
    0x00, 0x00, 0x2f, 0xff, 0xf3, 0xcf, 0xff, 0x80,
    0x00, 0x00, 0x00, 0x00, 0x02, 0xff, 0xff, 0x3c,
    0xff, 0xf8, 0x00, 0x00, 0x00, 0x00, 0x00, 0x2f,
    0xff, 0xf3, 0xcf, 0xff, 0x80, 0x00, 0x00, 0x00,
    0x00, 0x02, 0xff, 0xff, 0x3c, 0xff, 0xf8, 0x00,
    0x00, 0x00, 0x00, 0x00, 0x2f, 0xff, 0xf3, 0xcf,
    0xff, 0x80, 0x00, 0x00, 0x00, 0x00, 0x02, 0xff,
    0xff, 0x3c, 0xff, 0xf8, 0x00, 0x00, 0x00, 0x00,
    0x00, 0x2f, 0xff, 0xf3, 0xcf, 0xff, 0x80, 0x00,
    0x00, 0x00, 0x00, 0x02, 0xff, 0xff, 0x3c, 0xff,
    0xf8, 0x00, 0x00, 0x00, 0x00, 0x00, 0x2f, 0xff,
    0xf3, 0xcf, 0xff, 0x80, 0x00, 0x00, 0x00, 0x00,
    0x02, 0xff, 0xff, 0x3c, 0xff, 0xf8, 0x00, 0x00,
    0x00, 0x00, 0x00, 0x2f, 0xff, 0xf3, 0xcf, 0xff,
    0x80, 0x00, 0x00, 0x00, 0x00, 0x02, 0xff, 0xff,
    0x3c, 0xff, 0xf8, 0x00, 0x00, 0x00, 0x00, 0x00,
    0x2f, 0xff, 0xf3, 0xcf, 0xff, 0x80, 0x00, 0x00,
    0x00, 0x00, 0x02, 0xff, 0xff, 0x3c, 0xff, 0xf8,
    0x00, 0x00, 0x00, 0x00, 0x00, 0x2f, 0xff, 0xf3,
    0xcf, 0xff, 0x80, 0x00, 0x00, 0x00, 0x00, 0x02,
    0xff, 0xff, 0x3c, 0xff, 0xf9, 0x00, 0x00, 0x00,
    0x00, 0x00, 0x2f, 0xff, 0xf3, 0xaf, 0xff, 0xb0,
    0x00, 0x00, 0x00, 0x00, 0x03, 0xff, 0xff, 0x38,
    0xff, 0xff, 0x00, 0x00, 0x00, 0x00, 0x00, 0x9f,
    0xff, 0xf3, 0x4f, 0xff, 0xf8, 0x00, 0x00, 0x00,
    0x00, 0x6f, 0xff, 0xff, 0x30, 0xef, 0xff, 0xf7,
    0x00, 0x00, 0x03, 0xaf, 0xff, 0xff, 0xf3, 0x07,
    0xff, 0xff, 0xff, 0xcb, 0xce, 0xff, 0xff, 0xff,
    0xff, 0x30, 0x0b, 0xff, 0xff, 0xff, 0xff, 0xff,
    0xff, 0x9f, 0xff, 0xf3, 0x00, 0x09, 0xff, 0xff,
    0xff, 0xff, 0xfe, 0x60, 0xff, 0xff, 0x30, 0x00,
    0x03, 0x9c, 0xff, 0xfd, 0xa6, 0x00, 0x0f, 0xff,
    0xf3,

    /* U+0076 "v" */
    0x1f, 0xff, 0xf6, 0x00, 0x00, 0x00, 0x00, 0x00,
    0x03, 0xff, 0xff, 0x30, 0xbf, 0xff, 0xb0, 0x00,
    0x00, 0x00, 0x00, 0x00, 0x8f, 0xff, 0xd0, 0x05,
    0xff, 0xff, 0x10, 0x00, 0x00, 0x00, 0x00, 0x0d,
    0xff, 0xf8, 0x00, 0x0f, 0xff, 0xf5, 0x00, 0x00,
    0x00, 0x00, 0x02, 0xff, 0xff, 0x20, 0x00, 0xaf,
    0xff, 0xa0, 0x00, 0x00, 0x00, 0x00, 0x7f, 0xff,
    0xc0, 0x00, 0x04, 0xff, 0xff, 0x00, 0x00, 0x00,
    0x00, 0x0c, 0xff, 0xf7, 0x00, 0x00, 0x0e, 0xff,
    0xf5, 0x00, 0x00, 0x00, 0x01, 0xff, 0xff, 0x10,
    0x00, 0x00, 0x9f, 0xff, 0xa0, 0x00, 0x00, 0x00,
    0x6f, 0xff, 0xc0, 0x00, 0x00, 0x03, 0xff, 0xff,
    0x00, 0x00, 0x00, 0x0b, 0xff, 0xf6, 0x00, 0x00,
    0x00, 0x0d, 0xff, 0xf4, 0x00, 0x00, 0x01, 0xff,
    0xff, 0x10, 0x00, 0x00, 0x00, 0x8f, 0xff, 0xa0,
    0x00, 0x00, 0x5f, 0xff, 0xb0, 0x00, 0x00, 0x00,
    0x02, 0xff, 0xfe, 0x00, 0x00, 0x0a, 0xff, 0xf5,
    0x00, 0x00, 0x00, 0x00, 0x0c, 0xff, 0xf4, 0x00,
    0x00, 0xff, 0xff, 0x00, 0x00, 0x00, 0x00, 0x00,
    0x7f, 0xff, 0x90, 0x00, 0x4f, 0xff, 0xa0, 0x00,
    0x00, 0x00, 0x00, 0x01, 0xff, 0xfe, 0x00, 0x09,
    0xff, 0xf4, 0x00, 0x00, 0x00, 0x00, 0x00, 0x0b,
    0xff, 0xf3, 0x00, 0xef, 0xfe, 0x00, 0x00, 0x00,
    0x00, 0x00, 0x00, 0x6f, 0xff, 0x90, 0x4f, 0xff,
    0x90, 0x00, 0x00, 0x00, 0x00, 0x00, 0x01, 0xff,
    0xfe, 0x09, 0xff, 0xf3, 0x00, 0x00, 0x00, 0x00,
    0x00, 0x00, 0x0a, 0xff, 0xf3, 0xef, 0xfe, 0x00,
    0x00, 0x00, 0x00, 0x00, 0x00, 0x00, 0x5f, 0xff,
    0xbf, 0xff, 0x80, 0x00, 0x00, 0x00, 0x00, 0x00,
    0x00, 0x00, 0xff, 0xff, 0xff, 0xf3, 0x00, 0x00,
    0x00, 0x00, 0x00, 0x00, 0x00, 0x09, 0xff, 0xff,
    0xfd, 0x00, 0x00, 0x00, 0x00, 0x00, 0x00, 0x00,
    0x00, 0x4f, 0xff, 0xff, 0x70, 0x00, 0x00, 0x00,
    0x00, 0x00, 0x00, 0x00, 0x00, 0xef, 0xff, 0xf2,
    0x00, 0x00, 0x00, 0x00, 0x00, 0x00, 0x00, 0x00,
    0x08, 0xff, 0xfc, 0x00, 0x00, 0x00, 0x00, 0x00,
    0x00, 0x00, 0x00, 0x00, 0x3f, 0xff, 0x70, 0x00,
    0x00, 0x00, 0x00,

    /* U+0077 "w" */
    0xdf, 0xff, 0x70, 0x00, 0x00, 0x00, 0x00, 0x0e,
    0xff, 0xe0, 0x00, 0x00, 0x00, 0x00, 0x07, 0xff,
    0xfd, 0x9f, 0xff, 0xb0, 0x00, 0x00, 0x00, 0x00,
    0x3f, 0xff, 0xf3, 0x00, 0x00, 0x00, 0x00, 0x0b,
    0xff, 0xf8, 0x4f, 0xff, 0xf0, 0x00, 0x00, 0x00,
    0x00, 0x8f, 0xff, 0xf7, 0x00, 0x00, 0x00, 0x00,
    0x0f, 0xff, 0xf3, 0x0f, 0xff, 0xf3, 0x00, 0x00,
    0x00, 0x00, 0xdf, 0xff, 0xfc, 0x00, 0x00, 0x00,
    0x00, 0x3f, 0xff, 0xf0, 0x0b, 0xff, 0xf8, 0x00,
    0x00, 0x00, 0x01, 0xff, 0xff, 0xff, 0x10, 0x00,
    0x00, 0x00, 0x7f, 0xff, 0xa0, 0x06, 0xff, 0xfc,
    0x00, 0x00, 0x00, 0x06, 0xff, 0xff, 0xff, 0x60,
    0x00, 0x00, 0x00, 0xbf, 0xff, 0x60, 0x02, 0xff,
    0xff, 0x00, 0x00, 0x00, 0x0b, 0xff, 0xef, 0xff,
    0xb0, 0x00, 0x00, 0x00, 0xff, 0xff, 0x10, 0x00,
    0xdf, 0xff, 0x40, 0x00, 0x00, 0x1f, 0xff, 0x8b,
    0xff, 0xf0, 0x00, 0x00, 0x03, 0xff, 0xfd, 0x00,
    0x00, 0x9f, 0xff, 0x80, 0x00, 0x00, 0x5f, 0xff,
    0x46, 0xff, 0xf5, 0x00, 0x00, 0x07, 0xff, 0xf8,
    0x00, 0x00, 0x4f, 0xff, 0xc0, 0x00, 0x00, 0xaf,
    0xfe, 0x01, 0xff, 0xf9, 0x00, 0x00, 0x0b, 0xff,
    0xf4, 0x00, 0x00, 0x0f, 0xff, 0xf0, 0x00, 0x00,
    0xef, 0xfa, 0x00, 0xcf, 0xfe, 0x00, 0x00, 0x0f,
    0xff, 0xf0, 0x00, 0x00, 0x0b, 0xff, 0xf4, 0x00,
    0x04, 0xff, 0xf5, 0x00, 0x7f, 0xff, 0x30, 0x00,
    0x3f, 0xff, 0xb0, 0x00, 0x00, 0x07, 0xff, 0xf9,
    0x00, 0x08, 0xff, 0xf0, 0x00, 0x2f, 0xff, 0x80,
    0x00, 0x7f, 0xff, 0x60, 0x00, 0x00, 0x02, 0xff,
    0xfd, 0x00, 0x0d, 0xff, 0xb0, 0x00, 0x0d, 0xff,
    0xd0, 0x00, 0xbf, 0xff, 0x20, 0x00, 0x00, 0x00,
    0xef, 0xff, 0x10, 0x2f, 0xff, 0x60, 0x00, 0x08,
    0xff, 0xf2, 0x00, 0xef, 0xfd, 0x00, 0x00, 0x00,
    0x00, 0x9f, 0xff, 0x50, 0x7f, 0xff, 0x10, 0x00,
    0x03, 0xff, 0xf6, 0x03, 0xff, 0xf9, 0x00, 0x00,
    0x00, 0x00, 0x5f, 0xff, 0x90, 0xcf, 0xfc, 0x00,
    0x00, 0x00, 0xef, 0xfb, 0x06, 0xff, 0xf4, 0x00,
    0x00, 0x00, 0x00, 0x0f, 0xff, 0xd1, 0xff, 0xf8,
    0x00, 0x00, 0x00, 0x9f, 0xff, 0x1a, 0xff, 0xf0,
    0x00, 0x00, 0x00, 0x00, 0x0c, 0xff, 0xf7, 0xff,
    0xf3, 0x00, 0x00, 0x00, 0x4f, 0xff, 0x5e, 0xff,
    0xb0, 0x00, 0x00, 0x00, 0x00, 0x07, 0xff, 0xff,
    0xff, 0xe0, 0x00, 0x00, 0x00, 0x0f, 0xff, 0xdf,
    0xff, 0x60, 0x00, 0x00, 0x00, 0x00, 0x02, 0xff,
    0xff, 0xff, 0x90, 0x00, 0x00, 0x00, 0x0a, 0xff,
    0xff, 0xff, 0x20, 0x00, 0x00, 0x00, 0x00, 0x00,
    0xef, 0xff, 0xff, 0x40, 0x00, 0x00, 0x00, 0x05,
    0xff, 0xff, 0xfd, 0x00, 0x00, 0x00, 0x00, 0x00,
    0x00, 0x9f, 0xff, 0xff, 0x00, 0x00, 0x00, 0x00,
    0x00, 0xff, 0xff, 0xf9, 0x00, 0x00, 0x00, 0x00,
    0x00, 0x00, 0x5f, 0xff, 0xfa, 0x00, 0x00, 0x00,
    0x00, 0x00, 0xbf, 0xff, 0xf4, 0x00, 0x00, 0x00,
    0x00, 0x00, 0x00, 0x1f, 0xff, 0xf5, 0x00, 0x00,
    0x00, 0x00, 0x00, 0x6f, 0xff, 0xf0, 0x00, 0x00,
    0x00, 0x00, 0x00, 0x00, 0x0c, 0xff, 0xf1, 0x00,
    0x00, 0x00, 0x00, 0x00, 0x1f, 0xff, 0xb0, 0x00,
    0x00, 0x00,

    /* U+0078 "x" */
    0x06, 0xff, 0xff, 0x80, 0x00, 0x00, 0x00, 0x00,
    0x0d, 0xff, 0xff, 0x30, 0x0c, 0xff, 0xff, 0x20,
    0x00, 0x00, 0x00, 0x07, 0xff, 0xff, 0x80, 0x00,
    0x2f, 0xff, 0xfb, 0x00, 0x00, 0x00, 0x01, 0xff,
    0xff, 0xd0, 0x00, 0x00, 0x7f, 0xff, 0xf4, 0x00,
    0x00, 0x00, 0xaf, 0xff, 0xf3, 0x00, 0x00, 0x00,
    0xdf, 0xff, 0xd0, 0x00, 0x00, 0x4f, 0xff, 0xf9,
    0x00, 0x00, 0x00, 0x03, 0xff, 0xff, 0x70, 0x00,
    0x0d, 0xff, 0xfe, 0x00, 0x00, 0x00, 0x00, 0x09,
    0xff, 0xff, 0x10, 0x07, 0xff, 0xff, 0x40, 0x00,
    0x00, 0x00, 0x00, 0x0e, 0xff, 0xfa, 0x01, 0xff,
    0xff, 0xa0, 0x00, 0x00, 0x00, 0x00, 0x00, 0x4f,
    0xff, 0xf3, 0xaf, 0xff, 0xe1, 0x00, 0x00, 0x00,
    0x00, 0x00, 0x00, 0xaf, 0xff, 0xef, 0xff, 0xf5,
    0x00, 0x00, 0x00, 0x00, 0x00, 0x00, 0x01, 0xef,
    0xff, 0xff, 0xfb, 0x00, 0x00, 0x00, 0x00, 0x00,
    0x00, 0x00, 0x05, 0xff, 0xff, 0xff, 0x10, 0x00,
    0x00, 0x00, 0x00, 0x00, 0x00, 0x00, 0x0b, 0xff,
    0xff, 0x60, 0x00, 0x00, 0x00, 0x00, 0x00, 0x00,
    0x00, 0x00, 0xef, 0xff, 0xfa, 0x00, 0x00, 0x00,
    0x00, 0x00, 0x00, 0x00, 0x00, 0x9f, 0xff, 0xff,
    0xf4, 0x00, 0x00, 0x00, 0x00, 0x00, 0x00, 0x00,
    0x3f, 0xff, 0xff, 0xff, 0xe0, 0x00, 0x00, 0x00,
    0x00, 0x00, 0x00, 0x0d, 0xff, 0xfc, 0xef, 0xff,
    0x90, 0x00, 0x00, 0x00, 0x00, 0x00, 0x08, 0xff,
    0xff, 0x25, 0xff, 0xff, 0x30, 0x00, 0x00, 0x00,
    0x00, 0x02, 0xff, 0xff, 0x80, 0x0c, 0xff, 0xfd,
    0x00, 0x00, 0x00, 0x00, 0x00, 0xcf, 0xff, 0xe0,
    0x00, 0x2f, 0xff, 0xf8, 0x00, 0x00, 0x00, 0x00,
    0x7f, 0xff, 0xf5, 0x00, 0x00, 0x8f, 0xff, 0xf3,
    0x00, 0x00, 0x00, 0x2f, 0xff, 0xfb, 0x00, 0x00,
    0x00, 0xef, 0xff, 0xd0, 0x00, 0x00, 0x0b, 0xff,
    0xff, 0x20, 0x00, 0x00, 0x05, 0xff, 0xff, 0x70,
    0x00, 0x06, 0xff, 0xff, 0x80, 0x00, 0x00, 0x00,
    0x0c, 0xff, 0xff, 0x20, 0x01, 0xff, 0xff, 0xe0,
    0x00, 0x00, 0x00, 0x00, 0x2f, 0xff, 0xfc, 0x00,
    0xbf, 0xff, 0xf5, 0x00, 0x00, 0x00, 0x00, 0x00,
    0x8f, 0xff, 0xf7,

    /* U+0079 "y" */
    0x4f, 0xff, 0xf6, 0x00, 0x00, 0x00, 0x00, 0x00,
    0x0a, 0xff, 0xfe, 0x00, 0xef, 0xff, 0xb0, 0x00,
    0x00, 0x00, 0x00, 0x00, 0xff, 0xff, 0x90, 0x09,
    0xff, 0xff, 0x10, 0x00, 0x00, 0x00, 0x00, 0x4f,
    0xff, 0xf4, 0x00, 0x4f, 0xff, 0xf6, 0x00, 0x00,
    0x00, 0x00, 0x09, 0xff, 0xfe, 0x00, 0x00, 0xef,
    0xff, 0xb0, 0x00, 0x00, 0x00, 0x00, 0xef, 0xff,
    0x90, 0x00, 0x08, 0xff, 0xff, 0x10, 0x00, 0x00,
    0x00, 0x2f, 0xff, 0xf4, 0x00, 0x00, 0x3f, 0xff,
    0xf5, 0x00, 0x00, 0x00, 0x07, 0xff, 0xfe, 0x00,
    0x00, 0x00, 0xdf, 0xff, 0xb0, 0x00, 0x00, 0x00,
    0xcf, 0xff, 0x90, 0x00, 0x00, 0x08, 0xff, 0xff,
    0x00, 0x00, 0x00, 0x1f, 0xff, 0xf3, 0x00, 0x00,
    0x00, 0x2f, 0xff, 0xf5, 0x00, 0x00, 0x06, 0xff,
    0xfe, 0x00, 0x00, 0x00, 0x00, 0xcf, 0xff, 0xa0,
    0x00, 0x00, 0xaf, 0xff, 0x90, 0x00, 0x00, 0x00,
    0x07, 0xff, 0xff, 0x00, 0x00, 0x0f, 0xff, 0xf3,
    0x00, 0x00, 0x00, 0x00, 0x1f, 0xff, 0xf5, 0x00,
    0x04, 0xff, 0xfe, 0x00, 0x00, 0x00, 0x00, 0x00,
    0xbf, 0xff, 0xa0, 0x00, 0x9f, 0xff, 0x80, 0x00,
    0x00, 0x00, 0x00, 0x06, 0xff, 0xff, 0x00, 0x0e,
    0xff, 0xf3, 0x00, 0x00, 0x00, 0x00, 0x00, 0x1f,
    0xff, 0xf4, 0x03, 0xff, 0xfd, 0x00, 0x00, 0x00,
    0x00, 0x00, 0x00, 0xbf, 0xff, 0xa0, 0x7f, 0xff,
    0x80, 0x00, 0x00, 0x00, 0x00, 0x00, 0x05, 0xff,
    0xfe, 0x0c, 0xff, 0xf3, 0x00, 0x00, 0x00, 0x00,
    0x00, 0x00, 0x0f, 0xff, 0xf6, 0xff, 0xfd, 0x00,
    0x00, 0x00, 0x00, 0x00, 0x00, 0x00, 0xaf, 0xff,
    0xef, 0xff, 0x80, 0x00, 0x00, 0x00, 0x00, 0x00,
    0x00, 0x04, 0xff, 0xff, 0xff, 0xf2, 0x00, 0x00,
    0x00, 0x00, 0x00, 0x00, 0x00, 0x0e, 0xff, 0xff,
    0xfd, 0x00, 0x00, 0x00, 0x00, 0x00, 0x00, 0x00,
    0x00, 0x9f, 0xff, 0xff, 0x80, 0x00, 0x00, 0x00,
    0x00, 0x00, 0x00, 0x00, 0x03, 0xff, 0xff, 0xf2,
    0x00, 0x00, 0x00, 0x00, 0x00, 0x00, 0x00, 0x00,
    0x0e, 0xff, 0xfd, 0x00, 0x00, 0x00, 0x00, 0x00,
    0x00, 0x00, 0x00, 0x00, 0x8f, 0xff, 0x70, 0x00,
    0x00, 0x00, 0x00, 0x00, 0x00, 0x00, 0x00, 0x0b,
    0xff, 0xf2, 0x00, 0x00, 0x00, 0x00, 0x00, 0x00,
    0x00, 0x00, 0x01, 0xff, 0xfc, 0x00, 0x00, 0x00,
    0x00, 0x00, 0x00, 0x00, 0x00, 0x00, 0x6f, 0xff,
    0x70, 0x00, 0x00, 0x00, 0x00, 0x00, 0x00, 0x00,
    0x00, 0x0c, 0xff, 0xf2, 0x00, 0x00, 0x00, 0x00,
    0x00, 0x00, 0x00, 0x00, 0x04, 0xff, 0xfc, 0x00,
    0x00, 0x00, 0x00, 0x00, 0x00, 0x00, 0x00, 0x03,
    0xef, 0xff, 0x50, 0x00, 0x00, 0x00, 0x00, 0x00,
    0x00, 0x55, 0x7b, 0xff, 0xff, 0xc0, 0x00, 0x00,
    0x00, 0x00, 0x00, 0x00, 0x0f, 0xff, 0xff, 0xff,
    0xf2, 0x00, 0x00, 0x00, 0x00, 0x00, 0x00, 0x00,
    0xff, 0xff, 0xff, 0xf4, 0x00, 0x00, 0x00, 0x00,
    0x00, 0x00, 0x00, 0x0f, 0xff, 0xff, 0xc3, 0x00,
    0x00, 0x00, 0x00, 0x00, 0x00, 0x00, 0x00, 0x36,
    0x76, 0x30, 0x00, 0x00, 0x00, 0x00, 0x00, 0x00,
    0x00, 0x00,

    /* U+007A "z" */
    0xbf, 0xff, 0xff, 0xff, 0xff, 0xff, 0xff, 0xff,
    0xff, 0xf8, 0x0b, 0xff, 0xff, 0xff, 0xff, 0xff,
    0xff, 0xff, 0xff, 0xff, 0x80, 0xbf, 0xff, 0xff,
    0xff, 0xff, 0xff, 0xff, 0xff, 0xff, 0xf8, 0x07,
    0x99, 0x99, 0x99, 0x99, 0x99, 0x99, 0xaf, 0xff,
    0xff, 0x30, 0x00, 0x00, 0x00, 0x00, 0x00, 0x00,
    0x08, 0xff, 0xff, 0x70, 0x00, 0x00, 0x00, 0x00,
    0x00, 0x00, 0x04, 0xff, 0xff, 0xb0, 0x00, 0x00,
    0x00, 0x00, 0x00, 0x00, 0x01, 0xef, 0xff, 0xe1,
    0x00, 0x00, 0x00, 0x00, 0x00, 0x00, 0x00, 0xbf,
    0xff, 0xf4, 0x00, 0x00, 0x00, 0x00, 0x00, 0x00,
    0x00, 0x7f, 0xff, 0xf8, 0x00, 0x00, 0x00, 0x00,
    0x00, 0x00, 0x00, 0x3f, 0xff, 0xfc, 0x00, 0x00,
    0x00, 0x00, 0x00, 0x00, 0x00, 0x0d, 0xff, 0xff,
    0x20, 0x00, 0x00, 0x00, 0x00, 0x00, 0x00, 0x0a,
    0xff, 0xff, 0x50, 0x00, 0x00, 0x00, 0x00, 0x00,
    0x00, 0x06, 0xff, 0xff, 0xa0, 0x00, 0x00, 0x00,
    0x00, 0x00, 0x00, 0x02, 0xff, 0xff, 0xd0, 0x00,
    0x00, 0x00, 0x00, 0x00, 0x00, 0x00, 0xdf, 0xff,
    0xf3, 0x00, 0x00, 0x00, 0x00, 0x00, 0x00, 0x00,
    0x9f, 0xff, 0xf6, 0x00, 0x00, 0x00, 0x00, 0x00,
    0x00, 0x00, 0x5f, 0xff, 0xfb, 0x00, 0x00, 0x00,
    0x00, 0x00, 0x00, 0x00, 0x1e, 0xff, 0xfe, 0x10,
    0x00, 0x00, 0x00, 0x00, 0x00, 0x00, 0x0c, 0xff,
    0xff, 0x30, 0x00, 0x00, 0x00, 0x00, 0x00, 0x00,
    0x08, 0xff, 0xff, 0x70, 0x00, 0x00, 0x00, 0x00,
    0x00, 0x00, 0x04, 0xff, 0xff, 0xc0, 0x00, 0x00,
    0x00, 0x00, 0x00, 0x00, 0x01, 0xef, 0xff, 0xe1,
    0x00, 0x00, 0x00, 0x00, 0x00, 0x00, 0x00, 0xaf,
    0xff, 0xfd, 0x99, 0x99, 0x99, 0x99, 0x99, 0x99,
    0x99, 0x1e, 0xff, 0xff, 0xff, 0xff, 0xff, 0xff,
    0xff, 0xff, 0xff, 0xf3, 0xef, 0xff, 0xff, 0xff,
    0xff, 0xff, 0xff, 0xff, 0xff, 0xff, 0x3e, 0xff,
    0xff, 0xff, 0xff, 0xff, 0xff, 0xff, 0xff, 0xff,
    0xf3,

    /* U+007B "{" */
    0x00, 0x00, 0x00, 0x00, 0x00, 0x00, 0x02, 0x00,
    0x00, 0x00, 0x00, 0x00, 0x00, 0x7e, 0xf1, 0x00,
    0x00, 0x00, 0x00, 0x05, 0xef, 0xff, 0x60, 0x00,
    0x00, 0x00, 0x07, 0xff, 0xff, 0xd5, 0x00, 0x00,
    0x00, 0x06, 0xff, 0xff, 0x80, 0x00, 0x00, 0x00,
    0x01, 0xff, 0xff, 0x80, 0x00, 0x00, 0x00, 0x00,
    0x8f, 0xff, 0xe0, 0x00, 0x00, 0x00, 0x00, 0x0e,
    0xff, 0xf7, 0x00, 0x00, 0x00, 0x00, 0x02, 0xff,
    0xff, 0x30, 0x00, 0x00, 0x00, 0x00, 0x5f, 0xff,
    0xf0, 0x00, 0x00, 0x00, 0x00, 0x07, 0xff, 0xfe,
    0x00, 0x00, 0x00, 0x00, 0x00, 0x8f, 0xff, 0xd0,
    0x00, 0x00, 0x00, 0x00, 0x08, 0xff, 0xfd, 0x00,
    0x00, 0x00, 0x00, 0x00, 0x8f, 0xff, 0xd0, 0x00,
    0x00, 0x00, 0x00, 0x08, 0xff, 0xfd, 0x00, 0x00,
    0x00, 0x00, 0x00, 0x8f, 0xff, 0xd0, 0x00, 0x00,
    0x00, 0x00, 0x08, 0xff, 0xfd, 0x00, 0x00, 0x00,
    0x00, 0x00, 0x9f, 0xff, 0xc0, 0x00, 0x00, 0x00,
    0x00, 0x0b, 0xff, 0xfa, 0x00, 0x00, 0x00, 0x00,
    0x01, 0xff, 0xff, 0x60, 0x00, 0x00, 0x00, 0x00,
    0x9f, 0xff, 0xf0, 0x00, 0x00, 0x00, 0x02, 0xaf,
    0xff, 0xf7, 0x00, 0x00, 0x00, 0x7f, 0xff, 0xff,
    0xfa, 0x00, 0x00, 0x00, 0x08, 0xff, 0xff, 0xf7,
    0x00, 0x00, 0x00, 0x00, 0x8f, 0xff, 0xff, 0xc1,
    0x00, 0x00, 0x00, 0x04, 0x9d, 0xff, 0xff, 0xe1,
    0x00, 0x00, 0x00, 0x00, 0x05, 0xff, 0xff, 0xa0,
    0x00, 0x00, 0x00, 0x00, 0x06, 0xff, 0xff, 0x20,
    0x00, 0x00, 0x00, 0x00, 0x0e, 0xff, 0xf7, 0x00,
    0x00, 0x00, 0x00, 0x00, 0xaf, 0xff, 0xb0, 0x00,
    0x00, 0x00, 0x00, 0x08, 0xff, 0xfc, 0x00, 0x00,
    0x00, 0x00, 0x00, 0x8f, 0xff, 0xd0, 0x00, 0x00,
    0x00, 0x00, 0x08, 0xff, 0xfd, 0x00, 0x00, 0x00,
    0x00, 0x00, 0x8f, 0xff, 0xd0, 0x00, 0x00, 0x00,
    0x00, 0x08, 0xff, 0xfd, 0x00, 0x00, 0x00, 0x00,
    0x00, 0x8f, 0xff, 0xd0, 0x00, 0x00, 0x00, 0x00,
    0x08, 0xff, 0xfd, 0x00, 0x00, 0x00, 0x00, 0x00,
    0x7f, 0xff, 0xe0, 0x00, 0x00, 0x00, 0x00, 0x04,
    0xff, 0xff, 0x00, 0x00, 0x00, 0x00, 0x00, 0x1f,
    0xff, 0xf4, 0x00, 0x00, 0x00, 0x00, 0x00, 0xcf,
    0xff, 0x90, 0x00, 0x00, 0x00, 0x00, 0x06, 0xff,
    0xff, 0x20, 0x00, 0x00, 0x00, 0x00, 0x0c, 0xff,
    0xfd, 0x10, 0x00, 0x00, 0x00, 0x00, 0x2e, 0xff,
    0xfd, 0x40, 0x00, 0x00, 0x00, 0x00, 0x2e, 0xff,
    0xff, 0x90, 0x00, 0x00, 0x00, 0x00, 0x19, 0xff,
    0xf4, 0x00, 0x00, 0x00, 0x00, 0x00, 0x02, 0x8c,
    0x00,

    /* U+007C "|" */
    0xef, 0xfa, 0xef, 0xfa, 0xef, 0xfa, 0xef, 0xfa,
    0xef, 0xfa, 0xef, 0xfa, 0xef, 0xfa, 0xef, 0xfa,
    0xef, 0xfa, 0xef, 0xfa, 0xef, 0xfa, 0xef, 0xfa,
    0xef, 0xfa, 0xef, 0xfa, 0xef, 0xfa, 0xef, 0xfa,
    0xef, 0xfa, 0xef, 0xfa, 0xef, 0xfa, 0xef, 0xfa,
    0xef, 0xfa, 0xef, 0xfa, 0xef, 0xfa, 0xef, 0xfa,
    0xef, 0xfa, 0xef, 0xfa, 0xef, 0xfa, 0xef, 0xfa,
    0xef, 0xfa, 0xef, 0xfa, 0xef, 0xfa, 0xef, 0xfa,
    0xef, 0xfa, 0xef, 0xfa, 0xef, 0xfa, 0xef, 0xfa,
    0xef, 0xfa, 0xef, 0xfa, 0xef, 0xfa, 0xef, 0xfa,
    0x78, 0x85,

    /* U+007D "}" */
    0x00, 0x00, 0x00, 0x00, 0x00, 0x00, 0x00, 0x00,
    0xdc, 0x50, 0x00, 0x00, 0x00, 0x00, 0x00, 0x2f,
    0xff, 0xd4, 0x00, 0x00, 0x00, 0x00, 0x04, 0xff,
    0xff, 0xf7, 0x00, 0x00, 0x00, 0x00, 0x00, 0x9f,
    0xff, 0xf6, 0x00, 0x00, 0x00, 0x00, 0x00, 0x8f,
    0xff, 0xf2, 0x00, 0x00, 0x00, 0x00, 0x00, 0xcf,
    0xff, 0xb0, 0x00, 0x00, 0x00, 0x00, 0x05, 0xff,
    0xff, 0x10, 0x00, 0x00, 0x00, 0x00, 0x0f, 0xff,
    0xf5, 0x00, 0x00, 0x00, 0x00, 0x00, 0xdf, 0xff,
    0x80, 0x00, 0x00, 0x00, 0x00, 0x0b, 0xff, 0xfa,
    0x00, 0x00, 0x00, 0x00, 0x00, 0xaf, 0xff, 0xb0,
    0x00, 0x00, 0x00, 0x00, 0x0a, 0xff, 0xfb, 0x00,
    0x00, 0x00, 0x00, 0x00, 0xaf, 0xff, 0xb0, 0x00,
    0x00, 0x00, 0x00, 0x0a, 0xff, 0xfb, 0x00, 0x00,
    0x00, 0x00, 0x00, 0xaf, 0xff, 0xb0, 0x00, 0x00,
    0x00, 0x00, 0x0a, 0xff, 0xfb, 0x00, 0x00, 0x00,
    0x00, 0x00, 0x9f, 0xff, 0xc0, 0x00, 0x00, 0x00,
    0x00, 0x07, 0xff, 0xfe, 0x00, 0x00, 0x00, 0x00,
    0x00, 0x3f, 0xff, 0xf2, 0x00, 0x00, 0x00, 0x00,
    0x00, 0xdf, 0xff, 0xb0, 0x00, 0x00, 0x00, 0x00,
    0x05, 0xff, 0xff, 0xa1, 0x00, 0x00, 0x00, 0x00,
    0x09, 0xff, 0xff, 0xfc, 0x70, 0x00, 0x00, 0x00,
    0x06, 0xff, 0xff, 0xfc, 0x00, 0x00, 0x00, 0x00,
    0x5e, 0xff, 0xff, 0xc0, 0x00, 0x00, 0x00, 0x7f,
    0xff, 0xff, 0xd8, 0x00, 0x00, 0x00, 0x5f, 0xff,
    0xfb, 0x20, 0x00, 0x00, 0x00, 0x0d, 0xff, 0xfc,
    0x00, 0x00, 0x00, 0x00, 0x03, 0xff, 0xff, 0x30,
    0x00, 0x00, 0x00, 0x00, 0x7f, 0xff, 0xe0, 0x00,
    0x00, 0x00, 0x00, 0x09, 0xff, 0xfc, 0x00, 0x00,
    0x00, 0x00, 0x00, 0x9f, 0xff, 0xb0, 0x00, 0x00,
    0x00, 0x00, 0x0a, 0xff, 0xfb, 0x00, 0x00, 0x00,
    0x00, 0x00, 0xaf, 0xff, 0xb0, 0x00, 0x00, 0x00,
    0x00, 0x0a, 0xff, 0xfb, 0x00, 0x00, 0x00, 0x00,
    0x00, 0xaf, 0xff, 0xb0, 0x00, 0x00, 0x00, 0x00,
    0x0a, 0xff, 0xfb, 0x00, 0x00, 0x00, 0x00, 0x00,
    0xbf, 0xff, 0xa0, 0x00, 0x00, 0x00, 0x00, 0x0c,
    0xff, 0xf8, 0x00, 0x00, 0x00, 0x00, 0x00, 0xff,
    0xff, 0x50, 0x00, 0x00, 0x00, 0x00, 0x5f, 0xff,
    0xf1, 0x00, 0x00, 0x00, 0x00, 0x0c, 0xff, 0xfb,
    0x00, 0x00, 0x00, 0x00, 0x07, 0xff, 0xff, 0x30,
    0x00, 0x00, 0x00, 0x08, 0xff, 0xff, 0x80, 0x00,
    0x00, 0x00, 0x4e, 0xff, 0xff, 0x80, 0x00, 0x00,
    0x00, 0x03, 0xff, 0xfe, 0x50, 0x00, 0x00, 0x00,
    0x00, 0x0d, 0xd7, 0x00, 0x00, 0x00, 0x00, 0x00,
    0x00, 0x10, 0x00, 0x00, 0x00, 0x00, 0x00, 0x00,

    /* U+007E "~" */
    0x00, 0x00, 0x28, 0xcd, 0xca, 0x40, 0x00, 0x00,
    0x00, 0x00, 0x00, 0x03, 0x33, 0x20, 0x00, 0x7f,
    0xff, 0xff, 0xff, 0xc2, 0x00, 0x00, 0x00, 0x00,
    0x00, 0xff, 0xf9, 0x00, 0x9f, 0xff, 0xff, 0xff,
    0xff, 0xf5, 0x00, 0x00, 0x00, 0x00, 0x2f, 0xff,
    0x70, 0x5f, 0xff, 0xff, 0xff, 0xff, 0xff, 0xf7,
    0x00, 0x00, 0x00, 0x07, 0xff, 0xf4, 0x0e, 0xff,
    0xfb, 0x30, 0x17, 0xff, 0xff, 0xf8, 0x00, 0x00,
    0x01, 0xef, 0xff, 0x05, 0xff, 0xfc, 0x00, 0x00,
    0x02, 0xef, 0xff, 0xfb, 0x20, 0x02, 0xcf, 0xff,
    0x90, 0x9f, 0xff, 0x40, 0x00, 0x00, 0x01, 0xdf,
    0xff, 0xff, 0xdd, 0xff, 0xff, 0xe1, 0x0c, 0xff,
    0xf0, 0x00, 0x00, 0x00, 0x01, 0xcf, 0xff, 0xff,
    0xff, 0xff, 0xf4, 0x00, 0xef, 0xfe, 0x00, 0x00,
    0x00, 0x00, 0x00, 0x8f, 0xff, 0xff, 0xff, 0xe4,
    0x00, 0x03, 0x33, 0x20, 0x00, 0x00, 0x00, 0x00,
    0x00, 0x29, 0xdf, 0xfd, 0x81, 0x00, 0x00
};

/*---------------------
 *  GLYPH DESCRIPTION
 *--------------------*/

static const lv_font_fmt_txt_glyph_dsc_t glyph_dsc[] = {
    {.bitmap_index = 0, .adv_w = 0, .box_w = 0, .box_h = 0, .ofs_x = 0, .ofs_y = 0} /* id = 0 reserved */,
    {.bitmap_index = 0, .adv_w = 191, .box_w = 0, .box_h = 0, .ofs_x = 0, .ofs_y = 0},
    {.bitmap_index = 0, .adv_w = 198, .box_w = 6, .box_h = 34, .ofs_x = 3, .ofs_y = 0},
    {.bitmap_index = 102, .adv_w = 246, .box_w = 10, .box_h = 12, .ofs_x = 3, .ofs_y = 25},
    {.bitmap_index = 162, .adv_w = 473, .box_w = 27, .box_h = 34, .ofs_x = 2, .ofs_y = 0},
    {.bitmap_index = 621, .adv_w = 432, .box_w = 23, .box_h = 46, .ofs_x = 2, .ofs_y = -5},
    {.bitmap_index = 1150, .adv_w = 563, .box_w = 32, .box_h = 34, .ofs_x = 2, .ofs_y = 0},
    {.bitmap_index = 1694, .adv_w = 478, .box_w = 28, .box_h = 34, .ofs_x = 2, .ofs_y = 0},
    {.bitmap_index = 2170, .adv_w = 134, .box_w = 4, .box_h = 12, .ofs_x = 2, .ofs_y = 25},
    {.bitmap_index = 2194, .adv_w = 263, .box_w = 13, .box_h = 51, .ofs_x = 3, .ofs_y = -12},
    {.bitmap_index = 2526, .adv_w = 267, .box_w = 14, .box_h = 51, .ofs_x = 0, .ofs_y = -12},
    {.bitmap_index = 2883, .adv_w = 331, .box_w = 21, .box_h = 20, .ofs_x = 0, .ofs_y = 14},
    {.bitmap_index = 3093, .adv_w = 436, .box_w = 25, .box_h = 25, .ofs_x = 1, .ofs_y = 3},
    {.bitmap_index = 3406, .adv_w = 151, .box_w = 8, .box_h = 13, .ofs_x = 0, .ofs_y = -8},
    {.bitmap_index = 3458, .adv_w = 212, .box_w = 13, .box_h = 4, .ofs_x = 0, .ofs_y = 13},
    {.bitmap_index = 3484, .adv_w = 203, .box_w = 6, .box_h = 6, .ofs_x = 3, .ofs_y = 0},
    {.bitmap_index = 3502, .adv_w = 317, .box_w = 19, .box_h = 38, .ofs_x = 0, .ofs_y = -4},
    {.bitmap_index = 3863, .adv_w = 432, .box_w = 23, .box_h = 34, .ofs_x = 2, .ofs_y = 0},
    {.bitmap_index = 4254, .adv_w = 432, .box_w = 14, .box_h = 34, .ofs_x = 4, .ofs_y = 0},
    {.bitmap_index = 4492, .adv_w = 432, .box_w = 24, .box_h = 34, .ofs_x = 2, .ofs_y = 0},
    {.bitmap_index = 4900, .adv_w = 432, .box_w = 22, .box_h = 34, .ofs_x = 2, .ofs_y = 0},
    {.bitmap_index = 5274, .adv_w = 432, .box_w = 25, .box_h = 34, .ofs_x = 1, .ofs_y = 0},
    {.bitmap_index = 5699, .adv_w = 432, .box_w = 23, .box_h = 34, .ofs_x = 3, .ofs_y = 0},
    {.bitmap_index = 6090, .adv_w = 432, .box_w = 22, .box_h = 34, .ofs_x = 3, .ofs_y = 0},
    {.bitmap_index = 6464, .adv_w = 432, .box_w = 24, .box_h = 34, .ofs_x = 1, .ofs_y = 0},
    {.bitmap_index = 6872, .adv_w = 432, .box_w = 23, .box_h = 34, .ofs_x = 2, .ofs_y = 0},
    {.bitmap_index = 7263, .adv_w = 432, .box_w = 22, .box_h = 34, .ofs_x = 2, .ofs_y = 0},
    {.bitmap_index = 7637, .adv_w = 186, .box_w = 6, .box_h = 26, .ofs_x = 3, .ofs_y = 0},
    {.bitmap_index = 7715, .adv_w = 162, .box_w = 8, .box_h = 33, .ofs_x = 0, .ofs_y = -7},
    {.bitmap_index = 7847, .adv_w = 390, .box_w = 20, .box_h = 22, .ofs_x = 1, .ofs_y = 4},
    {.bitmap_index = 8067, .adv_w = 422, .box_w = 21, .box_h = 14, .ofs_x = 3, .ofs_y = 9},
    {.bitmap_index = 8214, .adv_w = 402, .box_w = 21, .box_h = 22, .ofs_x = 3, .ofs_y = 4},
    {.bitmap_index = 8445, .adv_w = 363, .box_w = 20, .box_h = 34, .ofs_x = 1, .ofs_y = 0},
    {.bitmap_index = 8785, .adv_w = 690, .box_w = 39, .box_h = 45, .ofs_x = 2, .ofs_y = -11},
    {.bitmap_index = 9663, .adv_w = 501, .box_w = 31, .box_h = 34, .ofs_x = 0, .ofs_y = 0},
    {.bitmap_index = 10190, .adv_w = 479, .box_w = 25, .box_h = 34, .ofs_x = 3, .ofs_y = 0},
    {.bitmap_index = 10615, .adv_w = 500, .box_w = 28, .box_h = 34, .ofs_x = 2, .ofs_y = 0},
    {.bitmap_index = 11091, .adv_w = 504, .box_w = 26, .box_h = 34, .ofs_x = 3, .ofs_y = 0},
    {.bitmap_index = 11533, .adv_w = 437, .box_w = 23, .box_h = 34, .ofs_x = 3, .ofs_y = 0},
    {.bitmap_index = 11924, .adv_w = 425, .box_w = 23, .box_h = 34, .ofs_x = 3, .ofs_y = 0},
    {.bitmap_index = 12315, .adv_w = 523, .box_w = 28, .box_h = 34, .ofs_x = 2, .ofs_y = 0},
    {.bitmap_index = 12791, .adv_w = 548, .box_w = 28, .box_h = 34, .ofs_x = 3, .ofs_y = 0},
    {.bitmap_index = 13267, .adv_w = 209, .box_w = 5, .box_h = 34, .ofs_x = 4, .ofs_y = 0},
    {.bitmap_index = 13352, .adv_w = 424, .box_w = 22, .box_h = 34, .ofs_x = 1, .ofs_y = 0},
    {.bitmap_index = 13726, .adv_w = 482, .box_w = 28, .box_h = 34, .ofs_x = 3, .ofs_y = 0},
    {.bitmap_index = 14202, .adv_w = 414, .box_w = 22, .box_h = 34, .ofs_x = 3, .ofs_y = 0},
    {.bitmap_index = 14576, .adv_w = 671, .box_w = 35, .box_h = 34, .ofs_x = 3, .ofs_y = 0},
    {.bitmap_index = 15171, .adv_w = 548, .box_w = 28, .box_h = 34, .ofs_x = 3, .ofs_y = 0},
    {.bitmap_index = 15647, .adv_w = 528, .box_w = 29, .box_h = 34, .ofs_x = 2, .ofs_y = 0},
    {.bitmap_index = 16140, .adv_w = 485, .box_w = 26, .box_h = 34, .ofs_x = 3, .ofs_y = 0},
    {.bitmap_index = 16582, .adv_w = 528, .box_w = 29, .box_h = 40, .ofs_x = 2, .ofs_y = -6},
    {.bitmap_index = 17162, .adv_w = 473, .box_w = 26, .box_h = 34, .ofs_x = 3, .ofs_y = 0},
    {.bitmap_index = 17604, .adv_w = 456, .box_w = 26, .box_h = 34, .ofs_x = 1, .ofs_y = 0},
    {.bitmap_index = 18046, .adv_w = 458, .box_w = 27, .box_h = 34, .ofs_x = 1, .ofs_y = 0},
    {.bitmap_index = 18505, .adv_w = 498, .box_w = 25, .box_h = 34, .ofs_x = 3, .ofs_y = 0},
    {.bitmap_index = 18930, .adv_w = 489, .box_w = 30, .box_h = 34, .ofs_x = 0, .ofs_y = 0},
    {.bitmap_index = 19440, .adv_w = 681, .box_w = 41, .box_h = 34, .ofs_x = 1, .ofs_y = 0},
    {.bitmap_index = 20137, .adv_w = 482, .box_w = 28, .box_h = 34, .ofs_x = 1, .ofs_y = 0},
    {.bitmap_index = 20613, .adv_w = 461, .box_w = 29, .box_h = 34, .ofs_x = 0, .ofs_y = 0},
    {.bitmap_index = 21106, .adv_w = 460, .box_w = 25, .box_h = 34, .ofs_x = 2, .ofs_y = 0},
    {.bitmap_index = 21531, .adv_w = 204, .box_w = 10, .box_h = 47, .ofs_x = 3, .ofs_y = -7},
    {.bitmap_index = 21766, .adv_w = 315, .box_w = 20, .box_h = 38, .ofs_x = 0, .ofs_y = -4},
    {.bitmap_index = 22146, .adv_w = 204, .box_w = 10, .box_h = 47, .ofs_x = 0, .ofs_y = -7},
    {.bitmap_index = 22381, .adv_w = 321, .box_w = 18, .box_h = 17, .ofs_x = 1, .ofs_y = 17},
    {.bitmap_index = 22534, .adv_w = 347, .box_w = 22, .box_h = 4, .ofs_x = 0, .ofs_y = -4},
    {.bitmap_index = 22578, .adv_w = 237, .box_w = 11, .box_h = 7, .ofs_x = 1, .ofs_y = 29},
    {.bitmap_index = 22617, .adv_w = 418, .box_w = 22, .box_h = 26, .ofs_x = 2, .ofs_y = 0},
    {.bitmap_index = 22903, .adv_w = 431, .box_w = 22, .box_h = 37, .ofs_x = 3, .ofs_y = 0},
    {.bitmap_index = 23310, .adv_w = 402, .box_w = 22, .box_h = 26, .ofs_x = 2, .ofs_y = 0},
    {.bitmap_index = 23596, .adv_w = 433, .box_w = 22, .box_h = 37, .ofs_x = 2, .ofs_y = 0},
    {.bitmap_index = 24003, .adv_w = 407, .box_w = 22, .box_h = 26, .ofs_x = 2, .ofs_y = 0},
    {.bitmap_index = 24289, .adv_w = 267, .box_w = 16, .box_h = 37, .ofs_x = 1, .ofs_y = 0},
    {.bitmap_index = 24585, .adv_w = 431, .box_w = 22, .box_h = 37, .ofs_x = 2, .ofs_y = -11},
    {.bitmap_index = 24992, .adv_w = 423, .box_w = 21, .box_h = 36, .ofs_x = 3, .ofs_y = 0},
    {.bitmap_index = 25370, .adv_w = 187, .box_w = 6, .box_h = 34, .ofs_x = 3, .ofs_y = 0},
    {.bitmap_index = 25472, .adv_w = 184, .box_w = 11, .box_h = 45, .ofs_x = -2, .ofs_y = -11},
    {.bitmap_index = 25720, .adv_w = 389, .box_w = 22, .box_h = 37, .ofs_x = 3, .ofs_y = 0},
    {.bitmap_index = 26127, .adv_w = 187, .box_w = 6, .box_h = 37, .ofs_x = 3, .ofs_y = 0},
    {.bitmap_index = 26238, .adv_w = 674, .box_w = 36, .box_h = 26, .ofs_x = 3, .ofs_y = 0},
    {.bitmap_index = 26706, .adv_w = 424, .box_w = 21, .box_h = 26, .ofs_x = 3, .ofs_y = 0},
    {.bitmap_index = 26979, .adv_w = 438, .box_w = 24, .box_h = 26, .ofs_x = 2, .ofs_y = 0},
    {.bitmap_index = 27291, .adv_w = 431, .box_w = 22, .box_h = 36, .ofs_x = 3, .ofs_y = -10},
    {.bitmap_index = 27687, .adv_w = 437, .box_w = 22, .box_h = 36, .ofs_x = 2, .ofs_y = -10},
    {.bitmap_index = 28083, .adv_w = 260, .box_w = 13, .box_h = 26, .ofs_x = 3, .ofs_y = 0},
    {.bitmap_index = 28252, .adv_w = 396, .box_w = 21, .box_h = 26, .ofs_x = 2, .ofs_y = 0},
    {.bitmap_index = 28525, .adv_w = 251, .box_w = 15, .box_h = 32, .ofs_x = 0, .ofs_y = 0},
    {.bitmap_index = 28765, .adv_w = 423, .box_w = 21, .box_h = 26, .ofs_x = 3, .ofs_y = 0},
    {.bitmap_index = 29038, .adv_w = 372, .box_w = 23, .box_h = 26, .ofs_x = 0, .ofs_y = 0},
    {.bitmap_index = 29337, .adv_w = 577, .box_w = 34, .box_h = 26, .ofs_x = 1, .ofs_y = 0},
    {.bitmap_index = 29779, .adv_w = 381, .box_w = 23, .box_h = 26, .ofs_x = 0, .ofs_y = 0},
    {.bitmap_index = 30078, .adv_w = 363, .box_w = 23, .box_h = 37, .ofs_x = 0, .ofs_y = -11},
    {.bitmap_index = 30504, .adv_w = 381, .box_w = 21, .box_h = 26, .ofs_x = 2, .ofs_y = 0},
    {.bitmap_index = 30777, .adv_w = 260, .box_w = 15, .box_h = 47, .ofs_x = 1, .ofs_y = -9},
    {.bitmap_index = 31130, .adv_w = 188, .box_w = 4, .box_h = 41, .ofs_x = 4, .ofs_y = -7},
    {.bitmap_index = 31212, .adv_w = 260, .box_w = 15, .box_h = 48, .ofs_x = 0, .ofs_y = -9},
    {.bitmap_index = 31572, .adv_w = 522, .box_w = 27, .box_h = 10, .ofs_x = 3, .ofs_y = 10}
};

/*---------------------
 *  CHARACTER MAPPING
 *--------------------*/



/*Collect the unicode lists and glyph_id offsets*/
static const lv_font_fmt_txt_cmap_t cmaps[] =
{
    {
        .range_start = 32, .range_length = 95, .glyph_id_start = 1,
        .unicode_list = NULL, .glyph_id_ofs_list = NULL, .list_length = 0, .type = LV_FONT_FMT_TXT_CMAP_FORMAT0_TINY
    }
};

/*-----------------
 *    KERNING
 *----------------*/

/*Pair left and right glyphs for kerning*/
static const uint8_t kern_pair_glyph_ids[] =
{
    1, 53,
    3, 3,
    3, 8,
    8, 3,
    8, 8,
    9, 55,
    9, 56,
    9, 58,
    13, 3,
    13, 8,
    15, 3,
    15, 8,
    16, 16,
    34, 3,
    34, 8,
    34, 32,
    34, 36,
    34, 40,
    34, 48,
    34, 50,
    34, 53,
    34, 54,
    34, 55,
    34, 56,
    34, 58,
    34, 80,
    34, 85,
    34, 86,
    34, 87,
    34, 88,
    34, 90,
    34, 91,
    35, 53,
    35, 55,
    35, 58,
    36, 10,
    36, 53,
    36, 62,
    36, 94,
    37, 13,
    37, 15,
    37, 34,
    37, 53,
    37, 55,
    37, 57,
    37, 58,
    37, 59,
    38, 53,
    38, 68,
    38, 69,
    38, 70,
    38, 71,
    38, 72,
    38, 80,
    38, 82,
    38, 86,
    38, 87,
    38, 88,
    38, 90,
    39, 13,
    39, 15,
    39, 34,
    39, 43,
    39, 53,
    39, 66,
    39, 68,
    39, 69,
    39, 70,
    39, 72,
    39, 80,
    39, 82,
    39, 83,
    39, 86,
    39, 87,
    39, 90,
    41, 34,
    41, 53,
    41, 57,
    41, 58,
    42, 34,
    42, 53,
    42, 57,
    42, 58,
    43, 34,
    44, 14,
    44, 36,
    44, 40,
    44, 48,
    44, 50,
    44, 68,
    44, 69,
    44, 70,
    44, 72,
    44, 78,
    44, 79,
    44, 80,
    44, 81,
    44, 82,
    44, 86,
    44, 87,
    44, 88,
    44, 90,
    45, 34,
    45, 36,
    45, 40,
    45, 48,
    45, 50,
    45, 53,
    45, 54,
    45, 55,
    45, 56,
    45, 58,
    45, 86,
    45, 87,
    45, 88,
    45, 90,
    46, 34,
    46, 53,
    46, 57,
    46, 58,
    47, 34,
    47, 53,
    47, 57,
    47, 58,
    48, 13,
    48, 15,
    48, 34,
    48, 53,
    48, 55,
    48, 57,
    48, 58,
    48, 59,
    49, 13,
    49, 15,
    49, 34,
    49, 43,
    49, 57,
    49, 59,
    49, 66,
    49, 68,
    49, 69,
    49, 70,
    49, 72,
    49, 80,
    49, 82,
    49, 85,
    49, 87,
    49, 90,
    50, 53,
    50, 55,
    50, 56,
    50, 58,
    51, 53,
    51, 55,
    51, 58,
    53, 1,
    53, 13,
    53, 14,
    53, 15,
    53, 34,
    53, 36,
    53, 40,
    53, 43,
    53, 48,
    53, 50,
    53, 52,
    53, 53,
    53, 55,
    53, 56,
    53, 58,
    53, 66,
    53, 68,
    53, 69,
    53, 70,
    53, 72,
    53, 78,
    53, 79,
    53, 80,
    53, 81,
    53, 82,
    53, 83,
    53, 84,
    53, 86,
    53, 87,
    53, 88,
    53, 89,
    53, 90,
    53, 91,
    54, 34,
    55, 10,
    55, 13,
    55, 14,
    55, 15,
    55, 34,
    55, 36,
    55, 40,
    55, 48,
    55, 50,
    55, 62,
    55, 66,
    55, 68,
    55, 69,
    55, 70,
    55, 72,
    55, 80,
    55, 82,
    55, 83,
    55, 86,
    55, 87,
    55, 90,
    55, 94,
    56, 10,
    56, 13,
    56, 14,
    56, 15,
    56, 34,
    56, 53,
    56, 62,
    56, 66,
    56, 68,
    56, 69,
    56, 70,
    56, 72,
    56, 80,
    56, 82,
    56, 83,
    56, 86,
    56, 94,
    57, 14,
    57, 36,
    57, 40,
    57, 48,
    57, 50,
    57, 55,
    57, 68,
    57, 69,
    57, 70,
    57, 72,
    57, 80,
    57, 82,
    57, 86,
    57, 87,
    57, 90,
    58, 7,
    58, 10,
    58, 11,
    58, 13,
    58, 14,
    58, 15,
    58, 34,
    58, 36,
    58, 40,
    58, 43,
    58, 48,
    58, 50,
    58, 52,
    58, 53,
    58, 54,
    58, 55,
    58, 56,
    58, 57,
    58, 58,
    58, 62,
    58, 66,
    58, 68,
    58, 69,
    58, 70,
    58, 71,
    58, 72,
    58, 78,
    58, 79,
    58, 80,
    58, 81,
    58, 82,
    58, 83,
    58, 84,
    58, 85,
    58, 86,
    58, 87,
    58, 89,
    58, 90,
    58, 91,
    58, 94,
    59, 34,
    59, 36,
    59, 40,
    59, 48,
    59, 50,
    59, 68,
    59, 69,
    59, 70,
    59, 72,
    59, 80,
    59, 82,
    59, 86,
    59, 87,
    59, 88,
    59, 90,
    60, 43,
    60, 54,
    66, 3,
    66, 8,
    66, 87,
    66, 90,
    67, 3,
    67, 8,
    67, 87,
    67, 89,
    67, 90,
    67, 91,
    68, 3,
    68, 8,
    70, 3,
    70, 8,
    70, 87,
    70, 90,
    71, 3,
    71, 8,
    71, 10,
    71, 62,
    71, 68,
    71, 69,
    71, 70,
    71, 72,
    71, 82,
    71, 94,
    73, 3,
    73, 8,
    76, 68,
    76, 69,
    76, 70,
    76, 72,
    76, 82,
    78, 3,
    78, 8,
    79, 3,
    79, 8,
    80, 3,
    80, 8,
    80, 87,
    80, 89,
    80, 90,
    80, 91,
    81, 3,
    81, 8,
    81, 87,
    81, 89,
    81, 90,
    81, 91,
    83, 3,
    83, 8,
    83, 13,
    83, 15,
    83, 66,
    83, 68,
    83, 69,
    83, 70,
    83, 71,
    83, 72,
    83, 80,
    83, 82,
    83, 85,
    83, 87,
    83, 88,
    83, 90,
    85, 80,
    87, 3,
    87, 8,
    87, 13,
    87, 15,
    87, 66,
    87, 68,
    87, 69,
    87, 70,
    87, 71,
    87, 72,
    87, 80,
    87, 82,
    88, 13,
    88, 15,
    89, 68,
    89, 69,
    89, 70,
    89, 72,
    89, 80,
    89, 82,
    90, 3,
    90, 8,
    90, 13,
    90, 15,
    90, 66,
    90, 68,
    90, 69,
    90, 70,
    90, 71,
    90, 72,
    90, 80,
    90, 82,
    91, 68,
    91, 69,
    91, 70,
    91, 72,
    91, 80,
    91, 82,
    92, 43,
    92, 54
};

/* Kerning between the respective left and right glyphs
 * 4.4 format which needs to scaled with `kern_scale`*/
static const int8_t kern_pair_values[] =
{
    -14, -38, -38, -38, -38, 7, 6, 8,
    -60, -60, -60, -60, -79, -42, -42, -22,
    -4, -4, -4, -4, -46, -6, -31, -24,
    -33, -4, -6, -4, -18, -12, -18, 4,
    -10, -8, -19, -9, -10, -4, -6, -36,
    -36, -7, -10, -8, -8, -15, -8, 7,
    -7, -7, -7, -6, -7, -7, -7, -6,
    -9, -8, -9, -83, -83, -60, -93, 7,
    -12, -7, -7, -7, -7, -7, -7, -9,
    -8, -8, -8, 6, -10, 6, -10, 6,
    -10, 6, -10, -8, -23, -11, -11, -11,
    -11, -9, -9, -9, -9, -8, -8, -10,
    -8, -9, -8, -14, -22, -14, 7, -23,
    -23, -23, -23, -97, -19, -62, -50, -84,
    -16, -47, -32, -47, 6, -10, 6, -10,
    6, -10, 6, -10, -36, -36, -7, -10,
    -8, -8, -15, -8, -114, -114, -49, -71,
    -11, -9, -4, -5, -5, -5, -5, -5,
    -5, 5, 5, 5, -15, -10, -7, -12,
    -28, -7, -17, -14, -77, -82, -77, -28,
    -10, -10, -85, -10, -10, -6, 6, 6,
    5, 6, -40, -35, -35, -35, -35, -38,
    -38, -35, -38, -35, -26, -41, -34, -25,
    -20, -27, -25, -21, -8, 7, -79, -13,
    -79, -26, -5, -5, -5, -5, 6, -16,
    -16, -16, -16, -16, -16, -16, -11, -10,
    -4, -4, 7, 5, -43, -21, -43, -15,
    5, 4, -12, -11, -11, -11, -11, -11,
    -11, -7, -7, 5, -16, -9, -9, -9,
    -9, 5, -9, -9, -9, -9, -7, -9,
    -7, -11, -11, -11, 7, -17, -74, -18,
    -74, -33, -10, -10, -34, -10, -10, -6,
    6, -34, 6, 6, 5, 6, 6, -26,
    -23, -23, -23, -8, -23, -14, -14, -23,
    -14, -23, -14, -20, -8, -14, -7, -8,
    -7, -11, 7, 5, -9, -9, -9, -9,
    -7, -7, -7, -7, -7, -7, -7, -10,
    -10, -10, -6, -6, -24, -24, -5, -5,
    -10, -10, -4, -5, -4, -5, -4, -4,
    -5, -5, -5, -5, 6, 6, 7, 6,
    -8, -8, -8, -8, -8, 7, -37, -37,
    -7, -7, -7, -7, -7, -37, -37, -37,
    -37, -48, -48, -5, -7, -5, -6, -10,
    -10, -4, -5, -4, -5, 6, 6, -43,
    -43, -14, -7, -7, -7, 5, -7, -7,
    -7, 18, 6, 6, 6, -7, 5, 5,
    -38, -38, -5, -5, -5, -5, 5, -5,
    -5, -5, -44, -44, -7, -7, -7, -7,
    -7, -7, 5, 5, -38, -38, -5, -5,
    -5, -5, 5, -5, -5, -5, -6, -6,
    -6, -6, -6, -6, -7, -7
};

/*Collect the kern pair's data in one place*/
static const lv_font_fmt_txt_kern_pair_t kern_pairs =
{
    .glyph_ids = kern_pair_glyph_ids,
    .values = kern_pair_values,
    .pair_cnt = 406,
    .glyph_ids_size = 0
};

/*--------------------
 *  ALL CUSTOM DATA
 *--------------------*/

#if LVGL_VERSION_MAJOR == 8
/*Store all the custom data of the font*/
static  lv_font_fmt_txt_glyph_cache_t cache;
#endif

#if LVGL_VERSION_MAJOR >= 8
static const lv_font_fmt_txt_dsc_t font_dsc = {
#else
static lv_font_fmt_txt_dsc_t font_dsc = {
#endif
    .glyph_bitmap = glyph_bitmap,
    .glyph_dsc = glyph_dsc,
    .cmaps = cmaps,
    .kern_dsc = &kern_pairs,
    .kern_scale = 17,
    .cmap_num = 1,
    .bpp = 4,
    .kern_classes = 0,
    .bitmap_format = 0,
#if LVGL_VERSION_MAJOR == 8
    .cache = &cache
#endif

};



/*-----------------
 *  PUBLIC FONT
 *----------------*/

/*Initialize a public general font descriptor*/
#if LVGL_VERSION_MAJOR >= 8
const lv_font_t roboto_regular_48_4_data = {
#else
lv_font_t roboto_regular_48_4_data = {
#endif
    .get_glyph_dsc = lv_font_get_glyph_dsc_fmt_txt,    /*Function pointer to get glyph's data*/
    .get_glyph_bitmap = lv_font_get_bitmap_fmt_txt,    /*Function pointer to get glyph's bitmap*/
    .line_height = 53,          /*The maximum line height required by the font*/
    .base_line = 12,             /*Baseline measured from the bottom of the line*/
#if LV_VERSION_CHECK(9, 6, 0) || LVGL_VERSION_MAJOR >= 10
    .cap_height = 34,           /*Cap height of the font*/
    .x_height = 25,               /*x-height of the font*/
#endif
#if !(LVGL_VERSION_MAJOR == 6 && LVGL_VERSION_MINOR == 0)
    .subpx = LV_FONT_SUBPX_NONE,
#endif
#if LV_VERSION_CHECK(7, 4, 0) || LVGL_VERSION_MAJOR >= 8
    .underline_position = -4,
    .underline_thickness = 2,
#endif

#if LV_VERSION_CHECK(9, 3, 0)
    .static_bitmap = 1,    /*Bitmaps are stored as const so they are always static if not compressed */
#endif

    .dsc = &font_dsc,          /*The custom font data. Will be accessed by `get_glyph_bitmap/dsc` */
#if LV_VERSION_CHECK(8, 2, 0) || LVGL_VERSION_MAJOR >= 9
    .fallback = NULL,
#endif
    .user_data = NULL,
};



#endif /*#if ROBOTO_REGULAR_48_4_DATA*/
